symbol,name,price,marketCap,volume,industry
NVDA,NVIDIA Corporation Common Stock,238.9,5757490000000.0,127205459,Technology
AAPL,Apple Inc. Common Stock,332.89,4858256580200.0,34401115,Technology
GOOGL,Alphabet Inc. Class A Common Stock,346.47,4237328100000.0,25630909,Technology
GOOG,Alphabet Inc. Class C Capital Stock,343.83,4205040900000.0,13982279,Technology
MSFT,Microsoft Corporation Common Stock,525.18,3899747980963.0,26604973,Technology
AMZN,Amazon.com Inc. Common Stock,251.4,2711679232001.0,39274004,Consumer Discretionary
SPCX,Space Exploration Technologies Corp. Class A Common Stock,171.09,2322174051821.0,135689485,Technology
META,Meta Platforms Inc. Class A Common Stock,741.9,1889994868328.0,15216007,Technology
AVGO,Broadcom Inc. Common Stock,362.51,1730488562361.0,21481983,Technology
TSLA,Tesla Inc. Common Stock,378.73,1495812084530.0,42233825,Industrials
MU,Micron Technology Inc. Common Stock,1063.96,1201629136938.0,18261752,Technology
BRK/B,Berkshire Hathaway Inc.,504.26,1112554571940.0,3570817,Uncategorized
BRK/A,Berkshire Hathaway Inc.,756376.0,1112533792624.0,227,Uncategorized
LLY,Eli Lilly and Company Common Stock,1143.12,1076084088143.0,1979100,Health Care
AMD,Advanced Micro Devices Inc. Common Stock,631.75,1031316107784.0,13718109,Technology
JPM,JP Morgan Chase & Co. Common Stock,332.38,883527927494.0,5346123,Finance
WMT,Walmart Inc. Common Stock,105.07,833598717542.0,19233246,Consumer Discretionary
XOM,ExxonMobil Holdings Corporation Common Stock,164.0,674353561440.0,12475548,Energy
V,Visa Inc.,369.71,660581274235.0,4525655,Consumer Discretionary
INTC,Intel Corporation Common Stock,116.19,614072226483.0,81332057,Technology
JNJ,Johnson & Johnson Common Stock,252.93,609535652139.0,10032754,Health Care
GOOGM,Alphabet Inc. Depositary Shares representing a 1/20th Interest in a Share of Series A Mandatory Convertible Preferred Stock,49.24,602205200000.0,232847,Technology
GOOGN,Alphabet Inc. Depositary Shares representing a 1/20th Interest in a Share of Series B Mandatory Convertible Preferred Stock,48.85,597435500000.0,567094,Technology
MA,Mastercard Incorporated Common Stock,564.59,494586452025.0,2405179,Consumer Discretionary
ABBV,AbbVie Inc. Common Stock,265.76,469629089662.0,7544513,Health Care
PLTR,Palantir Technologies Inc. Class A Common Stock,189.4,454948929112.0,17710263,Technology
CSCO,Cisco Systems Inc. Common Stock (DE),112.82,444802651012.0,18548145,Telecommunications
LRCX,Lam Research Corporation Common Stock,345.8,432742544380.0,6122806,Technology
ORCL,Oracle Corporation Common Stock,142.48,431928283710.0,18069681,Technology
AMAT,Applied Materials Inc. Common Stock,542.28,430352021390.0,4648544,Technology
COST,Costco Wholesale Corporation Common Stock,923.52,409561545070.0,1955697,Consumer Discretionary
CVX,Chevron Corporation Common Stock,206.47,407937494943.0,6447779,Energy
CAT,Caterpillar Inc. Common Stock,848.14,389868660356.0,2301553,Industrials
BAC,Bank of America Corporation Common Stock,54.0,377608411710.0,34994388,Finance
KO,Coca-Cola Company (The) Common Stock,86.51,372213535012.0,21284546,Consumer Staples
DELL,Dell Technologies Inc. Class C Common Stock ,552.29,351153023698.0,4202036,Technology
MRK,Merck & Company Inc. Common Stock (new),139.54,344269130367.0,9485744,Health Care
UNH,UnitedHealth Group Incorporated Common Stock (DE),378.58,339811457177.0,5828925,Health Care
PG,Procter & Gamble Company (The) Common Stock,145.94,339227760776.0,7039634,Consumer Discretionary
PANW,Palo Alto Networks Inc. Common Stock,406.76,332729680000.0,4450339,Technology
GE,GE Aerospace Common Stock,306.34,317846900232.0,5415185,Technology
MS,Morgan Stanley Common Stock,190.19,298706003075.0,4300766,Finance
PM,Philip Morris International Inc Common Stock,189.53,295404005094.0,5323293,Health Care
NFLX,Netflix Inc. Common Stock,67.5,281065928130.0,36820516,Consumer Discretionary
HD,Home Depot Inc. (The) Common Stock,281.15,280500438350.0,4266254,Consumer Discretionary
CRWD,CrowdStrike Holdings Inc. Class A Common Stock,272.67,279196313368.0,4840944,Technology
KLAC,KLA Corporation Common Stock,206.85,269940592870.0,7986587,Technology
TXN,Texas Instruments Incorporated Common Stock,294.9,269316742601.0,3780014,Technology
GEV,GE Vernova Inc. Common Stock,990.0,263670245190.0,1666975,Technology
ANET,Arista Networks Inc. Common Stock,206.9,260947379671.0,3563020,Telecommunications
GS,Goldman Sachs Group Inc. (The) Common Stock,893.46,260150006192.0,1902523,Finance
TMO,Thermo Fisher Scientific Inc Common Stock,676.76,250230173273.0,2124659,Industrials
SNDK,Sandisk Corporation Common Stock,1704.16,249521404744.0,6502665,Technology
RTX,RTX Corporation Common Stock,184.33,248432258684.0,3387451,Industrials
WFC,Wells Fargo & Company Common Stock,81.44,246274505924.0,12766331,Finance
MRVL,Marvell Technology Inc. Common Stock,271.25,237859125000.0,12895792,Technology
CCZ,Comcast Holdings ZONES,62.9,223209240442.0,3,Telecommunications
LIN,Linde plc Ordinary Shares,482.38,222367611028.0,2798274,Basic Materials
AMGN,Amgen Inc. Common Stock,402.98,217863885375.0,3104127,Health Care
C,Citigroup Inc. Common Stock,128.55,215634498455.0,6604036,Finance
APH,Amphenol Corporation Common Stock,87.27,215204932585.0,9550816,Technology
IBM,International Business Machines Corporation Common Stock,221.58,208758138136.0,6318086,Technology
AXP,American Express Company Common Stock,304.02,205307695429.0,2829316,Finance
ADI,Analog Devices Inc. Common Stock,419.1,203081386382.0,2131322,Technology
VZ,Verizon Communications Inc. Common Stock,45.85,190496443012.0,22516930,Telecommunications
QCOM,QUALCOMM Incorporated Common Stock,180.79,189871790578.0,12302861,Technology
CRM,Salesforce Inc. Common Stock,229.79,189117170000.0,6367942,Technology
DE,Deere & Company Common Stock,682.2,183938456066.0,752952,Industrials
GILD,Gilead Sciences Inc. Common Stock,144.63,179334714068.0,6138331,Health Care
DIS,Walt Disney Company (The) Common Stock,103.61,178902029916.0,7039344,Consumer Discretionary
TMUS,T-Mobile US Inc. Common Stock,164.64,176604654364.0,4296862,Telecommunications
ABT,Abbott Laboratories Common Stock,100.1,173211367930.0,11988863,Health Care
PEP,PepsiCo Inc. Common Stock,125.65,171498624263.0,8830863,Consumer Staples
SCCO,Southern Copper Corporation Common Stock,205.29,171279955925.0,957793,Basic Materials
SCHW,Charles Schwab Corporation (The) Common Stock,97.96,169405726543.0,5874900,Finance
T,AT&T Inc.,24.24,166101828156.0,34253715,Telecommunications
BLK,BlackRock Inc. Common Stock,1066.45,165160321261.0,610669,Finance
MCD,McDonald's Corporation Common Stock,233.04,164908782384.0,5603525,Consumer Discretionary
UNP,Union Pacific Corporation Common Stock,277.06,164594557476.0,2241161,Industrials
WELL,Welltower Inc. Common Stock,224.16,161562188216.0,2449217,Real Estate
WDC,Western Digital Corporation Common Stock,441.64,159229302508.0,11300488,Technology
NEE,NextEra Energy Inc. Common Stock,76.28,159118417783.0,13021498,Utilities
PFE,Pfizer Inc. Common Stock,27.41,156228053074.0,33005489,Health Care
DHR,Danaher Corporation Common Stock,221.21,155507545005.0,3093908,Industrials
COP,ConocoPhillips Common Stock,128.4,154251732304.0,5707677,Energy
BA,Boeing Company (The) Common Stock,192.72,152320110254.0,6504650,Industrials
TJX,TJX Companies Inc. (The) Common Stock,134.41,147847513539.0,9658342,Consumer Discretionary
ISRG,Intuitive Surgical Inc. Common Stock,406.48,143600456886.0,1664644,Health Care
UBER,Uber Technologies Inc. Common Stock,69.48,141917077207.0,17031814,Consumer Discretionary
NOW,ServiceNow Inc. Common Stock,136.08,140706720000.0,7836066,Technology
GLW,Corning Incorporated Common Stock,159.37,137279458311.0,6580991,Industrials
FTNT,Fortinet Inc. Common Stock,184.13,135098694927.0,3062653,Technology
TBB,AT&T Inc. 5.350% Global Notes due 2066,18.87,134927774008.0,146057,Telecommunications
NET,Cloudflare Inc. Class A Common Stock,359.49,128007096745.0,3172629,Technology
MNST,Monster Beverage Corporation,43.51,127857641253.0,10396464,Consumer Staples
VRTX,Vertex Pharmaceuticals Incorporated Common Stock,503.5,127617575234.0,915136,Health Care
PGR,Progressive Corporation (The) Common Stock,212.62,123611265737.0,2775046,Finance
PH,Parker-Hannifin Corporation Common Stock,975.68,123045361067.0,334950,Industrials
NEM,Newmont Corporation,115.82,122038638827.0,4004130,Basic Materials
MPC,Marathon Petroleum Corporation Common Stock,433.47,121729110018.0,2124180,Energy
PLD,Prologis Inc. Common Stock,128.08,121429574080.0,2783401,Real Estate
VLO,Valero Energy Corporation Common Stock,419.33,120736622221.0,2556159,Energy
BMY,Bristol-Myers Squibb Company Common Stock,58.81,120132048919.0,19239537,Health Care
COF,Capital One Financial Corporation Common Stock,195.14,119715430897.0,2489612,Finance
SNOW,Snowflake Inc. Common Stock,338.99,119595672000.0,3271878,Technology
BKNG,Booking Holdings Inc. Common Stock,158.33,118966074565.0,8427877,Consumer Discretionary
LMT,Lockheed Martin Corporation Common Stock,506.63,116925519192.0,1012557,Industrials
SPGI,S&P Global Inc. Common Stock,390.92,115243216000.0,1691181,Finance
MO,Altria Group Inc.,67.88,113342217697.0,9270999,Health Care
MDT,Medtronic plc. Ordinary Shares,87.97,112525760183.0,43694401,Health Care
CVS,CVS Health Corporation Common Stock,87.01,111283211807.0,12009986,Consumer Staples
SYK,Stryker Corporation Common Stock,285.22,109402704180.0,3331603,Health Care
SBUX,Starbucks Corporation Common Stock,94.43,107650200000.0,8825009,Consumer Discretionary
PSX,Phillips 66 Common Stock,269.72,107623921464.0,2004688,Energy
MCK,McKesson Corporation Common Stock,915.45,106732647808.0,697634,Health Care
FCX,Freeport-McMoRan Inc. Common Stock,72.6,104254872170.0,13705196,Basic Materials
ADP,Automatic Data Processing Inc. Common Stock,260.26,103128427882.0,1708141,Technology
HOOD,Robinhood Markets Inc. Class A Common Stock,114.11,102594278172.0,19577812,Finance
EQIX,Equinix Inc. Common Stock REIT,1023.44,100984550320.0,368837,Real Estate
LOW,Lowe's Companies Inc. Common Stock,179.5,100709196411.0,2775578,Consumer Discretionary
PWR,Quanta Services Inc. Common Stock,683.42,100688117564.0,934672,Industrials
DDOG,Datadog Inc. Class A Common Stock,276.415,99253722759.0,2350120,Technology
ABNB,Airbnb Inc. Class A Common Stock,164.07,98242766846.0,4161422,Consumer Discretionary
LITE,Lumentum Holdings Inc. Common Stock,1091.67,97922799000.0,3010157,Telecommunications
VRT,Vertiv Holdings LLC Class A Common Stock,253.62,97640700436.0,4352252,Technology
BNY,The Bank of New York Mellon Corporation Common Stock,143.75,97534970413.0,3861899,Finance
CDNS,Cadence Design Systems Inc. Common Stock,353.48,97345917640.0,1952502,Technology
CME,CME Group Inc. Class A Common Stock,270.03,97097188388.0,1564858,Finance
SO,Southern Company (The) Common Stock,83.79,96388912921.0,6572361,Utilities
CEG,Constellation Energy Corporation Common Stock ,267.62,94819740768.0,3523566,Utilities
APP,Applovin Corporation Class A Common Stock,281.97,94361542470.0,6904075,Technology
HCA,HCA Healthcare Inc. Common Stock,434.92,94160832380.0,1148874,Health Care
SNPS,Synopsys Inc. Common Stock,488.47,93608752472.0,2819075,Technology
ADBE,Adobe Inc. Common Stock,238.785,92935122000.0,3294159,Technology
MAR,Marriott International Class A Common Stock,355.89,92804114236.0,1369755,Consumer Discretionary
HWM,Howmet Aerospace Inc. Common Stock,229.57,91552837168.0,2254069,Industrials
HPE,Hewlett Packard Enterprise Company Common Stock,68.36,90745492292.0,15822710,Technology
EMR,Emerson Electric Company Common Stock,162.33,90547674000.0,2139294,Technology
GD,General Dynamics Corporation Common Stock,331.72,89749232725.0,1379061,Industrials
USB,U.S. Bancorp Common Stock,57.27,89229606312.0,6312782,Finance
DUK,Duke Energy Corporation (Holding Company) Common Stock,113.84,88761297651.0,4226878,Utilities
PNC,PNC Financial Services Group Inc. (The) Common Stock,220.28,87879310967.0,3021478,Finance
CSX,CSX Corporation Common Stock,47.43,87862885313.0,8251494,Industrials
WMB,Williams Companies Inc. (The) Common Stock,70.81,86612488692.0,5803560,Utilities
ELV,Elevance Health Inc. Common Stock,394.51,85557103598.0,712110,Health Care
ICE,Intercontinental Exchange Inc. Common Stock,152.15,85416171197.0,2759338,Finance
BE,Bloom Energy Corporation Class A Common Stock,286.65,84426263731.0,7495215,Energy
MMM,3M Company Common Stock,163.19,84160741230.0,2338452,Health Care
BX,Blackstone Inc. Common Stock,111.65,83807293978.0,4777324,Finance
DASH,DoorDash Inc. Class A Common Stock,191.77,83093545378.0,2920843,Consumer Discretionary
WM,Waste Management Inc. Common Stock,206.66,82605139925.0,2596806,Utilities
MRSH,Marsh Common Stock,170.43,81331116405.0,2114307,Finance
MRNA,Moderna Inc. Common Stock,203.21,81128725004.0,19313353,Health Care
KKR,KKR & Co. Inc. Common Stock,89.96,80751298666.0,4914876,Finance
EPD,Enterprise Products Partners L.P. Common Stock,36.8,79468759819.0,2877198,Utilities
UPS,United Parcel Service Inc. Common Stock,93.14,79241796547.0,4797591,Industrials
CTAS,Cintas Corporation Common Stock,195.4,78065576272.0,1344073,Industrials
WBD,Warner Bros. Discovery Inc. Series A Common Stock ,30.95,77706267568.0,435637453,Telecommunications
ECL,Ecolab Inc. Common Stock,277.07,77670646033.0,940174,Consumer Discretionary
MCO,Moody's Corporation Common Stock,448.15,77619580000.0,943851,Finance
SHW,Sherwin-Williams Company (The) Common Stock,318.46,77308760767.0,1323273,Consumer Discretionary
CMCSA,Comcast Corporation Class A Common Stock,21.57,76544090880.0,31094118,Telecommunications
INTU,Intuit Inc. Common Stock,284.68,76076744480.0,2952366,Technology
AMT,American Tower Corporation (REIT) Common Stock,162.26,75606677388.0,2506068,Real Estate
EOG,EOG Resources Inc. Common Stock,144.08,75574163678.0,2523371,Energy
MSI,Motorola Solutions Inc. Common Stock,455.37,75360906242.0,833979,Technology
ITW,Illinois Tool Works Inc. Common Stock,264.19,75241312000.0,1176662,Industrials
TRV,The Travelers Companies Inc. Common Stock,360.7,75233010435.0,900302,Finance
REGN,Regeneron Pharmaceuticals Inc. Common Stock,726.47,74793710132.0,695029,Health Care
MDLZ,Mondelez International Inc. Class A Common Stock,58.49,74651258254.0,8067326,Consumer Staples
RCL,Royal Caribbean Cruises Ltd. Common Stock,275.03,73557346663.0,3026967,Consumer Discretionary
MPWR,Monolithic Power Systems Inc. Common Stock,1479.89,72726234270.0,685464,Technology
ROST,Ross Stores Inc. Common Stock,226.37,72314600511.0,2589090,Consumer Discretionary
CMI,Cummins Inc. Common Stock,523.37,72049462561.0,802781,Industrials
CI,The Cigna Group Common Stock,271.29,71685801447.0,1536158,Health Care
HLT,Hilton Worldwide Holdings Inc. Common Stock ,316.12,71147519349.0,1424053,Consumer Discretionary
NSC,Norfolk Southern Corporation Common Stock,316.23,71027905794.0,750183,Industrials
BRKRP,Bruker Corporation 6.375% Mandatory Convertible Preferred Stock Series A,466.08,71011630001.0,1261,Industrials
GM,General Motors Company Common Stock,80.23,70397937134.0,6491465,Industrials
CVNA,Carvana Co. Class A Common Stock,63.72,70121551424.0,6993156,Consumer Discretionary
KMI,Kinder Morgan Inc. Common Stock,31.41,69943853615.0,9790817,Utilities
TGT,Target Corporation Common Stock,152.99,69502857641.0,5055314,Consumer Discretionary
TER,Teradyne Inc. Common Stock,444.53,69498153598.0,1679189,Industrials
MSTR,Strategy Inc Common Stock Class A,164.43,69142322203.0,18216599,Technology
CL,Colgate-Palmolive Company Common Stock,86.19,68708326132.0,6005601,Consumer Discretionary
FDX,FedEx Corporation Common Stock,289.13,68428522872.0,1885033,Consumer Discretionary
APO,Apollo Global Management Inc. (New) Common Stock,115.35,68119153391.0,3691708,Finance
ORLY,O'Reilly Automotive Inc. Common Stock,83.9,67871810449.0,8287634,Consumer Discretionary
HON,Honeywell International Inc. Common Stock,214.14,67869533741.0,1744790,Industrials
NOC,Northrop Grumman Corporation Common Stock,476.11,67637627309.0,1201033,Industrials
URI,United Rentals Inc. Common Stock,1074.28,66865861083.0,422360,Consumer Discretionary
DLR,Digital Realty Trust Inc. Common Stock,179.87,66558406977.0,1517927,Real Estate
KEYS,Keysight Technologies Inc. Common Stock,384.17,65402923687.0,850821,Industrials
COHR,Coherent Corp. Common Stock,333.64,65337470555.0,5425910,Technology
AEP,American Electric Power Company Inc. Common Stock,119.73,65180694955.0,3108887,Utilities
RSG,Republic Services Inc. Common Stock,212.83,65171308108.0,1236794,Utilities
SPG,Simon Property Group Inc. Common Stock,201.4,65163275121.0,1040899,Real Estate
ALAB,Astera Labs Inc. Common Stock,362.34,62860592583.0,3256935,Technology
APD,Air Products and Chemicals Inc. Common Stock,279.45,62229471359.0,1090489,Basic Materials
TRGP,Targa Resources Inc. Common Stock,287.4,61627475435.0,1381436,Utilities
MET,MetLife Inc. Common Stock,96.88,61565004688.0,4417271,Finance
BSX,Boston Scientific Corporation Common Stock,42.4,61447331902.0,13744308,Health Care
NTRA,Natera Inc. Common Stock,425.64,61353524519.0,2021834,Health Care
GWW,W.W. Grainger Inc. Common Stock,1286.84,60611376203.0,207546,Industrials
TDG,Transdigm Group Incorporated Common Stock,1092.66,60398447807.0,318283,Industrials
FIX,Comfort Systems USA Inc. Common Stock,1713.07,60290349180.0,257146,Industrials
COR,Cencora Inc. Common Stock,314.93,60097199073.0,1148055,Health Care
SE,Sea Limited American Depositary Shares each representing one Class A Ordinary Share,96.85,59319125956.0,3777550,Consumer Discretionary
OXY,Occidental Petroleum Corporation Common Stock,58.31,58288855103.0,8568373,Energy
AJG,Arthur J. Gallagher & Co. Common Stock,227.24,58241612000.0,1148776,Finance
FAST,Fastenal Company Common Stock,50.69,58166651975.0,5561378,Consumer Discretionary
MPLX,MPLX LP Common Units Representing Limited Partner Interests,57.37,58165047860.0,836755,Energy
AME,AMETEK Inc.,251.92,57755492588.0,1204597,Industrials
AON,Aon plc Class A Ordinary Shares (Ireland),272.05,57708724320.0,1366037,Finance
PCAR,PACCAR Inc. Common Stock,109.36,57563271260.0,2932415,Industrials
NUE,Nucor Corporation Common Stock,251.41,57038813703.0,1586489,Industrials
BKR,Baker Hughes Company Class A Common Stock,57.38,56959638194.0,6665307,Consumer Discretionary
ALL,Allstate Corporation (The) Common Stock,224.71,56819709945.0,1978871,Finance
LNG,Cheniere Energy Inc. Common Stock,274.93,56782436059.0,1683779,Utilities
TFC,Truist Financial Corporation Common Stock,46.33,56597941290.0,10442336,Finance
AFL,AFLAC Incorporated Common Stock,112.38,56340959829.0,1923816,Finance
OKE,ONEOK Inc. Common Stock,88.58,55838145103.0,3638857,Utilities
CIEN,Ciena Corporation Common Stock,389.69,55261364107.0,2474543,Utilities
DAL,Delta Air Lines Inc. Common Stock,83.08,54635321332.0,7562612,Consumer Discretionary
CAH,Cardinal Health Inc. Common Stock,233.12,53981114506.0,1721816,Health Care
D,Dominion Energy Inc. Common Stock,61.02,53668673408.0,4047246,Utilities
DVN,Devon Energy Corporation Common Stock,47.98,52778000000.0,9975057,Energy
PSA,Public Storage Common Stock,281.66,52628817410.0,862281,Real Estate
SOMN,Southern Company (The) 2025 Series A Corporate Units,45.15,51938887915.0,158533,Utilities
FANG,Diamondback Energy Inc. Common Stock,184.08,51546882900.0,2836919,Energy
NDAQ,Nasdaq Inc. Common Stock,92.19,51532123925.0,3662602,Finance
SRE,DBA Sempra Common Stock,78.16,51108851200.0,3599658,Utilities
O,Realty Income Corporation Common Stock,53.77,50878143634.0,8211206,Real Estate
ROK,Rockwell Automation Inc. Common Stock,455.18,50649677927.0,714239,Industrials
NKE,Nike Inc. Common Stock,33.96,50441087833.0,69574962,Consumer Discretionary
EW,Edwards Lifesciences Corporation Common Stock,87.23,50279372000.0,3316112,Health Care
HBANL,Huntington Bancshares Incorporated Depositary Shares Each Representing a 1/40th Interest in a Share of 6.875% Series J Non-Cumulative Perpetual Preferred Stock,24.67,49843633757.0,34495,Finance
COIN,Coinbase Global Inc. Class A Common Stock,188.22,49659385647.0,7828571,Finance
HONA,Honeywell Aerospace Inc. Common Stock ,155.74,49362217392.0,2503430,Industrials
WAB,Westinghouse Air Brake Technologies Corporation Common Stock,291.86,49298320973.0,1003329,Industrials
BDX,Becton Dickinson and Company Common Stock,180.67,49212123156.0,1644970,Health Care
VYLR,Vylor Inc. Common Stock,73.33,48925482680.0,17091307,Consumer Staples
VST,Vistra Corp. Common Stock,144.89,48630183404.0,10862081,Utilities
HUM,Humana Inc. Common Stock,404.07,48520850054.0,1519526,Health Care
STT,State Street Corporation Common Stock,176.37,48449150293.0,1879176,Finance
A,Agilent Technologies Inc. Common Stock,171.29,48291593402.0,1768934,Industrials
CRWV,CoreWeave Inc. Class A Common Stock,87.39,48198783649.0,18240617,Technology
P,Everpure Inc. Class A common stock,143.88,47944736874.0,4961707,Technology
EBAY,eBay Inc. Common Stock,107.14,47677300000.0,2757846,Consumer Discretionary
F,Ford Motor Company Common Stock,12.15,47588434631.0,35691948,Industrials
VMRK,Vivmark Residential Common Shares of Beneficial Interest,60.09,47320875000.0,6674680,Real Estate
SMCIP,Super Micro Computer Inc. Depositary Shares representing a 1/20th Interest in a Share of 7% Series A Mandatory Convertible Preferred Stock,72.0,47301507648.0,1354805,Technology
MDLN,Medline Inc. Class A Common Stock,35.8,47066528214.0,10615140,Health Care
ETR,Entergy Corporation Common Stock,100.82,47045787628.0,2128581,Utilities
PYPL,PayPal Holdings Inc. Common Stock,54.41,46545626154.0,8282194,Industrials
ADSK,Autodesk Inc. Common Stock,221.56,46306040000.0,3224446,Technology
TWLO,Twilio Inc. Class A Common Stock,300.91,46212319450.0,34886905,Technology
FITB,Fifth Third Bancorp Common Stock,50.8,46070142251.0,6862226,Finance
CARR,Carrier Global Corporation Common Stock ,55.73,45939635427.0,4902561,Industrials
VEEV,Veeva Systems Inc. Class A Common Stock,283.45,45893063533.0,1324860,Technology
RKLB,Rocket Lab Corporation Common Stock,73.02,45839016142.0,19107885,Industrials
AZO,AutoZone Inc. Common Stock,2807.73,45837188994.0,219133,Consumer Discretionary
XYZ,Block Inc. Class A Common Stock,76.23,45798602850.0,3871804,Technology
WDAY,Workday Inc. Class A Common Stock,188.96,45539360000.0,2176611,Technology
XEL,Xcel Energy Inc. Common Stock,71.49,44655106536.0,4492688,Utilities
RVMD,Revolution Medicines Inc. Common Stock,207.68,44513387290.0,1425053,Health Care
AMP,Ameriprise Financial Inc. Common Stock,494.94,44493662755.0,579005,Finance
ILMN,Illumina Inc. Common Stock,293.69,44347190000.0,4222950,Health Care
MCHP,Microchip Technology Incorporated Common Stock,81.49,44249778230.0,5831446,Technology
LHX,L3Harris Technologies Inc. Common Stock,236.88,44110518238.0,1273654,Industrials
NTAP,NetApp Inc. Common Stock,223.77,43952680749.0,3365753,Technology
IQV,IQVIA Holdings Inc. Common Stock,266.09,43798414000.0,1688072,Health Care
STRF,Strategy Inc 10.00% Series A Perpetual Strife Preferred Stock,103.4,43479390110.0,78931,Technology
WAT,Waters Corporation Common Stock,440.12,43240958613.0,1007438,Industrials
CBRS,Cerebras Systems Inc. Class A Common Stock,181.55,43129751644.0,15493359,Technology
HEI,Heico Corporation Common Stock,301.57,42146640626.0,480412,Industrials
EXC,Exelon Corporation Common Stock,40.82,42136606933.0,9027409,Utilities
TRI,Thomson Reuters Corporation Common Shares,97.08,42055056000.0,1044390,Consumer Discretionary
KDP,Keurig Dr Pepper Inc. Common Stock,30.89,42035916314.0,11692981,Consumer Staples
STRC,Strategy Inc Variable Rate Series A Perpetual Stretch Preferred Stock,99.48,41831041858.0,1396329,Technology
VTR,Ventas Inc. Common Stock,81.36,41733315768.0,7569484,Real Estate
IDXX,IDEXX Laboratories Inc. Common Stock,527.07,41523162810.0,588918,Health Care
IBKR,Interactive Brokers Group Inc. Class A Common Stock,89.05,40346611128.0,2936429,Finance
LYV,Live Nation Entertainment Inc. Common Stock,170.67,40215630886.0,2832380,Consumer Discretionary
MSCI,MSCI Inc. Common Stock,552.35,40155845000.0,488085,Consumer Discretionary
CRDO,Credo Technology Group Holding Ltd Ordinary Shares,212.48,39936023537.0,7747824,Technology
ADM,Archer-Daniels-Midland Company Common Stock,82.47,39747206810.0,4388653,Consumer Staples
AIG,American International Group Inc. New Common Stock,75.12,39279734855.0,4452237,Finance
HBANM,Huntington Bancshares Incorporated Depositary Shares each representing a 1/1000th interest in a share of Huntington Series I Preferred Stock,19.38,39155639328.0,9308,Finance
PRU,Prudential Financial Inc. Common Stock,113.48,39150600000.0,1487467,Finance
BTSGU,BrightSpring Health Services Inc. Tangible Equity Unit,197.35,39048507961.0,738,Health Care
CMG,Chipotle Mexican Grill Inc. Common Stock,30.85,39038145300.0,23621729,Consumer Discretionary
ARES,Ares Management Corporation Class A Common Stock,117.13,38685371833.0,1688668,Finance
ED,Consolidated Edison Inc. Common Stock,103.38,38232884080.0,2095514,Utilities
OKTA,Okta Inc. Class A Common Stock,218.29,38161660373.0,3150159,Technology
TTWO,Take-Two Interactive Software Inc. Common Stock,203.46,38043040933.0,2231075,Technology
MCHPP,Microchip Technology Incorporated Depositary Shares Each Representing a 1/20th Interest in a Share of 7.50% Series A Mandatory Convertible Preferred Stock,69.26,37608781939.0,150148,Technology
SYY,Sysco Corporation Common Stock,76.38,37573415805.0,5342545,Consumer Discretionary
HBANZ,Huntington Bancshares Incorporated Depositary Shares Each Representing a 1/1000th Interest in a Share of 5.50% Series L Non-Cumulative Perpetual Preferred Stock,18.57,37519103319.0,31145,Finance
CBRE,CBRE Group Inc Common Stock Class A,129.4,37471043561.0,2003834,Finance
YUM,Yum! Brands Inc.,136.97,37379261612.0,3172007,Consumer Discretionary
DHI,D.R. Horton Inc. Common Stock,133.23,37264599802.0,4891101,Consumer Discretionary
ODFL,Old Dominion Freight Line Inc. Common Stock,179.37,37193557288.0,2082165,Industrials
UI,Ubiquiti Inc. Common Stock,609.29,36879337259.0,109058,Technology
VIK,Viking Holdings Ltd Ordinary Shares,81.03,36122042740.0,3327461,Consumer Discretionary
ROP,Roper Technologies Inc. Common Stock,363.38,35938599594.0,712174,Industrials
UAL,United Airlines Holdings Inc. Common Stock,110.0,35704214920.0,4935516,Consumer Discretionary
PAYX,Paychex Inc. Common Stock,99.78,35519731596.0,2740930,Industrials
KR,Kroger Company (The) Common Stock,58.78,34714803786.0,6480457,Consumer Staples
STLD,Steel Dynamics Inc.,241.04,34547802332.0,1064616,Industrials
MLM,Martin Marietta Materials Inc. Common Stock,485.5,34480370701.0,707454,Industrials
EME,EMCOR Group Inc. Common Stock,779.2,34370434859.0,396354,Industrials
CCL,Carnival Corporation Ltd. Common Shares,25.56,34368234897.0,22061701,Consumer Discretionary
PEG,Public Service Enterprise Group Incorporated Common Stock,68.68,34231487660.0,5451934,Utilities
HIG,The Hartford Insurance Group Inc. Common Stock,126.21,34186755372.0,2417159,Finance
EL,Estee Lauder Companies Inc. (The) Common Stock,93.3,33804714908.0,2787205,Consumer Discretionary
PPLC,PPL Corporation Corporate Units,44.81,33721534325.0,8051,Utilities
VG,Venture Global Inc. Class A common stock,13.45,33626248846.0,11018462,Utilities
TKO,TKO Group Holdings Inc. Class A Common Stock,177.04,33508309990.0,1423901,Consumer Discretionary
AXON,Axon Enterprise Inc. Common Stock,411.81,33454379871.0,1055136,Industrials
ON,ON Semiconductor Corporation Common Stock,85.93,33454148415.0,11339616,Technology
IRM,Iron Mountain Incorporated (Delaware)Common Stock REIT,112.33,33440956872.0,1818315,Real Estate
KVUE,Kenvue Inc. Common Stock,17.39,33402250591.0,13931248,Consumer Discretionary
PCG,Pacific Gas & Electric Co. Common Stock,12.35,33099364626.0,30659057,Utilities
RKT,Rocket Companies Inc. Class A Common Stock,11.68,33073583477.0,27041808,Finance
BIIB,Biogen Inc. Common Stock,223.59,33036316413.0,951321,Health Care
WEC,WEC Energy Group Inc. Common Stock,101.3,33008542498.0,2765255,Utilities
ZS,Zscaler Inc. Common Stock,201.8,32904438056.0,2389315,Technology
DXCM,DexCom Inc. Common Stock,86.9,32792650479.0,3079594,Health Care
RPRX,Royalty Pharma plc Class A Ordinary Shares ,56.66,32579568219.0,3958232,Health Care
HSY,The Hershey Company Common Stock,161.01,32351040034.0,1594374,Consumer Staples
STRK,Strategy Inc 8.00% Series A Perpetual Strike Preferred Stock,76.85,32315194681.0,80895,Technology
EQT,EQT Corporation Common Stock,51.12,31976377920.0,8515405,Energy
RBLX,Roblox Corporation Class A Common Stock,44.58,31846879450.0,10106762,Technology
VMC,Vulcan Materials Company (Holding Company) Common Stock,245.57,31820650936.0,1015546,Industrials
CNC,Centene Corporation Common Stock,64.3,31763878500.0,4539421,Health Care
KMB,Kimberly-Clark Corporation Common Stock,95.41,31731366016.0,3158563,Consumer Discretionary
SUNB,Sunbelt Rentals Holdings Inc. Common Stock,77.39,31711705379.0,4352324,Consumer Discretionary
JBL,Jabil Inc. Common Stock,300.94,31534626564.0,1045961,Technology
MTB,M&T Bank Corporation Common Stock,218.26,31520293344.0,1206400,Finance
HBANP,Huntington Bancshares Incorporated Depositary Shares 4.500% Series H Non-Cumulative Perpetual Preferred Stock,15.58,31478062989.0,128359,Finance
RMD,ResMed Inc. Common Stock,222.86,31342861695.0,976466,Health Care
NTRS,Northern Trust Corporation Common Stock,170.67,31225041298.0,995068,Finance
STRD,Strategy Inc 10.00% Series A Perpetual Stride Preferred Stock,73.65,30969604271.0,57022,Technology
RJF,Raymond James Financial Inc. Common Stock,160.8,30931763129.0,1099118,Finance
HBAN,Huntington Bancshares Incorporated Common Stock,15.29,30892142690.0,19460602,Finance
CQP,Cheniere Energy Partners LP Common Units,63.26,30621490355.0,81041,Utilities
IR,Ingersoll Rand Inc. Common Stock,78.55,30477355148.0,4305500,Industrials
AGNCN,AGNC Investment Corp. Depositary Shares Each Representing a 1/1000th Interest in a Share of 7.00% Series C Fixed-To-Floating Rate Cumulative Redeemable Preferred Stock,25.3414,30041759541.0,28808,Real Estate
AGNCO,AGNC Investment Corp. Depositary Shares each representing a 1/1000th interest in a share of 6.50% Series E Fixed-to-Floating Cumulative Redeemable Preferred Stock,25.19,29862277650.0,22797,Real Estate
EXPE,Expedia Group Inc. Common Stock,260.17,29788395961.0,1292814,Consumer Discretionary
AGNCL,AGNC Investment Corp. Depositary Shares Each Representing a 1/1000th Interest in a Share of 7.75% Series G Fixed-Rate Reset Cumulative Redeemable Preferred Stock,25.12,29779293949.0,21782,Real Estate
GEHC,GE HealthCare Technologies Inc. Common Stock ,65.74,29693854206.0,4299794,Health Care
AGNCM,AGNC Investment Corp. Depositary Shares rep 6.875% Series D Fixed-to-Floating Cumulative Redeemable Preferred Stock,24.92,29542197659.0,33600,Real Estate
ZTS,Zoetis Inc. Class A Common Stock,71.41,29508297419.0,3645121,Health Care
AGNCP,AGNC Investment Corp. Depositary Shares Each Representing a 1/1000th Interest in a Share of 6.125% Series F Fixed-to-Floating Rate Cumulative Redeemable Preferred Stock,24.83,29435504329.0,134530,Real Estate
ALNY,Alnylam Pharmaceuticals Inc. Common Stock,219.89,29423286957.0,1281106,Health Care
AGNCZ,AGNC Investment Corp. Depositary Shares Each Representing a 1/1000th Interest in a Share of 8.75% Series H Fixed-Rate Cumulative Redeemable Preferred Stock,24.66,29233972483.0,165264,Real Estate
RDDT,Reddit Inc. Class A Common Stock,150.42,28940283034.0,5203382,Technology
MDB,MongoDB Inc. Class A Common Stock,359.23,28938254377.0,2947055,Technology
CCI,Crown Castle Inc. Common Stock,67.58,28752278568.0,3258030,Real Estate
TDY,Teledyne Technologies Incorporated Common Stock,619.64,28723829218.0,169567,Industrials
ECHO,EchoStar  Corporation Common Stock,98.21,28561024039.0,6795863,Consumer Discretionary
HPQ,HP Inc. Common Stock,31.47,28379361794.0,8913074,Technology
SMCI,Super Micro Computer Inc. Common Stock,43.19,28374334935.0,22119848,Technology
WSM,Williams-Sonoma Inc. Common Stock (DE),238.7,28113888595.0,1202957,Consumer Discretionary
EXR,Extra Space Storage Inc Common Stock,132.91,28079836954.0,1118329,Real Estate
AEE,Ameren Corporation Common Stock,99.7,27601272125.0,2467350,Utilities
Q,Qnity Electronics Inc. Common Stock,131.53,27517199661.0,1901967,Technology
ZM,Zoom Communications Inc. Class A Common Stock,93.62,27316791024.0,2103740,Technology
HAL,Halliburton Company Common Stock,32.78,27310013430.0,9045708,Energy
CFG,Citizens Financial Group Inc. Common Stock,64.31,27085879236.0,3489209,Finance
GFS,GlobalFoundries Inc. Ordinary Shares,48.56,27068247362.0,4463854,Technology
FTS,Fortis Inc. Common Shares,52.57,26858013000.0,854455,Utilities
SYF,Synchrony Financial Common Stock,71.88,26743496550.0,2213288,Finance
ATO,Atmos Energy Corporation Common Stock,158.05,26708640802.0,857451,Utilities
FOXA,Fox Corporation Class A Common Stock,63.33,26704590481.0,5044025,Industrials
WST,West Pharmaceutical Services Inc. Common Stock,376.76,26514772091.0,683349,Health Care
VRSN,VeriSign Inc. Common Stock,292.26,26391078000.0,1136248,Technology
CPAY,Corpay Inc. Common Stock,401.72,26376774110.0,481384,Consumer Discretionary
DG,Dollar General Corporation Common Stock,119.32,26323995383.0,1717655,Consumer Discretionary
ATI,ATI Inc. Common Stock,193.09,26293139253.0,1529462,Industrials
CTSH,Cognizant Technology Solutions Corporation Class A Common Stock,58.17,26202339638.0,3478374,Technology
LPLA,LPL Financial Holdings Inc. Common Stock,331.98,26140865434.0,1350625,Finance
DTE,DTE Energy Company Common Stock,125.04,26019332148.0,1852202,Utilities
FFIV,F5 Inc. Common Stock,458.53,25965261762.0,378070,Telecommunications
SYM,Symbotic Inc. Class A Common Stock,42.87,25927849222.0,1365076,Industrials
WRB,W.R. Berkley Corporation Common Stock,69.77,25900544698.0,2316593,Finance
KHC,The Kraft Heinz Company Common Stock,21.84,25898390875.0,16426934,Consumer Staples
DOV,Dover Corporation Common Stock,191.3,25764327043.0,915166,Industrials
SN,SharkNinja Inc. Ordinary Shares,182.69,25735823835.0,1292320,Consumer Discretionary
DGX,Quest Diagnostics Incorporated Common Stock,232.22,25630901659.0,1014604,Health Care
CPRT,Copart Inc. (DE) Common Stock,27.65,25613036998.0,11328674,Consumer Discretionary
CPNG,Coupang Inc. Class A Common Stock,14.2,25524666168.0,34506738,Consumer Discretionary
ENTG,Entegris Inc. Common Stock,166.92,25505376000.0,2274468,Industrials
RBRK,Rubrik Inc. Class A Common Stock,122.68,25432107840.0,4109093,Technology
AWK,American Water Works Company Inc. Common Stock,127.84,25405513954.0,1821129,Utilities
HUBB,Hubbell Inc Common Stock,480.65,25393975251.0,399964,Technology
FE,FirstEnergy Corp. Common Stock,43.64,25251846632.0,4334688,Utilities
EXPD,Expeditors International of Washington Inc. Common Stock,194.12,25233779543.0,1633321,Industrials
AFRM,Affirm Holdings Inc. Class A Common Stock,74.75,25222238886.0,4263755,Finance
GH,Guardant Health Inc. Common Stock,187.22,25124206947.0,1746863,Health Care
OTIS,Otis Worldwide Corporation Common Stock ,65.88,25078496053.0,5737185,Technology
MTSI,MACOM Technology Solutions Holdings Inc. Common Stock,328.3,25072576647.0,1187189,Technology
TW,Tradeweb Markets Inc. Class A Common Stock,107.11,25066767143.0,1721924,Finance
LH,Labcorp Holdings Inc. Common Stock,308.65,25031515000.0,706202,Health Care
CINF,Cincinnati Financial Corporation Common Stock,162.14,24884930216.0,607609,Finance
CNP,CenterPoint Energy Inc (Holding Co) Common Stock,37.75,24866690872.0,7442025,Utilities
IOT,Samsara Inc. Class A Common Stock,42.39,24823804810.0,8076860,Technology
VICI,VICI Properties Inc. Common Stock,22.53,24807277472.0,8932061,Real Estate
PPL,PPL Corporation Common Stock,32.95,24796352511.0,6790622,Utilities
FISV,Fiserv Inc. Common Stock,46.14,24535716507.0,5899367,Consumer Discretionary
ES,Eversource Energy (D/B/A) Common Stock,64.69,24367089836.0,2325204,Utilities
XYL,Xylem Inc. Common Stock New,102.42,23913719285.0,1786709,Industrials
FOX,Fox Corporation Class B Common Stock,56.7,23908894367.0,1055506,Industrials
FWONK,Liberty Media Corporation Series C Common Stock,95.0,23817306075.0,3600874,Industrials
TPL,Texas Pacific Land Corporation Common Stock,344.67,23773503990.0,270808,Energy
PFG,Principal Financial Group Inc Common Stock,111.03,23772038290.0,1403035,Finance
LVS,Las Vegas Sands Corp. Common Stock,36.61,23712340346.0,5863778,Consumer Discretionary
FCNCA,First Citizens BancShares Inc. Class A Common Stock,2091.07,23614704438.0,67418,Finance
VLTO,Veralto Corp Common Stock ,96.57,23543123230.0,2269739,Industrials
PPG,PPG Industries Inc. Common Stock,105.27,23401521000.0,1588575,Consumer Discretionary
TPR,Tapestry Inc. Common Stock,116.95,23360811853.0,2495512,Consumer Discretionary
ULTA,Ulta Beauty Inc. Common Stock,542.72,23205334661.0,305940,Consumer Discretionary
INCY,Incyte Corp. Common Stock,114.13,23133893751.0,1949225,Health Care
RF,Regions Financial Corporation Common Stock,27.07,23061731727.0,10662868,Finance
UTHR,United Therapeutics Corporation Common Stock,536.4,23006567189.0,834185,Health Care
CASY,Casey's General Stores Inc. Common Stock,617.33,22816619894.0,607444,Consumer Discretionary
ROKU,Roku Inc. Class A Common Stock,153.41,22768954034.0,1953333,Telecommunications
ASTS,AST SpaceMobile Inc. Class A Common Stock,58.44,22742948349.0,8123747,Consumer Discretionary
CHD,Church & Dwight Company Inc. Common Stock,95.66,22690925744.0,2011715,Consumer Discretionary
INSM,Insmed Incorporated Common Stock,103.83,22674551456.0,5395745,Health Care
DRI,Darden Restaurants Inc. Common Stock,199.72,22596964697.0,1046754,Consumer Discretionary
TROW,T. Rowe Price Group Inc. Common Stock,103.93,22169916291.0,1848861,Finance
SNX,TD SYNNEX Corporation Common Stock,277.28,22120708250.0,1010255,Technology
PS,Pershing Square Inc. Common Stock,54.87,21948000000.0,178554,Finance
FWONA,Liberty Media Corporation Series A Common Stock,87.49,21934485353.0,331316,Industrials
RL,Ralph Lauren Corporation Common Stock,365.54,21779691644.0,446257,Industrials
GPN,Global Payments Inc. Common Stock,82.18,21746339290.0,2421725,Consumer Discretionary
L,Loews Corporation Common Stock,105.67,21601877172.0,1129961,Finance
JBHT,J.B. Hunt Transport Services Inc. Common Stock,229.74,21576018086.0,816805,Industrials
KEY,KeyCorp Common Stock,20.18,21534654220.0,12633397,Finance
XPO,XPO Inc. Common Stock,182.86,21410430990.0,1375393,Consumer Discretionary
MKL,Markel Group Inc. Common Stock,1726.58,21392253684.0,120489,Finance
PHM,PulteGroup Inc. Common Stock,113.98,21365840509.0,1604168,Consumer Discretionary
SITM,SiTime Corporation Common Stock,710.04,21351638401.0,259187,Technology
VRSK,Verisk Analytics Inc. Common Stock,163.28,21251873639.0,1078063,Technology
IFF,International Flavors & Fragrances Inc. Common Stock,83.26,21243785919.0,1646171,Industrials
DLTR,Dollar Tree Inc. Common Stock,113.19,21237873544.0,2194100,Consumer Discretionary
CRCL,Circle Internet Group Inc. Class A Common Stock,83.3,21147860887.0,9517801,Finance
RIVN,Rivian Automotive Inc. Class A Common Stock,14.6,21138765198.0,26154455,Industrials
ARXS,Arxis Inc. Class A Common Stock,50.13,20927990168.0,1081113,Industrials
THC,Tenet Healthcare Corporation Common Stock,259.47,20892264930.0,693189,Health Care
EIX,Edison International Common Stock,54.24,20872310221.0,4791192,Utilities
PTC,PTC Inc. Common Stock,192.26,20861413740.0,29553328,Technology
RS,Reliance Inc. Common Stock,408.24,20842511533.0,380389,Industrials
SOJC,Southern Company (The) Series 2017B 5.25% Junior Subordinated Notes due December 1 2077,18.77,20647889829.0,38852,Utilities
OMC,Omnicom Group Inc. Common Stock,75.25,20644534017.0,2358592,Consumer Discretionary
BG,Bunge Limited Common Shares,107.32,20618224280.0,1835588,Consumer Staples
DOW,Dow Inc. Common Stock ,28.51,20593933671.0,7164939,Industrials
STE,STERIS plc (Ireland) Ordinary Shares,211.07,20579348218.0,804193,Health Care
SOFI,SoFi Technologies Inc. Common Stock  ,15.92,20561799558.0,48168367,Finance
DINO,HF Sinclair Corporation Common Stock,115.22,20484255082.0,2256283,Energy
LUV,Southwest Airlines Company Common Stock,41.85,20473363212.0,5795367,Consumer Discretionary
USFD,US Foods Holding Corp. Common Stock,94.63,20471376317.0,2193142,Consumer Discretionary
PKG,Packaging Corporation of America Common Stock,229.31,20431130944.0,489675,Consumer Discretionary
BRO,Brown & Brown Inc. Common Stock,60.93,20387809052.0,2263055,Finance
NRG,NRG Energy Inc. Common Stock,96.8,20348374754.0,3223453,Utilities
VTRS,Viatris Inc. Common Stock,17.62,20238171024.0,6357202,Health Care
AQNB,Algonquin Power & Utilities Corp. 6.20% Fixed-to-Floating Subordinated Notes Series 2019-A due July 1 2079,26.31,20206737776.0,11292,Utilities
U,Unity Software Inc. Common Stock,45.68,20103262459.0,8743047,Technology
CMS,CMS Energy Corporation Common Stock,64.03,20078344018.0,5368857,Utilities
EXE,Expand Energy Corporation Common Stock,86.43,20008872483.0,2396550,Energy
CW,Curtiss-Wright Corporation Common Stock,540.79,19973777971.0,379602,Technology
NTNX,Nutanix Inc. Class A Common Stock,73.41,19862556840.0,3373757,Technology
RGLD,Royal Gold Inc. Common Stock,233.64,19795816509.0,701209,Industrials
WWD,Woodward Inc. Common Stock,332.96,19659896227.0,782200,Energy
SOJD,Southern Company (The) Series 2020A 4.95% Junior Subordinated Notes due January 30 2080,17.766,19543442233.0,116820,Utilities
CRS,Carpenter Technology Corporation Common Stock,392.2,19436869585.0,927748,Industrials
STZ,Constellation Brands Inc. Common Stock,113.31,19350904357.0,2944776,Consumer Staples
SNA,Snap-On Incorporated Common Stock,367.4,19004545358.0,224222,Consumer Discretionary
MKSI,MKS Inc. Common Stock,280.5,18966725019.0,1125353,Industrials
NI,NiSource Inc Common Stock,39.55,18966601955.0,4073110,Utilities
FSLR,First Solar Inc. Common Stock,176.16,18931877854.0,1542145,Technology
LSCC,Lattice Semiconductor Corporation Common Stock,132.85,18868721635.0,2260824,Technology
WES,Western Midstream Partners LP Common Units Representing Limited Partner Interests,45.59,18836629695.0,514990,Utilities
NDSN,Nordson Corporation Common Stock,334.43,18627538971.0,333834,Industrials
PR,Permian Resources Corporation Class A Common Stock,22.23,18618892755.0,8498122,Energy
SSNC,SS&C Technologies Holdings Inc. Common Stock,79.08,18556517084.0,1347541,Technology
ITT,ITT Inc. Common Stock ,206.2,18434280000.0,727066,Industrials
WCC,WESCO International Inc. Common Stock,377.09,18376671915.0,555903,Consumer Discretionary
BBY,Best Buy Co. Inc. Common Stock,87.39,18328103528.0,2926589,Consumer Discretionary
EVRG,Evergy Inc. Common Stock,79.09,18235557633.0,1951102,Utilities
TSN,Tyson Foods Inc. Common Stock,51.71,18191656186.0,3965520,Consumer Staples
SMTC,Semtech Corporation Common Stock,192.83,17995980462.0,1858825,Technology
BR,Broadridge Financial Solutions Inc. Common Stock,159.08,17960137091.0,702139,Consumer Discretionary
ZBRA,Zebra Technologies Corporation Class A Common Stock,375.66,17772722536.0,348647,Industrials
LEN,Lennar Corporation Class A Common Stock,74.44,17709293791.0,10671671,Consumer Discretionary
DD,DuPont de Nemours Inc. Common Stock,130.69,17648766403.0,700667,Industrials
MTZ,MasTec Inc. Common Stock,219.4,17618905591.0,1301408,Industrials
APG,APi Group Corporation Common Stock,40.66,17571637676.0,4447466,Consumer Discretionary
RVTY,Revvity Inc. Common Stock,157.36,17559236061.0,1551512,Industrials
CF,CF Industries Holdings Inc. Common Stock,116.02,17558249843.0,2089372,Industrials
SOJE,Southern Company (The) Series 2020C 4.20% Junior Subordinated Notes due October 15 2060,16.04,17556834421.0,124649,Utilities
CDE,Coeur Mining Inc. Common Stock,17.05,17526291716.0,28525203,Basic Materials
ESS,Essex Property Trust Inc. Common Stock,271.93,17476516617.0,437664,Real Estate
ZBH,Zimmer Biomet Holdings Inc. Common Stock,91.57,17465850182.0,2293176,Health Care
GPC,Genuine Parts Company Common Stock,126.24,17403415850.0,707948,Consumer Discretionary
DT,Dynatrace Inc. Common Stock,60.21,17400818127.0,5992171,Technology
EWBC,East West Bancorp Inc. Common Stock,126.84,17378583815.0,929792,Finance
TOST,Toast Inc. Class A Common Stock,30.04,17363120000.0,12415187,Technology
IEX,IDEX Corporation Common Stock,235.29,17345554330.0,691958,Industrials
FTV,Fortive Corporation Common Stock ,57.38,17329738444.0,3653129,Industrials
MEDP,Medpace Holdings Inc. Common Stock,620.51,17319461044.0,341302,Health Care
FIS,Fidelity National Information Services Inc. Common Stock,33.58,17317404693.0,7942865,Consumer Discretionary
NWS,News Corporation Class B Common Stock,32.0,17294272096.0,922614,Consumer Discretionary
SBAC,SBA Communications Corporation Class A Common Stock,161.82,17167177960.0,848666,Real Estate
BURL,Burlington Stores Inc. Common Stock,271.81,17073798153.0,1150218,Consumer Discretionary
CLH,Clean Harbors Inc. Common Stock,322.37,17017025138.0,480825,Industrials
IP,International Paper Company Common Stock,32.05,16972715135.0,6675345,Basic Materials
GIS,General Mills Inc. Common Stock,31.68,16938888722.0,12395184,Consumer Staples
FTAI,FTAI Aviation Ltd. Common Stock,164.7,16915857888.0,738036,Industrials
PAA,Plains All American Pipeline L.P. Common Units representing Limited Partner Interests,23.91,16870094059.0,1723029,Energy
TPG,TPG Inc. Class A Common Stock,44.5,16817385087.0,1989841,Finance
EFX,Equifax Inc. Common Stock,142.6,16753346170.0,2552699,Finance
CDW,CDW Corporation Common Stock,133.92,16742333690.0,1098303,Consumer Discretionary
BEN,Franklin Templeton Inc. Common Stock,32.88,16705568801.0,3449465,Finance
FDXF,FedEx Freight Holding Company Inc. Common Stock,111.58,16683233280.0,1477683,Consumer Discretionary
LNT,Alliant Energy Corporation Common Stock,64.29,16669413299.0,2983871,Utilities
CHRW,C.H. Robinson Worldwide Inc. Common Stock,140.61,16430455387.0,8660863,Industrials
RGA,Reinsurance Group of America Incorporated Common Stock,251.04,16393329982.0,481296,Finance
IONQ,IonQ Inc. Common Stock,42.97,16371669433.0,16464612,Technology
TSCO,Tractor Supply Company Common Stock,31.42,16371081105.0,16718829,Consumer Discretionary
J,Jacobs Solutions Inc. Common Stock,138.67,16229744187.0,604871,Industrials
RBC,RBC Bearings Incorporated Common Stock,512.58,16227895802.0,300162,Industrials
BMNR,BitMine Immersion Technologies Inc. Common Stock,26.79,16160435095.0,29133640,Finance
DOCN,DigitalOcean Holdings Inc. Common Stock,137.23,16135441647.0,1764104,Technology
STRL,Sterling Infrastructure Inc. Common Stock,523.33,16007889125.0,510935,Industrials
ONTO,Onto Innovation Inc. Common Stock,325.41,15969250716.0,796275,Industrials
NVR,NVR Inc. Common Stock,5970.21,15909773821.0,55696,Consumer Discretionary
TLN,Talen Energy Corporation Common Stock,331.87,15901305134.0,1106077,Utilities
DUKB,Duke Energy Corporation 5.625% Junior Subordinated Debentures due 2078,20.12,15687608123.0,42556,Utilities
NWSA,News Corporation Class A Common Stock,28.95,15645911787.0,3584181,Consumer Discretionary
CRBG,Corebridge Financial Inc. Common Stock,34.84,15530714666.0,3584600,Finance
AKAM,Akamai Technologies Inc. Common Stock,107.99,15519956606.0,3622555,Consumer Discretionary
INVH,Invitation Homes Inc. Common Stock,26.06,15391641270.0,4897868,Finance
HST,Host Hotels & Resorts Inc. Common Stock,22.44,15374191514.0,10854426,Real Estate
APA,APA Corporation Common Stock,43.85,15362913714.0,3830101,Energy
TEM,Tempus AI Inc. Class A Common Stock,83.55,15169016750.0,7273904,Technology
BALL,Ball Corporation Common Stock,57.11,15117208718.0,2151903,Industrials
LDOS,Leidos Holdings Inc. Common Stock,119.45,14990044365.0,1670997,Technology
LECO,Lincoln Electric Holdings Inc. Common Shares,274.94,14985812830.0,367587,Industrials
SOLV,Solventum Corporation Common Stock,88.03,14984794864.0,1044025,Health Care
FICO,Fair Isaac Corporation Common Stock,689.61,14893945072.0,1168581,Consumer Discretionary
CRL,Charles River Laboratories International Inc. Common Stock,310.77,14835809251.0,1306004,Health Care
KIM,Kimco Realty Corporation (HC) Common Stock,22.03,14777489887.0,5008487,Real Estate
H,Hyatt Hotels Corporation Class A Common Stock,156.77,14767984989.0,871587,Consumer Discretionary
EQH,Equitable Holdings Inc. Common Stock,54.0,14743898478.0,3559253,Finance
VNOM,Viper Energy Inc. Class A Common Stock,40.87,14680295277.0,2199616,Energy
NBIX,Neurocrine Biosciences Inc. Common Stock,144.21,14658828392.0,1749137,Health Care
LAMR,Lamar Advertising Company Class A Common Stock,143.93,14616046018.0,897592,Real Estate
PFGC,Performance Food Group Company Common Stock,92.58,14584408103.0,1335465,Consumer Discretionary
EXEL,Exelixis Inc. Common Stock,58.85,14581952574.0,2581011,Health Care
APOS,Apollo Global Management Inc. 7.625% Fixed-Rate Resettable Junior Subordinated Notes due 2053,25.59,14574381995.0,28941,Finance
WPC,W. P. Carey Inc. REIT,63.93,14564333074.0,2175631,Real Estate
ARMK,Aramark Common Stock,55.23,14560011180.0,1552580,Consumer Discretionary
W,Wayfair Inc. Class A Common Stock,106.05,14525463824.0,2368917,Consumer Discretionary
LOGI,Logitech International S.A. Ordinary Shares,101.38,14516433098.0,417682,Technology
PNFP,Pinnacle Financial Partners Inc. Common stock,96.02,14509835693.0,1473114,Finance
WMG,Warner Music Group Corp. Class A Common Stock,27.63,14453522917.0,2474198,Consumer Discretionary
SGI,Somnigroup International Inc. Common Stock,62.29,14341599145.0,2764965,Consumer Discretionary
ROL,Rollins Inc. Common Stock,29.69,14285207045.0,6531432,Consumer Discretionary
UNM,Unum Group Common Stock,89.93,14236530344.0,1750193,Finance
VICR,Vicor Corporation Common Stock,305.61,14090678367.0,828096,Technology
TTMI,TTM Technologies Inc. Common Stock,133.14,14026147753.0,2306680,Technology
CG,The Carlyle Group Inc. Common Stock,39.32,14011005617.0,3650400,Finance
OWL,Blue Owl Capital Inc. Class A Common Stock,8.97,13985057240.0,20505845,Finance
MLI,Mueller Industries Inc. Common Stock,62.97,13927792002.0,1938884,Industrials
SLMBP,SLM Corporation Floating Rate Non-Cumulative Preferred Stock Series B,73.75,13861088153.0,160,Finance
KKRS,KKR Group Finance Co. IX LLC 4.625% Subordinated Notes due 2061,15.44,13859493679.0,30798,Finance
JLL,Jones Lang LaSalle Incorporated Common Stock,302.41,13858459000.0,600338,Finance
VLYPP,Valley National Bancorp 6.25% Fixed-to-Floating Rate Non-Cumulative Perpetual Preferred Stock Series A,25.02,13826182755.0,5014,Finance
VLYPN,Valley National Bancorp 8.250% Fixed-Rate Reset Non-Cumulative Perpetual Preferred Stock Series C,25.0,13815130650.0,13573,Finance
CACI,CACI International Inc. Class A Common Stock,624.19,13794347451.0,275118,Technology
YUMC,Yum China Holdings Inc. Common Stock,40.25,13783939974.0,1188441,Consumer Discretionary
ULS,UL Solutions Inc. Class A Common Stock,68.25,13779550307.0,1213820,Health Care
SMMT,Summit Therapeutics Inc. Common Stock ,17.27,13777135627.0,5277726,Health Care
NLY,Annaly Capital Management Inc. Common Stock,18.27,13770362855.0,15427993,Real Estate
OHI,Omega Healthcare Investors Inc. Common Stock,45.36,13744669680.0,3865337,Real Estate
TRMB,Trimble Inc. Common Stock,58.81,13713306861.0,2694506,Industrials
VLYPO,Valley National Bancorp 5.50% Fixed-to-Floating Rate Non-Cumulative Perpetual Preferred Stock Series B,24.8,13704609605.0,4871,Finance
SUI,Sun Communities Inc. Common Stock,111.84,13622219031.0,1284019,Real Estate
CET,Central Securities Corporation Common Stock,56.24,13611497248.0,26950,Finance
TWST,Twist Bioscience Corporation Common Stock,205.0,13591740670.0,3209262,Health Care
AMKR,Amkor Technology Inc. Common Stock,54.63,13572958545.0,4332897,Technology
SWK,Stanley Black & Decker Inc. Common Stock,89.68,13543172365.0,1612277,Consumer Discretionary
IESC,IES Holdings Inc. Common Stock,339.62,13533419569.0,297425,Industrials
ARCC,Ares Capital Corporation Common Stock,18.82,13513189943.0,4257689,Finance
MAA,Mid-America Apartment Communities Inc. Common Stock,116.47,13513077332.0,1587462,Real Estate
MAS,Masco Corporation Common Stock,68.46,13499451458.0,1759280,Industrials
IVZ,Invesco Ltd Common Stock,30.5,13465743290.0,3646528,Finance
TYL,Tyler Technologies Inc. Common Stock,328.32,13445450600.0,562665,Technology
GWRE,Guidewire Software Inc. Common Stock,163.23,13383663361.0,2117114,Technology
GEN,Gen Digital Inc. Common Stock,22.28,13336519073.0,11823491,Technology
WY,Weyerhaeuser Company Common Stock,18.49,13326408640.0,7636956,Real Estate
CORT,Corcept Therapeutics Incorporated Common Stock,122.03,13191247386.0,1005235,Health Care
PAG,Penske Automotive Group Inc. Common Stock,200.59,13171315695.0,402689,Consumer Discretionary
CSL,Carlisle Companies Incorporated Common Stock,330.98,13144583740.0,557360,Industrials
AIZ,Assurant Inc. Common Stock,266.41,13140344766.0,312702,Finance
DOCU,DocuSign Inc. Common Stock,70.03,13088778714.0,2432400,Technology
ALLE,Allegion plc Ordinary Shares,153.67,13067602905.0,747592,Consumer Discretionary
REG,Regency Centers Corporation Common Stock,71.33,13061988618.0,1517859,Real Estate
HAS,Hasbro Inc. Common Stock,92.38,13029687861.0,2127407,Consumer Discretionary
TXT,Textron Inc. Common Stock,75.75,13028008963.0,1645403,Industrials
DOC,Healthpeak Properties Inc. Common Stock,18.84,12990693578.0,7009613,Real Estate
COKE,Coca-Cola Consolidated Inc. Common Stock,194.26,12930779752.0,462942,Consumer Staples
BBIO,BridgeBio Pharma Inc. Common Stock,66.14,12929541530.0,2168652,Health Care
AVY,Avery Dennison Corporation Common Stock,170.0,12883984140.0,924437,Consumer Discretionary
GGG,Graco Inc. Common Stock,78.83,12766819946.0,2024346,Industrials
GL,Globe Life Inc. Common Stock,165.92,12750860246.0,375694,Finance
TXG,10x Genomics Inc. Class A Common Stock,97.74,12734658760.0,3101065,Industrials
GME,GameStop Corporation Common Stock,25.24,12733604988.0,11957026,Consumer Discretionary
AIT,Applied Industrial Technologies Inc. Common Stock,345.79,12702213552.0,318386,Consumer Discretionary
GNRC,Generac Holdlings Inc. Common Stock,215.2,12698168887.0,932178,Consumer Discretionary
GDDY,GoDaddy Inc. Class A Common Stock,99.74,12631841997.0,1557438,Technology
SWKS,Skyworks Solutions Inc. Common Stock,83.91,12626171138.0,29444050,Technology
NXT,Nextpower Inc. Common Stock,82.97,12588998274.0,1833519,Technology
MAIR,Madison Air Solutions Corporation Class A Common Stock,24.97,12528013622.0,2580127,Industrials
BAX,Baxter International Inc. Common Stock,24.22,12521643096.0,10163526,Health Care
CNA,CNA Financial Corporation Common Stock,46.21,12504468883.0,501383,Finance
PEN,Penumbra Inc. Common Stock,317.11,12490779610.0,368301,Health Care
LII,Lennox International Inc. Common Stock,361.15,12481587776.0,439220,Industrials
TOL,Toll Brothers Inc. Common Stock,135.38,12474860860.0,1074055,Consumer Discretionary
DTM,DT Midstream Inc. Common Stock ,122.12,12458107948.0,877194,Utilities
SJM,The J.M. Smucker Company Common Stock,116.23,12416058560.0,961340,Consumer Staples
BWXT,BWX Technologies Inc. Common Stock,135.35,12401034993.0,1515820,Industrials
SEIC,SEI Investments Company Common Stock,103.26,12393180733.0,834653,Finance
TME,Tencent Music Entertainment Group American Depositary Shares each representing two Class A Ordinary Shares,7.87,12386628415.0,7571313,Consumer Discretionary
CHTR,Charter Communications Inc. Class A Common Stock New,107.77,12348016313.0,3108077,Telecommunications
QXO,QXO Inc. Common Stock,11.88,12325389623.0,15609364,Consumer Discretionary
ALB,Albemarle Corporation Common Stock,104.37,12316187799.0,2029202,Industrials
HALO,Halozyme Therapeutics Inc. Common Stock,108.31,12292968380.0,1856351,Health Care
BWA,BorgWarner Inc. Common Stock,60.26,12272934492.0,2101719,Consumer Discretionary
BTSG,BrightSpring Health Services Inc. Common Stock,62.0,12267582942.0,3401614,Health Care
MKC,McCormick & Company Incorporated Common Stock,45.54,12253196374.0,4345296,Consumer Staples
ARW,Arrow Electronics Inc. Common Stock,240.22,12228500713.0,773008,Technology
TRU,TransUnion Common Stock,63.82,12227912000.0,2993047,Finance
DKS,Dick's Sporting Goods Inc Common Stock,137.13,12194498624.0,3848574,Consumer Discretionary
RPM,RPM International Inc. Common Stock,95.3,12173756564.0,3178520,Consumer Discretionary
CR,Crane Company Common Stock,209.61,12115532621.0,505538,Industrials
WTS,Watts Water Technologies Inc. Class A Common Stock,362.75,12109701388.0,215207,Industrials
QNT,Quantinuum Inc. Class A Common Stock,45.53,12096304315.0,2290409,Technology
FROG,JFrog Ltd. Ordinary Shares,97.86,12066266294.0,1057073,Technology
SANM,Sanmina Corporation Common Stock,225.08,12063692888.0,639556,Technology
WSO,Watsco Inc. Common Stock,292.15,12051828477.0,748861,Consumer Discretionary
SREA,DBA Sempra 5.750% Junior Subordinated Notes due 2079,18.94,11991782873.0,51358,Utilities
MANH,Manhattan Associates Inc. Common Stock,205.45,11978756497.0,622543,Technology
RMBS,Rambus Inc. Common Stock,110.3,11963314811.0,1406990,Technology
EHC,Encompass Health Corporation Common Stock,120.97,11934099862.0,1061690,Health Care
AEIS,Advanced Energy Industries Inc. Common Stock,297.29,11906595902.0,592914,Technology
FIVE,Five Below Inc. Common Stock,215.93,11887817778.0,1290971,Consumer Discretionary
UHAL,U-Haul Holding Company Common Stock,61.1,11877442545.0,117179,Consumer Discretionary
FPS,Forgent Power Solutions Inc. Class A Common Stock,38.97,11863593804.0,6589900,Energy
IT,Gartner Inc. Common Stock,187.76,11856851734.0,626088,Consumer Discretionary
BJ,BJ's Wholesale Club Holdings Inc. Common Stock,93.8,11848318110.0,2708704,Consumer Discretionary
AHR,American Healthcare REIT Inc. Common Stock,50.47,11768857044.0,4046142,Real Estate
FIG,Figma Inc. Class A Common Stock,22.01,11731547173.0,7726451,Technology
PNW,Pinnacle West Capital Corporation Common Stock,95.96,11630086575.0,1401265,Utilities
VIAV,Viavi Solutions Inc. Common Stock,46.91,11616798217.0,4804052,Technology
CCK,Crown Holdings Inc.,106.58,11591695262.0,984407,Industrials
SAIL,SailPoint Inc. Common Stock,20.29,11583797034.0,3701951,Technology
FORM,FormFactor Inc. FormFactor Inc. Common Stock,147.99,11561086093.0,13932198,Technology
AFG,American Financial Group Inc. Common Stock,139.33,11553447858.0,715837,Finance
AUR,Aurora Innovation Inc. Class A Common Stock,5.75,11523892791.0,31091399,Technology
AA,Alcoa Corporation Common Stock ,43.49,11477421763.0,5100328,Industrials
LFUS,Littelfuse Inc. Common Stock,451.42,11465502371.0,223013,Energy
ALLY,Ally Financial Inc. Common Stock,37.63,11447034448.0,4712308,Finance
HL,Hecla Mining Company Common Stock,17.01,11426781011.0,37321847,Industrials
MDGL,Madrigal Pharmaceuticals Inc. Common Stock,493.62,11404658676.0,246569,Health Care
DVA,DaVita Inc. Common Stock,178.72,11402336000.0,452018,Health Care
TECH,Bio-Techne Corp Common Stock,72.58,11381867714.0,2087339,Health Care
PINS,Pinterest Inc. Class A Common Stock,20.06,11360239322.0,11432119,Technology
ELS,Equity Lifestyle Properties Inc. Common Stock,58.49,11350839565.0,2087494,Real Estate
ELAN,Elanco Animal Health Incorporated Common Stock,22.51,11246487393.0,4788294,Health Care
CSGP,CoStar Group Inc. Common Stock,27.66,11207765284.0,4934188,Finance
BMRN,BioMarin Pharmaceutical Inc. Common Stock,57.54,11138234093.0,2407592,Health Care
FHN,First Horizon Corporation Common Stock,23.36,11067434411.0,5972621,Finance
HRL,Hormel Foods Corporation Common Stock,20.08,11051044064.0,6149765,Consumer Staples
GLPI,Gaming and Leisure Properties Inc. Common Stock,37.91,11028778830.0,3669058,Real Estate
HUT,Hut 8 Corp. Common Stock,89.27,11003372708.0,3485196,Finance
IBRX,ImmunityBio Inc. Common Stock,10.38,11001100514.0,16867253,Health Care
HUBS,HubSpot Inc. Common Stock,220.61,11000982603.0,1073653,Technology
PCVX,Vaxcyte Inc. Common Stock,73.82,10984805622.0,14925594,Health Care
WTRG,Essential Utilities Inc. Common Stock,38.67,10973718655.0,3849502,Utilities
DECK,Deckers Outdoor Corporation Common Stock,80.21,10941785148.0,2802888,Consumer Discretionary
UDR,UDR Inc. Common Stock,33.84,10871581272.0,3628302,Real Estate
CART,Maplebear Inc. Common Stock,45.67,10839016378.0,4079945,Consumer Discretionary
CGNX,Cognex Corporation Common Stock,64.37,10828568710.0,2283517,Industrials
GSAT,Globalstar Inc. Common Stock,83.54,10823725601.0,596863,Consumer Discretionary
AMH,American Homes 4 Rent Common Shares of Beneficial Interest,30.08,10804132716.0,3686986,Real Estate
COO,The Cooper Companies Inc. Common Stock,56.77,10795116040.0,3948752,Health Care
RRX,Regal Rexnord Corporation Common Stock,161.26,10738604472.0,978162,Industrials
CHYM,Chime Financial Inc. Class A Common Stock,28.29,10710172790.0,4838770,Finance
AVTR,Avantor Inc. Common Stock,15.81,10693233260.0,8180441,Industrials
BEPC,Brookfield Renewable Corporation Brookfield Renewable Corporation Class A Subordinate Voting Shares,28.32,10673418147.0,1642287,Utilities
SF,Stifel Financial Corporation Common Stock,70.63,10665252472.0,1343070,Finance
AR,Antero Resources Corporation Common Stock,34.69,10665058910.0,4223784,Energy
AES,The AES Corporation Common Stock,14.9,10630235587.0,9216781,Industrials
KNX,Knight-Swift Transportation Holdings Inc.,65.24,10618201440.0,3052061,Industrials
EGP,EastGroup Properties Inc. Common Stock,195.84,10530966401.0,608259,Real Estate
HII,Huntington Ingalls Industries Inc. Common Stock,266.48,10500537275.0,566151,Industrials
BSY,Bentley Systems Incorporated Class B Common Stock,34.75,10497727893.0,4248458,Technology
FNF,Fidelity National Financial Inc. Common Stock,39.0,10459520253.0,3802928,Finance
TXRH,Texas Roadhouse Inc. Common Stock,158.97,10434938006.0,2157846,Consumer Discretionary
UHS,Universal Health Services Inc. Common Stock,176.05,10375773466.0,580269,Health Care
SCI,Service Corporation International Common Stock,75.94,10374882856.0,1569464,Consumer Discretionary
DCI,Donaldson Company Inc. Common Stock,89.19,10338024406.0,764104,Industrials
AAOI,Applied Optoelectronics Inc. Common Stock,121.57,10322057554.0,9357110,Technology
GMED,Globus Medical Inc. Class A Common Stock,76.57,10280434755.0,1607010,Health Care
NYT,New York Times Company (The) Common Stock,64.0,10272183168.0,2118063,Consumer Discretionary
AGNC,AGNC Investment Corp. Common Stock,8.65,10254414517.0,43352832,Real Estate
ERIE,Erie Indemnity Company Class A Common Stock,221.46,10229030999.0,133326,Finance
EVR,Evercore Inc. Class A Common Stock,265.35,10204771392.0,602512,Finance
PAYC,Paycom Software Inc. Common Stock,225.79,10176720854.0,601737,Technology
JKHY,Jack Henry & Associates Inc. Common Stock,145.12,10174653295.0,735368,Technology
BIO,Bio-Rad Laboratories Inc. Class A Common Stock,379.82,10155693629.0,279508,Industrials
MOH,Molina Healthcare Inc Common Stock,194.05,10129410000.0,903770,Health Care
BPOP,Popular Inc. Common Stock,158.82,10129301529.0,557641,Finance
RTO,Rentokil Initial plc American Depositary Shares (each representing five (5) Ordinary Shares),20.02,10098088000.0,2180892,Consumer Discretionary
ENSG,The Ensign Group Inc. Common Stock,172.89,10076450014.0,476605,Health Care
OSCR,Oscar Health Inc. Class A Common Stock,32.42,10006270900.0,4683655,Health Care
ALGN,Align Technology Inc. Common Stock,140.65,9991755184.0,1680477,Health Care
PBF,PBF Energy Inc. Class A Common Stock,84.16,9976060286.0,3276981,Energy
ESTC,Elastic N.V. Ordinary Shares,94.91,9964722385.0,2572462,Technology
CLX,Clorox Company (The) Common Stock,82.01,9917551720.0,2800319,Consumer Discretionary
KRYS,Krystal Biotech Inc. Common Stock,334.85,9911170235.0,337237,Health Care
DAR,Darling Ingredients Inc. Common Stock,62.7,9894242833.0,2034365,Consumer Staples
UMBF,UMB Financial Corporation Common Stock,129.8,9858313894.0,739228,Finance
AMG,Affiliated Managers Group Inc. Common Stock,380.7,9844876493.0,352309,Finance
DPZ,Domino's Pizza Inc Common Stock,297.27,9834207363.0,597300,Consumer Discretionary
FDS,FactSet Research Systems Inc. Common Stock,276.44,9831738707.0,589504,Technology
SSB,SouthState Bank Corporation Common Stock,101.13,9807034623.0,632487,Finance
WTFC,Wintrust Financial Corporation Common Stock,145.2,9796058408.0,671583,Finance
CPT,Camden Property Trust Common Stock,97.37,9789516510.0,960302,Real Estate
WMS,Advanced Drainage Systems Inc. Common Stock,129.43,9759713415.0,884929,Consumer Discretionary
AM,Antero Midstream Corporation Common Stock,20.56,9759297440.0,2592205,Utilities
VIRT,Virtu Financial Inc. Class A Common Stock,62.88,9758990274.0,2150222,Finance
DKNG,DraftKings Inc. Class A Common Stock,19.6,9730499341.0,25742336,Consumer Discretionary
BRKR,Bruker Corporation Common Stock,63.86,9729665920.0,2016636,Industrials
RYAN,Ryan Specialty Holdings Inc. Class A Common Stock,37.98,9715845534.0,2432794,Finance
MOD,Modine Manufacturing Company Common Stock,182.91,9714845420.0,1323100,Consumer Discretionary
SATA,Strive Inc. Variable Rate Series A Perpetual Preferred Stock,100.01,9701234926.0,665357,Finance
GKOS,Glaukos Corporation Common Stock,164.01,9673955507.0,837949,Health Care
MSGS,Madison Square Garden Sports Corp. Class A Common Stock (New),400.32,9639681981.0,252672,Consumer Discretionary
VSAT,ViaSat Inc. Common Stock,69.79,9613977980.0,2252265,Consumer Discretionary
ONBPP,Old National Bancorp Depositary Shares Each Representing a 1/40th Interest in a Share of Series A Preferred Stock,25.025,9573814250.0,7685,Finance
MXL,MaxLinear Inc. Common Stock,105.49,9567224719.0,2821047,Technology
CFR,Cullen/Frost Bankers Inc. Common Stock,153.83,9560347597.0,514632,Finance
ALSN,Allison Transmission Holdings Inc. Common Stock,115.75,9558407899.0,807936,Consumer Discretionary
ONB,Old National Bancorp Common Stock,24.86,9510690200.0,4464410,Finance
ONBPO,Old National Bancorp Depositary Shares Each Representing a 1/40th Interest in a Share of Series C Preferred Stock,24.8,9487736000.0,11282,Finance
SNAP,Snap Inc. Class A Common Stock,5.61,9487619164.0,24399409,Technology
BXP,BXP Inc. Common Stock,59.37,9479106580.0,1458661,Real Estate
FLS,Flowserve Corporation Common Stock,74.3,9444479554.0,1600033,Industrials
PODD,Insulet Corporation Common Stock,135.62,9405816468.0,1940548,Health Care
MUSA,Murphy USA Inc. Common Stock,511.68,9404855953.0,193228,Consumer Discretionary
HSIC,Henry Schein Inc. Common Stock,84.23,9387142233.0,1904524,Health Care
TTC,Toro Company (The) Common Stock,98.94,9365994619.0,738867,Consumer Discretionary
OGE,OGE Energy Corp Common Stock,44.97,9289960476.0,2842441,Utilities
OC,Owens Corning Inc Common Stock New,117.48,9286639279.0,1176233,Industrials
AXSM,Axsome Therapeutics Inc. Common Stock,177.08,9275595251.0,858895,Health Care
RGEN,Repligen Corporation Common Stock,189.5,9270971604.0,1613715,Health Care
MTCH,Match Group Inc. Common Stock,40.33,9257791225.0,3590834,Technology
ZION,Zions Bancorporation N.A. Common Stock,63.28,9235928304.0,1307589,Finance
SAIA,Saia Inc. Common Stock,346.14,9233163351.0,418320,Industrials
SOLS,Solstice Advanced Materials Inc. Common Stock ,58.06,9222678244.0,2509270,Industrials
FRT,Federal Realty Investment Trust Common Stock,105.97,9207641424.0,852456,Real Estate
VMI,Valmont Industries Inc. Common Stock,476.85,9205521537.0,149717,Industrials
FCFS,FirstCash Holdings Inc. Common Stock,211.33,9165762494.0,357997,Consumer Discretionary
ESI,Element Solutions Inc. Common Stock,37.54,9148156912.0,3356543,Industrials
KYMR,Kymera Therapeutics Inc. Common Stock,109.85,9134095387.0,729779,Health Care
AYI,Acuity Inc. Common Stock,304.84,9125552147.0,491289,Consumer Discretionary
ORI,Old Republic International Corporation Common Stock,37.79,9123750122.0,2230314,Finance
PTGX,Protagonist Therapeutics Inc. Common Stock,140.63,9099926120.0,1274099,Health Care
LLYVK,Liberty Live Holdings Inc. Series C Liberty Live Group Common Stock,98.87,9096571525.0,423934,Consumer Discretionary
JXN,Jackson Financial Inc. Class A Common Stock ,133.85,9065492384.0,518034,Finance
R,Ryder System Inc. Common Stock,235.94,9047560036.0,393849,Consumer Discretionary
RRC,Range Resources Corporation Common Stock,38.67,9036386845.0,3110133,Energy
LTH,Life Time Group Holdings Inc. Common Stock,40.06,8951885637.0,2417438,Consumer Discretionary
JAN,Janus Living Inc. Class A-1 Common Stock,28.75,8920859810.0,1117288,Real Estate
VOYA,Voya Financial Inc. Common Stock,98.1,8887501837.0,1271567,Finance
JEF,Jefferies Financial Group Inc. Common Stock,45.84,8881164910.0,2787258,Finance
HLI,Houlihan Lokey Inc. Class A Common Stock,126.9,8868596850.0,612663,Finance
SIRI,SiriusXM Holdings Inc. Common Stock,26.31,8868229902.0,5134785,Consumer Discretionary
SPXC,SPX Technologies Inc. Common Stock,176.8,8855180048.0,1054559,Industrials
GLXY,Galaxy Digital Inc. Class A Common Stock,22.65,8853637889.0,4439818,Finance
S,SentinelOne Inc. Class A Common Stock,25.43,8850889045.0,8461195,Technology
LLYVA,Liberty Live Holdings Inc. Series A Liberty Live Group Common Stock,96.17,8848157010.0,107709,Consumer Discretionary
ENJ,Entergy New Orleans LLC First Mortgage Bonds 5.0% Series due December 1 2052,18.95,8842666887.0,711,Utilities
ARWR,Arrowhead Pharmaceuticals Inc. Common Stock,62.35,8807216017.0,2249661,Health Care
EAI,Entergy Arkansas LLC First Mortgage Bonds 4.875% Series Due September 1 2066,18.8,8772672162.0,34473,Utilities
EMP,Entergy Mississippi LLC First Mortgage Bonds 4.90% Series Due October 1 2066,18.71,8730675328.0,9377,Utilities
IDCC,InterDigital Inc. Common Stock,338.19,8727333507.0,250595,Miscellaneous
CYTK,Cytokinetics Incorporated Common Stock,62.7,8716768309.0,3234520,Health Care
AVT,Avnet Inc. Common Stock,106.19,8715329640.0,1269006,Technology
KNTK,Kinetik Holdings Inc. Class A Common Stock,53.08,8619084167.0,1083308,Utilities
CAI,Caris Life Sciences Inc. Common Stock,30.39,8588067703.0,4959399,Health Care
GTLB,GitLab Inc. Class A Common Stock,51.5,8579900000.0,3211571,Technology
NIO,NIO Inc. American depositary shares each  representing one Class A ordinary share,3.42,8569381215.0,26311242,Industrials
PRI,Primerica Inc. Common Stock,277.97,8555179980.0,257992,Finance
CTRE,CareTrust REIT Inc. Common Stock,36.2,8553813804.0,3599848,Real Estate
TTEK,Tetra Tech Inc. Common Stock,33.33,8533960785.0,2818528,Consumer Discretionary
NEU,NewMarket Corp Common Stock,924.35,8500697886.0,142337,Industrials
AAL,American Airlines Group Inc. Common Stock,12.83,8493074471.0,43080377,Consumer Discretionary
MHK,Mohawk Industries Inc. Common Stock,124.93,8462526455.0,918894,Consumer Discretionary
ESE,ESCO Technologies Inc. Common Stock,271.92,8431577619.0,297148,Telecommunications
CUBE,CubeSmart Common Shares,37.19,8373784189.0,3211629,Real Estate
MP,MP Materials Corp. Common Stock,46.84,8342278382.0,3915261,Basic Materials
SM,SM Energy Company Common Stock,35.05,8336785083.0,2430822,Energy
RHP,Ryman Hospitality Properties Inc. (REIT),120.62,8320772280.0,585566,Real Estate
TKR,Timken Company (The) Common Stock,119.99,8314927712.0,942776,Industrials
BRX,Brixmor Property Group Inc. Common Stock,27.05,8300896148.0,3991556,Real Estate
WAL,Western Alliance Bancorporation Common Stock (DE),76.02,8293847681.0,1594115,Finance
DY,Dycom Industries Inc. Common Stock,274.41,8276468210.0,657398,Industrials
CTVA,Corteva Inc. Common Stock ,12.39,8266558440.0,183237939,Consumer Staples
WLK,Westlake Corporation Common Stock,64.61,8256934966.0,1064190,Industrials
ZETA,Zeta Global Holdings Corp. Class A Common Stock,32.88,8253327332.0,8941091,Technology
BAH,Booz Allen Hamilton Holding Corporation Common Stock,68.61,8252751998.0,2066098,Consumer Discretionary
TGTX,TG Therapeutics Inc. Common Stock,53.91,8251952647.0,1546979,Health Care
PCOR,Procore Technologies Inc. Common Stock,54.18,8232940213.0,5148957,Technology
OSK,Oshkosh Corporation (Holding Company)Common Stock,132.67,8191012500.0,728440,Industrials
GAP,Gap Inc. (The) Common Stock,23.3,8184594192.0,6939271,Consumer Discretionary
RAL,Ralliant Corporation Common Stock,73.96,8182934992.0,1552227,Industrials
REXR,Rexford Industrial Realty Inc. Common Stock,36.69,8181434270.0,3454170,Real Estate
SYRE,Spyre Therapeutics Inc. Common Stock,92.72,8175471213.0,642916,Health Care
COLB,Columbia Banking System Inc. Common Stock,28.84,8158901409.0,2597764,Finance
ADC,Agree Realty Corporation Common Stock,65.58,8156795150.0,2652513,Real Estate
AGCO,AGCO Corporation Common Stock,116.19,8136986593.0,953256,Industrials
SNEX,StoneX Group Inc. Common Stock,67.43,8133186441.0,1069396,Finance
EAT,Brinker International Inc. Common Stock,194.16,8131665442.0,1676816,Consumer Discretionary
PB,Prosperity Bancshares Inc. Common Stock,67.22,8078282547.0,1101460,Finance
ARE,Alexandria Real Estate Equities Inc. Common Stock,45.88,7994478512.0,2283172,Real Estate
CNM,Core & Main Inc. Class A Common Stock,41.82,7966461171.0,2583596,Consumer Discretionary
LINE,Lineage Inc. Common Stock,34.98,7965296220.0,1675534,Real Estate
ZWS,Zurn Elkay Water Solutions Corporation Common Stock,47.99,7959818015.0,1182037,Industrials
WYNN,Wynn Resorts Limited Common stock,77.17,7946495168.0,1971257,Consumer Discretionary
HNGE,Hinge Health Inc. Class A Common Stock,98.35,7936295912.0,3175441,Technology
PRAX,Praxis Precision Medicines Inc. Common Stock,283.56,7916991797.0,511408,Health Care
CBSH,Commerce Bancshares Inc. Common Stock,55.14,7908850295.0,1222460,Finance
UGI,UGI Corporation Common Stock,36.78,7889124886.0,2077116,Utilities
KTOS,Kratos Defense & Security Solutions Inc. Common Stock,42.02,7888050161.0,5563814,Industrials
FR,First Industrial Realty Trust Inc. Common Stock,59.22,7850969862.0,1615147,Real Estate
LNC,Lincoln National Corporation Common Stock,40.91,7832110516.0,1894624,Finance
PCTY,Paylocity Holding Corporation Common Stock,147.39,7820065777.0,556985,Technology
LEVI,Levi Strauss & Co Class A Common Stock,20.27,7800920892.0,4196427,Consumer Discretionary
MGM,MGM Resorts International Common Stock,30.17,7793609224.0,5046072,Consumer Discretionary
BOKF,BOK Financial Corporation Common Stock,128.23,7792135355.0,258274,Finance
KMX,CarMax Inc,54.86,7786982392.0,3519145,Consumer Discretionary
DBX,Dropbox Inc. Class A Common Stock,34.37,7757628125.0,4081854,Technology
NNN,NNN REIT Inc. Common Stock,40.38,7750189932.0,2891970,Real Estate
AOS,A.O. Smith Corporation Common Stock,56.97,7742711404.0,1456039,Consumer Discretionary
ACM,AECOM Common Stock,59.76,7690898358.0,1567024,Consumer Discretionary
THG,Hanover Insurance Group Inc,220.4,7674376708.0,403342,Finance
ATR,AptarGroup Inc. Common Stock,120.61,7668519969.0,413179,Industrials
CBC,Central Bancompany Inc. Class A Common Stock,31.93,7647398897.0,756797,Finance
IDA,IDACORP Inc. Common Stock,131.73,7619532324.0,706230,Utilities
CHRD,Chord Energy Corporation Common Stock,139.11,7609020974.0,565944,Energy
HQY,HealthEquity Inc. Common Stock,91.55,7572585349.0,1017963,Consumer Discretionary
KNSL,Kinsale Capital Group Inc. Common Stock,332.42,7572004039.0,235664,Finance
TPGXL,TPG Operating Group II L.P. 6.950% Fixed-Rate Junior Subordinated Notes due 2064,20.7,7551893543.0,22744,Uncategorized
NTSK,Netskope Inc. Class A Common Stock,18.42,7526186318.0,3195374,Technology
SLAB,Silicon Laboratories Inc. Common Stock,222.8,7434114351.0,384077,Technology
EMN,Eastman Chemical Company Common Stock,64.94,7427669720.0,1362769,Industrials
APLD,Applied Digital Corporation Common Stock,24.7,7387631013.0,23861217,Technology
KEX,Kirby Corporation Common Stock,139.85,7384080000.0,626168,Consumer Discretionary
WULF,TeraWulf Inc. Common Stock,14.79,7379746733.0,36730167,Finance
SFD,Smithfield Foods Inc. Common Stock,18.73,7375263983.0,1731121,Consumer Staples
CHWY,Chewy Inc. Class A Common Stock,18.22,7323114477.0,8074269,Consumer Discretionary
PLXS,Plexus Corp. Common Stock,273.18,7280820405.0,237164,Technology
MSM,MSC Industrial Direct Company Inc. Common Stock,130.16,7268954148.0,600052,Industrials
PRH,Prudential Financial Inc. 5.950% Junior Subordinated Notes due 2062,20.64,7265280000.0,85339,Finance
NFG,National Fuel Gas Company Common Stock,76.34,7255742858.0,1041449,Utilities
RIOT,Riot Platforms Inc. Common Stock ,19.32,7250002624.0,13054579,Finance
CMC,Commercial Metals Company Common Stock,65.51,7247000186.0,1425471,Industrials
GJS,Goldman Sachs Group Securities STRATS Trust for Goldman Sachs Group Securities Series 2006-2,23.19,7236185175.0,198,Finance
APPF,AppFolio Inc. Class A Common Stock,204.25,7233920616.0,513793,Technology
IONS,Ionis Pharmaceuticals Inc. Common Stock,43.5,7229018007.0,2871834,Health Care
POWL,Powell Industries Inc. Common Stock,197.84,7207818462.0,659239,Energy
ACA,Arcosa Inc. Common Stock ,146.75,7206424221.0,640820,Industrials
PRMB,Primo Brands Corporation Class A Common Stock,19.88,7203598415.0,5914740,Consumer Staples
ALGM,Allegro MicroSystems Inc. Common Stock,38.46,7169022689.0,3483632,Technology
AUGO,Aura Minerals Inc. Common Shares,85.17,7136328123.0,1170291,Basic Materials
VSXY,Victorias Secret & Co. Common Stock ,89.41,7131702727.0,2618720,Consumer Discretionary
FSS,Federal Signal Corporation Common Stock,116.43,7107074769.0,553978,Industrials
MORN,Morningstar Inc. Common Stock,189.16,7096067090.0,296286,Finance
VCTR,Victory Capital Holdings Inc. Class A Common Stock,115.28,7090823460.0,713806,Finance
AMRX,Amneal Pharmaceuticals Inc. Class A Common Stock,20.35,7087823946.0,3909194,Health Care
SSD,Simpson Manufacturing Company Inc. Common Stock,172.77,7080923509.0,356825,Consumer Discretionary
AVAV,AeroVironment Inc. Common Stock,139.3,7079323789.0,1316150,Industrials
MSA,MSA Safety Incorporated Common Stock,183.13,7064842065.0,319865,Health Care
VLY,Valley National Bancorp Common Stock,12.76,7051242684.0,5887015,Finance
NPO,Enpro Inc. Common Stock,332.86,7045874298.0,293956,Industrials
COMP,Compass Inc. Class A Common Stock,9.29,7037381210.0,18344584,Finance
TRNO,Terreno Realty Corporation Common Stock,64.43,7020957073.0,859202,Finance
AXTA,Axalta Coating Systems Ltd. Common Shares,32.68,6994173502.0,3719801,Consumer Discretionary
URBN,Urban Outfitters Inc. Common Stock,81.6,6989870770.0,1260247,Consumer Discretionary
CELH,Celsius Holdings Inc. Common Stock,27.52,6963524493.0,7009201,Consumer Staples
SARO,StandardAero Inc. Common Stock,21.04,6962544828.0,3768279,Industrials
ENS,EnerSys Common Stock,193.02,6961309536.0,765475,Miscellaneous
TTAN,ServiceTitan Inc. Class A Common Stock,72.16,6961123880.0,1859382,Technology
CLF,Cleveland-Cliffs Inc. Common Stock,12.2,6960588573.0,25371942,Basic Materials
AAON,AAON Inc. Common Stock,84.35,6954964450.0,843261,Industrials
NOV,NOV Inc. Common Stock,19.51,6954888219.0,4446545,Consumer Discretionary
STAG,Stag Industrial Inc. Common Stock,36.05,6950740260.0,1705599,Real Estate
PRS,Prudential Financial Inc. 5.625% Junior Subordinated Notes due 2058,19.6702,6923910400.0,62840,Finance
HIMS,Hims & Hers Health Inc. Class A Common Stock,29.67,6922408964.0,7996561,Health Care
AWI,Armstrong World Industries Inc Common Stock,163.47,6908704166.0,348564,Industrials
MATX,Matson Inc. Common Stock,230.66,6897531622.0,273857,Consumer Discretionary
DUOL,Duolingo Inc. Class A Common Stock,147.1,6882260170.0,841427,Technology
GRAL,GRAIL Inc. Common Stock ,154.08,6882173335.0,1472207,Health Care
QLYS,Qualys Inc. Common Stock,198.68,6873334799.0,774485,Technology
IMVT,Immunovant Inc. Common Stock,33.25,6867876677.0,1104072,Health Care
PATH,UiPath Inc. Class A Common Stock,13.16,6858405182.0,29536193,Technology
NCLH,Norwegian Cruise Line Holdings Ltd. Ordinary Shares,14.87,6828123270.0,21601484,Consumer Discretionary
NE,Noble Corporation plc A Ordinary Shares,42.55,6792776376.0,1589970,Energy
FLR,Fluor Corporation Common Stock,50.61,6768635401.0,1919161,Industrials
MOS,Mosaic Company (The) Common Stock,21.29,6767998303.0,8862228,Industrials
PACS,PACS Group Inc. Common Stock,42.71,6762513989.0,844647,Health Care
OKLO,Oklo Inc. Class A common stock,35.97,6691054871.0,7660165,Utilities
CHE,Chemed Corp,511.3,6682671059.0,139819,Health Care
BROS,Dutch Bros Inc. Class A Common Stock,38.23,6678082003.0,4465245,Consumer Discretionary
PPC,Pilgrim's Pride Corporation Common Stock,27.99,6664657587.0,1964672,Consumer Staples
LAD,Lithia Motors Inc. Common Stock,303.0,6660884148.0,321409,Consumer Discretionary
MTRN,Materion Corporation,319.18,6649708346.0,618366,Industrials
RNG,RingCentral Inc. Class A Common Stock,79.06,6601997168.0,1701049,Technology
RUSHB,Rush Enterprises Inc. Class B,56.3,6571919099.0,105662,Consumer Discretionary
MTDR,Matador Resources Company Common Stock,53.01,6560210990.0,1445377,Energy
LNTH,Lantheus Holdings Inc. Common Stock,100.19,6539638650.0,659007,Health Care
ETSY,Etsy Inc. Common Stock,70.89,6506408116.0,2947273,Consumer Discretionary
TEX,Terex Corporation Common Stock,56.9,6503670000.0,1649604,Industrials
HXL,Hexcel Corporation Common Stock,85.9,6496054527.0,1046163,Industrials
MAC,Macerich Company (The) Common Stock,22.87,6485002906.0,2968174,Real Estate
OMF,OneMain Holdings Inc. Common Stock,56.24,6469932217.0,929845,Finance
TXNM,TXNM Energy Inc. Common Stock,58.51,6443458042.0,1266111,Utilities
ECG,Everus Construction Group Inc. Common Stock,126.17,6442724188.0,614516,Consumer Discretionary
MGY,Magnolia Oil & Gas Corporation Class A Common Stock,24.0,6432151728.0,4864194,Energy
CIFR,Cipher Digital Inc. Common Stock,15.48,6424675577.0,29655960,Finance
NFEGP,New Fortress Energy Inc. Series A Mandatorily Convertible Preferred Stock,393.495,6422473894.0,675,Utilities
BLTE,Belite Bio Inc American Depositary Shares,159.18,6410519882.0,133290,Health Care
IOVA,Iovance Biotherapeutics Inc. Common Stock,14.15,6409545763.0,11751942,Health Care
CVLT,Commvault Systems Inc. Common Stock,153.73,6371272824.0,536744,Technology
RYTM,Rhythm Pharmaceuticals Inc. Common Stock,92.45,6365374981.0,1027296,Health Care
INGM,Ingram Micro Holding Corporation Common Stock,27.58,6361655312.0,1591228,Technology
ANDG,Andersen Group Inc. Class A Common Stock,56.0,6327353368.0,231210,Consumer Discretionary
FAF,First American Corporation (New) Common Stock,61.97,6327137000.0,928935,Finance
ZG,Zillow Group Inc. Class A Common Stock,28.13,6325732456.0,647781,Consumer Discretionary
UBSI,United Bankshares Inc. Common Stock,46.43,6324349672.0,1314040,Finance
CAVA,CAVA Group Inc. Common Stock,54.1,6319215312.0,3416223,Consumer Discretionary
PL,Planet Labs PBC Class A Common Stock,17.36,6316401089.0,6961364,Technology
ACT,Enact Holdings Inc. Common Stock,45.87,6306375989.0,454219,Finance
CAG,ConAgra Brands Inc. Common Stock,13.19,6297057909.0,15428306,Consumer Staples
VNO,Vornado Realty Trust Common Stock,33.21,6200988835.0,1404937,Real Estate
XMTR,Xometry Inc. Class A Common Stock,107.7,6173748812.0,849992,Consumer Discretionary
Z,Zillow Group Inc. Class C Capital Stock,27.41,6163822489.0,2446978,Consumer Discretionary
FNB,F.N.B. Corporation Common Stock,17.4,6142216913.0,4471871,Finance
LW,Lamb Weston Holdings Inc. Common Stock ,44.57,6127528660.0,6782475,Consumer Staples
ELF,e.l.f. Beauty Inc. Common Stock,103.75,6122079585.0,1247496,Consumer Discretionary
LGND,Ligand Pharmaceuticals Incorporated Common Stock,306.77,6115646773.0,163866,Health Care
CMSD,CMS Energy Corporation 5.875% Junior Subordinated Notes due 2079,20.43,6115423468.0,72224,Utilities
INGR,Ingredion Incorporated Common Stock,96.85,6107746366.0,1028896,Consumer Staples
CGON,CG Oncology Inc. Common stock,68.71,6090480166.0,788389,Health Care
CRUS,Cirrus Logic Inc. Common Stock,121.35,6081766027.0,770662,Technology
GATX,GATX Corporation Common Stock,172.27,6081131000.0,286026,Consumer Discretionary
CMSC,CMS Energy Corporation 5.875% Junior Subordinated Notes due 2078,20.27,6067529794.0,41965,Utilities
SFM,Sprouts Farmers Market Inc. Common Stock,64.92,6053635815.0,2170215,Consumer Staples
CZR,Caesars Entertainment Inc. Common Stock,29.65,6040309030.0,5516473,Consumer Discretionary
ANF,Abercrombie & Fitch Company Common Stock,141.4,6000220908.0,1469320,Consumer Discretionary
SWX,Southwest Gas Holdings Inc. Common Stock (DE),82.79,5997792170.0,846031,Utilities
BLDR,Builders FirstSource Inc. Common Stock,55.63,5985590903.0,2963442,Consumer Discretionary
LEA,Lear Corporation Common Stock,121.33,5984573616.0,588807,Consumer Discretionary
LYFT,Lyft Inc. Class A Common Stock,15.73,5954438117.0,11471899,Consumer Discretionary
KNSA,Kiniksa Pharmaceuticals International plc Class A Ordinary Shares,76.31,5954012432.0,391564,Health Care
QBTS,D-Wave Quantum Inc. Common Stock,15.64,5937360462.0,16228612,Technology
KOD,Kodiak Sciences Inc Common Stock,93.81,5895907561.0,3236141,Health Care
WFRD,Weatherford International plc Ordinary Shares,82.32,5886876401.0,802524,Consumer Discretionary
M,Macy's Inc Common Stock,22.51,5879086301.0,7077976,Consumer Discretionary
WEX,WEX Inc. common stock,172.48,5878396265.0,588879,Consumer Discretionary
HWC,Hancock Whitney Corporation Common Stock,73.18,5870723384.0,819718,Finance
XE,X-Energy Inc. Class A Common Stock,14.41,5855735616.0,4228513,Industrials
HR,Healthcare Realty Trust Incorporated Common Stock,17.08,5853653501.0,6122013,Real Estate
LOAR,Loar Holdings Inc. Common Stock,62.35,5841476167.0,501221,Industrials
CMSA,CMS Energy Corporation 5.625% Junior Subordinated Notes due 2078,19.48,5831054780.0,39305,Utilities
LGN,Legence Corp. Class A Common stock,53.79,5813380069.0,1494493,Consumer Discretionary
LSTR,Landstar System Inc. Common Stock,171.22,5810680299.0,367720,Industrials
BGC,BGC Group Inc. Class A Common Stock,12.2,5800691568.0,4051554,Finance
VAL,Valaris Limited Common Shares,83.49,5797195526.0,1169299,Energy
LUMN,Lumen Technologies Inc. Common Stock,5.62,5796723170.0,13139076,Telecommunications
POOL,Pool Corporation Common Stock,159.345,5790716331.0,855819,Consumer Discretionary
INSW,International Seaways Inc. Common Stock ,116.6,5775350863.0,1087532,Consumer Discretionary
MKTX,MarketAxess Holdings Inc. Common Stock,164.04,5773041840.0,833859,Finance
CPB,The Campbell's Company Common Stock,19.3,5755929575.0,7596662,Consumer Staples
JOBY,Joby Aviation Inc. Common Stock,5.78,5744594292.0,21583975,Industrials
CVI,CVR Energy Inc. Common Stock,56.94,5724212307.0,835453,Energy
SEI,Solaris Energy Infrastructure Inc. Class A Common Stock,74.75,5723337802.0,1815158,Consumer Discretionary
HOMB,Home BancShares Inc. Common Stock,28.57,5715417929.0,1664117,Finance
GBCI,Glacier Bancorp Inc. Common Stock,43.75,5696772944.0,1204718,Finance
NOVT,Novanta Inc. Common Stock,150.61,5695734340.0,335700,Miscellaneous
JBTM,JBT Marel Corporation Common Stock,109.76,5693999434.0,525023,Industrials
VSH,Vishay Intertechnology Inc. Common Stock,37.1,5690367096.0,4446454,Technology
NAVN,Navan Inc. Class A Common Stock,21.84,5687365167.0,2628780,Technology
AXTI,AXT Inc Common Stock,86.66,5682574552.0,4953412,Technology
PEGA,Pegasystems Inc. Common Stock,34.53,5676902751.0,1801232,Technology
MMED,MiniMed Group Inc. Common Stock,20.16,5672014609.0,15348388,Health Care
EPAM,EPAM Systems Inc. Common Stock,109.95,5671988561.0,1045476,Technology
LKQ,LKQ Corporation Common Stock,22.4,5667246726.0,2664112,Consumer Discretionary
CROX,Crocs Inc. Common Stock,118.19,5666628414.0,1182240,Consumer Discretionary
SNDR,Schneider National Inc. Common Stock,32.32,5665725056.0,869716,Industrials
TTD,The Trade Desk Inc. Class A Common Stock,11.98,5664085346.0,24855345,Technology
PI,Impinj Inc. Common Stock,185.19,5658371743.0,542417,Technology
PJT,PJT Partners Inc. Class A Common Stock,137.95,5657551462.0,379061,Finance
MCY,Mercury General Corporation Common Stock,101.91,5644654978.0,382274,Finance
ORA,Ormat Technologies Inc. Common Stock,91.29,5614055744.0,922280,Utilities
VFC,V.F. Corporation Common Stock,14.27,5610030314.0,8755373,Industrials
ORKA,Oruka Therapeutics Inc. Common Stock,84.38,5586774402.0,629632,Health Care
ACI,Albertsons Companies Inc. Class A Common Stock,11.51,5586098611.0,7120810,Consumer Staples
YOU,Clear Secure Inc. Class A Common Stock,41.25,5580633383.0,1794166,Technology
CGABL,The Carlyle Group Inc. 4.625% Subordinated Notes due 2061,15.405,5572064092.0,9148,Finance
MTG,MGIC Investment Corporation Common Stock,27.12,5562985661.0,2807618,Finance
STEP,StepStone Group Inc. Class A Common Stock,46.08,5560780861.0,1288594,Finance
DLB,Dolby Laboratories Common Stock,59.36,5560179671.0,758730,Miscellaneous
RDNT,RadNet Inc. Common Stock,70.57,5553665426.0,681438,Health Care
EPRT,Essential Properties Realty Trust Inc. Common Stock,25.64,5545239823.0,2403831,Real Estate
VRNS,Varonis Systems Inc. Common Stock,48.15,5530532353.0,1081399,Technology
CACC,Credit Acceptance Corporation Common Stock,531.35,5515721183.0,130534,Finance
RUSHA,Rush Enterprises Inc. Common Stock Cl A,47.16,5505003636.0,654732,Consumer Discretionary
MUR,Murphy Oil Corporation Common Stock,38.39,5504401389.0,1789424,Energy
SXT,Sensient Technologies Corporation Common Stock,129.22,5499966437.0,415439,Industrials
ASB,Associated Banc-Corp Common Stock,29.02,5480417104.0,1471215,Finance
AUB,Atlantic Union Bankshares Corporation Common Stock,38.36,5478379411.0,1275057,Finance
EXLS,ExlService Holdings Inc. Common Stock,35.9,5442888714.0,2845684,Consumer Discretionary
AGX,Argan Inc. Common Stock,387.74,5439930937.0,269718,Consumer Discretionary
TVTX,Travere Therapeutics Inc. Common Stock,57.67,5436036599.0,2644016,Health Care
KGS,Kodiak Gas Services Inc. Common Stock,53.56,5429777561.0,1940661,Utilities
CAKE,Cheesecake Factory Incorporated (The) Common Stock,109.03,5425401925.0,817000,Consumer Discretionary
CHDN,Churchill Downs Incorporated Common Stock,77.57,5406647850.0,1339050,Consumer Discretionary
OCTV,Octave Intelligence plc Class B Ordinary Shares,20.11,5398283917.0,1920626,Technology
ABCB,Ameris Bancorp Common Stock,80.4,5395422016.0,625145,Finance
BKH,Black Hills Corporation Common Stock,70.48,5374321378.0,1073852,Utilities
RRR,Red Rock Resorts Inc. Class A Common Stock,51.06,5362126610.0,1224731,Consumer Discretionary
RYN,Rayonier Inc. REIT Common Stock,18.01,5359186911.0,3607949,Real Estate
COGT,Cogent Biosciences Inc. Common Stock,30.87,5356716194.0,1792920,Health Care
FTDR,Frontdoor Inc. Common Stock,77.62,5347499188.0,641535,Consumer Discretionary
AN,AutoNation Inc. Common Stock,161.67,5344940506.0,630274,Consumer Discretionary
PFH,Prudential Financial Inc. 4.125% Junior Subordinated Notes due 2060,14.96,5340720000.0,121084,Finance
CORZ,Core Scientific Inc. Common Stock,16.6,5334251321.0,14730834,Finance
CORZZ,Core Scientific Inc. Tranche 2 Warrants,16.59,5331037916.0,4500,Finance
SAIC,Science Applications International Corporation Common Stock,126.9,5316809882.0,407420,Technology
PTCT,PTC Therapeutics Inc. Common Stock,63.65,5312280047.0,1044053,Health Care
CWST,Casella Waste Systems Inc. Class A Common Stock,83.42,5308852637.0,864859,Utilities
TFX,Teleflex Incorporated Common Stock,125.24,5306719000.0,561677,Health Care
ACMR,ACM Research Inc. Class A Common Stock,76.17,5305179259.0,2148357,Technology
LAUR,Laureate Education Inc. Common Stock,38.51,5304727854.0,1992863,Real Estate
PSMT,PriceSmart Inc. Common Stock,171.81,5302146628.0,347507,Consumer Discretionary
SHC,Sotera Health Company Common Stock,18.55,5293702447.0,2505995,Health Care
BCPC,Balchem Corporation Common Stock,166.04,5293026607.0,272247,Industrials
MIRM,Mirum Pharmaceuticals Inc. Common Stock,81.43,5287429290.0,980197,Health Care
SRRK,Scholar Rock Holding Corporation Common Stock,43.4,5285481239.0,3352073,Health Care
WH,Wyndham Hotels & Resorts Inc. Common Stock ,71.22,5285316109.0,1578949,Consumer Discretionary
AROC,Archrock Inc. Common Stock,30.1,5277679369.0,1979942,Utilities
GXO,GXO Logistics Inc. Common Stock ,45.99,5274343788.0,1042028,Consumer Discretionary
OZK,Bank OZK Common Stock,46.59,5271012390.0,1267127,Finance
EXP,Eagle Materials Inc Common Stock,169.82,5209283692.0,435205,Industrials
POR,Portland General Electric Co Common Stock,44.25,5204142495.0,1795273,Utilities
GVA,Granite Construction Incorporated Common Stock,118.9,5203600239.0,1279066,Industrials
MMSI,Merit Medical Systems Inc. Common Stock,87.14,5203165999.0,699304,Health Care
ROAD,Construction Partners Inc. Class A Common Stock,90.5,5192397228.0,727870,Industrials
WHD,Cactus Inc. Class A Common Stock,64.75,5191617251.0,552796,Consumer Discretionary
MBGL,Mobility Global Inc. Common Stock,17.59,5185907019.0,8118113,Consumer Discretionary
PAGP,Plains GP Holdings L.P. Class A Units representing Limited Partner Interests,26.18,5181129966.0,1645293,Energy
ACIW,ACI Worldwide Inc. Common Stock,51.22,5170927444.0,1007483,Technology
NJR,NewJersey Resources Corporation Common Stock,50.89,5163703772.0,1136339,Utilities
OLLI,Ollie's Bargain Outlet Holdings Inc. Common Stock,86.85,5159098701.0,1624774,Consumer Discretionary
ERAS,Erasca Inc. Common Stock,14.72,5148497155.0,5486399,Health Care
HRB,H&R Block Inc. Common Stock,42.0,5147396688.0,2162986,Consumer Discretionary
RLI,RLI Corp. Common Stock (DE),56.08,5146628158.0,949112,Finance
BLLN,BillionToOne Inc. Class A Common Stock,109.06,5146218364.0,407975,Health Care
MAIN,Main Street Capital Corporation Common Stock,54.99,5142030270.0,561839,Finance
IRDM,Iridium Communications Inc Common Stock,48.44,5132720953.0,1065258,Consumer Discretionary
USAR,USA Rare Earth Inc. Class A Common Stock,13.65,5119795140.0,9786151,Basic Materials
NIQ,NIQ Global Intelligence plc Ordinary Shares,17.32,5108635564.0,3681778,Technology
DOCS,Doximity Inc. Class A Common Stock,28.58,5094270108.0,3164196,Technology
OUT,OUTFRONT Media Inc. Common Stock,28.89,5088547401.0,1532732,Real Estate
IBP,Installed Building Products Inc. Common Stock,191.11,5079546516.0,476700,Consumer Discretionary
SIGI,Selective Insurance Group Inc. Common Stock,85.25,5078267395.0,437691,Finance
MWH,SOLV Energy Inc. Class A Common Stock,25.09,5077882855.0,1242378,Industrials
WAY,Waystar Holding Corp. Common Stock,26.48,5077498056.0,3533978,Technology
RGTI,Rigetti Computing Inc. Common Stock,15.15,5056596517.0,12378433,Technology
MRCY,Mercury Systems Inc Common Stock,82.94,5048025823.0,538597,Technology
AX,Axos Financial Inc. Common Stock,88.51,5032501846.0,400727,Finance
OBDC,Blue Owl Capital Corporation Common Stock,10.17,5015259927.0,5010050,Finance
CNO,CNO Financial Group Inc. Common Stock,54.03,4998929675.0,822710,Finance
CE,Celanese Corporation Common Stock,45.53,4996868601.0,1423485,Industrials
BYD,Boyd Gaming Corporation Common Stock,68.71,4992153496.0,1508050,Consumer Discretionary
HGTY,Hagerty Inc. Class A Common Stock,13.75,4978828113.0,372374,Finance
MANE,Veradermics Incorporated Common Stock,118.87,4966404766.0,536429,Health Care
MTN,Vail Resorts Inc. Common Stock,139.3,4963997011.0,824121,Consumer Discretionary
FND,Floor & Decor Holdings Inc. Common Stock,46.55,4957107871.0,3044712,Consumer Discretionary
HESM,Hess Midstream LP Class A Representing Limited Partner Interests,38.41,4929957339.0,985791,Energy
CLMT,Calumet Inc. Common Stock,56.03,4924938051.0,1289864,Energy
DNTH,Dianthus Therapeutics Inc. Common Stock,88.04,4924462639.0,597449,Health Care
CSW,CSW Industrials Inc. Common Stock,301.99,4920470139.0,141717,Industrials
GHC,Graham Holdings Company Common Stock,1155.36,4892866414.0,26044,Real Estate
RITM,Rithm Capital Corp. Common Stock,8.74,4880477451.0,6917067,Real Estate
HCC,Warrior Met Coal Inc. Common Stock,92.29,4873104609.0,663423,Energy
SBRA,Sabra Health Care REIT Inc. Common Stock,19.07,4871674757.0,3713350,Real Estate
GOLF,Acushnet Holdings Corp. Common Stock,83.39,4870396619.0,292077,Consumer Discretionary
DFTX,Definium Therapeutics Inc. Common Shares,36.23,4868114599.0,2602439,Health Care
RSI,Rush Street Interactive Inc. Class A Common Stock,20.99,4864922784.0,4056884,Consumer Discretionary
EBC,Eastern Bankshares Inc. Common Stock,21.24,4853585364.0,2494891,Finance
RELY,Remitly Global Inc. Common Stock,22.91,4849681677.0,3630566,Consumer Discretionary
BOX,Box Inc. Class A Common Stock,35.34,4848675318.0,2815678,Technology
BETA,Beta Technologies Inc. Class A Common Stock,20.7,4842579942.0,2875894,Industrials
CWEN,Clearway Energy Inc. Class C Common Stock,29.52,4838732719.0,1689895,Utilities
KRG,Kite Realty Group Trust Common Stock,24.13,4834371493.0,2948114,Real Estate
NXST,Nexstar Media Group Inc. Common Stock,156.66,4826428435.0,387710,Industrials
WTM,White Mountains Insurance Group Ltd. Common Stock,2019.44,4819839856.0,20378,Finance
HLNE,Hamilton Lane Incorporated Class A Common Stock,87.33,4812812017.0,618743,Finance
PECO,Phillips Edison & Company Inc. Common Stock,37.36,4808232000.0,1614048,Real Estate
STWD,STARWOOD PROPERTY TRUST INC. Starwood Property Trust Inc.,12.98,4804792971.0,7956659,Real Estate
FLG,Flagstar Bank N.A. Common Stock,11.57,4802624113.0,8377850,Finance
EQPT,EquipmentShare.com Inc Class A Common Stock,18.9,4788805701.0,2994280,Consumer Discretionary
CNX,CNX Resources Corporation Common Stock,32.24,4769702857.0,2162706,Energy
SON,Sonoco Products Company Common Stock,48.22,4767752645.0,1069578,Consumer Discretionary
DIOD,Diodes Incorporated Common Stock,103.53,4767733019.0,421504,Technology
HAE,Haemonetics Corporation Common Stock,104.68,4762631299.0,652650,Health Care
ADPT,Adaptive Biotechnologies Corporation Common Stock,29.84,4762339925.0,1425248,Health Care
KVYO,Klaviyo Inc. Series A Common Stock,16.7,4754948198.0,4255751,Technology
MIDD,Middleby Corporation (The) Common Stock,105.11,4753321103.0,667288,Industrials
SYNA,Synaptics Incorporated Common Stock $0.001 Par Value,119.73,4752372608.0,1533138,Technology
IEP,Icahn Enterprises L.P. Common Stock,6.67,4741803670.0,823984,Energy
RXO,RXO Inc. Common Stock,28.65,4725133567.0,20722559,Consumer Discretionary
VSEC,VSE Corporation Common Stock,168.13,4718563742.0,386405,Consumer Discretionary
MYRG,MYR Group Inc. Common Stock,302.65,4712033513.0,190152,Industrials
CRC,California Resources Corporation Common Stock,53.01,4708342528.0,736167,Energy
DAVE,Dave Inc. Class A Common Stock,368.94,4706016753.0,288695,Finance
TFSL,TFS Financial Corporation Common Stock,16.77,4703025001.0,628996,Finance
REYN,Reynolds Consumer Products Inc. Common Stock,22.23,4685883530.0,1249316,Consumer Discretionary
NSIT,Insight Enterprises Inc. Common Stock,159.39,4677913202.0,352016,Consumer Discretionary
LFST,LifeStance Health Group Inc. Common Stock,12.22,4669923676.0,3232384,Health Care
HASI,HA Sustainable Infrastructure Capital Inc. Common Stock,36.31,4665682135.0,1345343,Finance
SKY,Champion Homes Inc. Common Stock,85.76,4655064292.0,621688,Consumer Discretionary
PIPR,Piper Sandler Companies Common Stock,65.63,4638091198.0,885626,Finance
CON,Concentra Group Holdings Parent Inc. Common Stock,36.21,4617417221.0,1037253,Health Care
DK,Delek US Holdings Inc. Common Stock,75.4,4616905920.0,1552177,Energy
GNTX,Gentex Corporation Common Stock,21.91,4616071782.0,2254181,Consumer Discretionary
FBIN,Fortune Brands Innovations Inc. Common Stock,38.66,4614901301.0,1659716,Basic Materials
FFIN,First Financial Bankshares Inc. Common Stock,32.03,4590780049.0,1009627,Finance
MAT,Mattel Inc. Common Stock,16.05,4585485000.0,14729722,Consumer Discretionary
SR,Spire Inc. Common Stock,77.41,4575922390.0,506948,Utilities
UNF,Unifirst Corporation Common Stock,252.89,4573306510.0,245592,Consumer Discretionary
LPX,Louisiana-Pacific Corporation Common Stock,65.29,4565299439.0,1538650,Basic Materials
OGS,ONE Gas Inc. Common Stock,72.57,4561479514.0,577440,Utilities
OII,Oceaneering International Inc. Common Stock,45.66,4544523591.0,842308,Energy
TPC,Tutor Perini Corporation Common Stock,86.43,4543548782.0,537298,Consumer Discretionary
HTFL,Heartflow Inc. Common Stock,52.21,4539848866.0,2453306,Health Care
ADT,ADT Inc. Common Stock,6.21,4536772930.0,6388792,Consumer Discretionary
CHEF,The Chefs' Warehouse Inc. Common Stock,111.07,4531220939.0,819918,Consumer Discretionary
HRI,Herc Holdings Inc. Common Stock ,135.51,4530294976.0,547625,Industrials
HCXY,Hercules Capital Inc. 6.25% Notes due 2033,24.9096,4525468593.0,6673,Finance
CNR,Core Natural Resources Inc. Common Stock,91.01,4517395750.0,610489,Energy
TREX,Trex Company Inc. Common Stock,44.21,4503460050.0,1631238,Basic Materials
CHH,Choice Hotels International Inc. Common Stock,99.58,4498968635.0,876519,Consumer Discretionary
CUZ,Cousins Properties Incorporated Common Stock,27.33,4498574245.0,1575848,Real Estate
PSN,Parsons Corporation Common Stock,42.11,4497575141.0,1976809,Technology
CRGY,Crescent Energy Company Class A Common Stock,13.56,4480274118.0,3636822,Energy
NNI,Nelnet Inc. Common Stock,125.01,4472787544.0,152334,Finance
AMTM,Amentum Holdings Inc. Common Stock,18.24,4459796973.0,2000636,Consumer Discretionary
BWIN,The Baldwin Insurance Group Inc. Class A Common Stock,31.9,4449996855.0,1203967,Finance
ESAB,ESAB Corporation Common Stock,71.46,4442511703.0,1412376,Industrials
RDN,Radian Group Inc. Common Stock,33.5,4432094153.0,2745275,Finance
ENVA,Enova International Inc. Common Stock,178.0,4431910038.0,390790,Finance
CVCO,Cavco Industries Inc. Common Stock When Issued,576.27,4431171691.0,191396,Consumer Discretionary
ENPH,Enphase Energy Inc. Common Stock,33.45,4420238476.0,3747447,Technology
PTEN,Patterson-UTI Energy Inc. Common Stock,11.55,4404995295.0,6815830,Energy
ACLS,Axcelis Technologies Inc. Common Stock,142.31,4394744700.0,372901,Technology
CECO,CECO Environmental Corp. Common Stock,74.96,4390394457.0,623994,Industrials
MC,Moelis & Company Class A Common Stock,56.05,4386981261.0,932480,Finance
PARR,Par Pacific Holdings Inc.  Common Stock,87.52,4384719355.0,762110,Energy
FELE,Franklin Electric Co. Inc. Common Stock,99.04,4378703395.0,464709,Consumer Discretionary
EWTX,Edgewise Therapeutics Inc. Common Stock,40.3,4376746399.0,1633836,Health Care
KRMN,Karman Holdings Inc. Common Stock,33.02,4376263038.0,3056896,Industrials
ALK,Alaska Air Group Inc. Common Stock,39.19,4373726273.0,2884282,Consumer Discretionary
KBR,KBR Inc. Common Stock,34.52,4351858903.0,1597001,Industrials
BDC,Belden Inc Common Stock,111.35,4351356568.0,350165,Industrials
OXLCM,Oxford Lane Capital Corp. Preferred Stock Shares 8.25% Series 2031,25.015,4342604000.0,11388,Finance
PRIM,Primoris Services Corporation Common Stock,80.57,4337270586.0,1511809,Industrials
OXLCZ,Oxford Lane Capital Corp. 5.00% Notes due 2027,24.9707,4334913520.0,2001,Finance
FULT,Fulton Financial Corporation Common Stock,22.69,4331851434.0,1529844,Finance
OTF,Blue Owl Technology Finance Corp. Common Stock,9.44,4325270072.0,2523795,Uncategorized
IBOC,International Bancshares Corporation Common Stock,69.49,4321688308.0,428407,Finance
ONDS,Ondas Inc. Common Stock,7.42,4320686027.0,36171012,Technology
SFBS,ServisFirst Bancshares Inc. Common Stock,39.51,4320221740.0,646851,Finance
MARA,MARA Holdings Inc. Common Stock,11.17,4314963147.0,33526234,Finance
VNT,Vontier Corporation Common Stock ,31.89,4311528000.0,1527168,Industrials
OPLN,OPENLANE Inc. Common Stock,35.32,4311507632.0,1326795,Consumer Discretionary
VSNT,Versant Media Group Inc. Class A Common Stock ,31.02,4305337239.0,2180927,Industrials
UFPI,UFP Industries Inc. Common Stock,78.04,4304802758.0,455963,Basic Materials
ITGR,Integer Holdings Corporation Common Stock,126.45,4298294470.0,589344,Health Care
HHH,Howard Hughes Holdings Inc. Common Stock,71.66,4279609440.0,831329,Real Estate
SLM,SLM Corporation Common Stock,22.74,4273913825.0,2656500,Finance
GFF,Griffon Corporation Common Stock,94.09,4261779828.0,461545,Industrials
EPR,EPR Properties Common Stock,55.59,4258689974.0,779731,Real Estate
GEO,Geo Group Inc (The) REIT,32.34,4256577347.0,4635723,Consumer Discretionary
RLAY,Relay Therapeutics Inc. Common Stock,19.39,4249156225.0,2936471,Health Care
CVSA,Covista Inc. Common Shares,125.39,4245731481.0,408267,Real Estate
TENB,Tenable Holdings Inc. Common Stock,38.51,4241490745.0,3448673,Technology
ALH,Alliance Laundry Holdings Inc. Common Stock,21.31,4236195636.0,1582326,Industrials
BCO,Brinks Company (The) Common Stock,102.76,4232646790.0,554185,Industrials
NWE,NorthWestern Energy Group Inc. Common Stock,68.76,4229967366.0,856974,Utilities
OXLCN,Oxford Lane Capital Corp. 7.125% Series 2029 Term Preferred Stock,24.3248,4222785280.0,2253,Finance
ENO,Entergy New Orleans LLC First Mortgage Bonds 5.50% Series due April 1 2066,19.74,4221020900.0,9084,Utilities
FHI,Federated Hermes Inc. Common Stock,56.5,4218305877.0,568261,Finance
BC,Brunswick Corporation Common Stock,64.83,4200817257.0,800805,Industrials
AZZ,AZZ Inc.,139.15,4181666364.0,244736,Industrials
TDW,Tidewater Inc. Common Stock,83.93,4176040468.0,689988,Consumer Discretionary
DHCNL,Diversified Healthcare Trust 6.25% Senior Notes Due 2046,17.275,4170433017.0,6055,Real Estate
CNK,Cinemark Holdings Inc Cinemark Holdings Inc. Common Stock,35.97,4169349424.0,2047477,Consumer Discretionary
FSLY,Fastly Inc. Class A Common Stock,26.01,4143393000.0,2548485,Technology
OXLCL,Oxford Lane Capital Corp. 6.75% Notes due 2031,23.85,4140360000.0,1809,Finance
AIR,AAR Corp. Common Stock,102.24,4109456133.0,780690,Industrials
OXLCO,Oxford Lane Capital Corp. Preferred Stock Shares 6.00% Series 2029,23.5601,4090033360.0,1340,Finance
UCB,United Community Banks Inc. Common Stock,33.81,4076657756.0,990516,Finance
TCBI,Texas Capital Bancshares Inc. Common Stock,93.69,4073113632.0,665953,Finance
MTH,Meritage Homes Corporation Common Stock,62.28,4059042512.0,1053500,Consumer Discretionary
TDS,Telephone and Data Systems Inc. Common Shares,35.11,4041161000.0,2123857,Telecommunications
LOPE,Grand Canyon Education Inc. Common Stock,154.93,4038256182.0,347667,Real Estate
ICUI,ICU Medical Inc. Common Stock,161.4,4036135933.0,211479,Health Care
CATY,Cathay General Bancorp Common Stock,60.48,4034851834.0,514535,Finance
COLD,Americold Realty Trust Inc. Common Stock,14.05,4011001742.0,4158703,Real Estate
HP,Helmerich & Payne Inc. Common Stock,40.13,4010549863.0,1221849,Energy
BRC,Brady Corporation Common Stock,85.41,4005661868.0,333785,Consumer Discretionary
ELC,Entergy Louisiana Inc. Collateral Trust Mortgage Bonds 4.875 % Series due September 1 2066,18.77,4002468851.0,20940,Utilities
REGCP,Regency Centers Corporation 6.25% Series A Cumulative Redeemable Preferred Stock,21.8549,4002081243.0,3510,Real Estate
CBT,Cabot Corporation Common Stock,77.38,3995207322.0,496046,Industrials
LILAP,Liberty Latin America Ltd. 9.0% Fixed Rate Cumulative Perpetual Redeemable Series A Preference Shares,20.35,3986565000.0,23096,Telecommunications
PAY,Paymentus Holdings Inc. Class A Common Stock,31.62,3982211638.0,966940,Consumer Discretionary
SPHR,Sphere Entertainment Co. Class A Common Stock,110.8,3979227656.0,3004756,Consumer Discretionary
BULL,Webull Corporation Class A Ordinary Shares,7.36,3977968754.0,8471890,Finance
SKT,Tanger Inc. Common Stock,34.59,3973664230.0,1190725,Real Estate
FRVO,Fervo Energy Company Class A common stock,13.46,3967512659.0,11880183,Utilities
WSFS,WSFS Financial Corporation Common Stock,77.34,3951347391.0,397257,Finance
DHCNI,Diversified Healthcare Trust 5.625% Senior Notes due 2042,16.35,3947124737.0,13033,Real Estate
MDU,MDU Resources Group Inc. Common Stock (Holding Company),18.69,3931431333.0,2230240,Industrials
KFY,Korn Ferry Common Stock,71.71,3912415205.0,817767,Consumer Discretionary
WK,Workiva Inc. Class A Common Stock,71.88,3911457157.0,9133107,Technology
AQN,Algonquin Power & Utilities Corp. Common Shares,5.07,3902620758.0,4242603,Utilities
CVBF,CVB Financial Corporation Common Stock,22.12,3893063262.0,1784645,Finance
ACCV,Accelevation Holdings Corp. Class A Ordinary Shares,16.46,3891535073.0,2419022,Energy
TNGX,Tango Therapeutics Inc.,23.08,3891527270.0,1944050,Health Care
DTW,DTE Energy Company 2017 Series E 5.25% Junior Subordinated Debentures due 2077,18.64,3878761606.0,31476,Utilities
CCC,CCC Intelligent Solutions Holdings Inc. Common Stock,6.58,3875585152.0,7437285,Technology
APLE,Apple Hospitality REIT Inc. Common Shares,16.4,3871756247.0,3447207,Real Estate
VVV,Valvoline Inc. Common Stock,30.34,3870971922.0,3254103,Industrials
KRC,Kilroy Realty Corporation Common Stock,33.28,3870763121.0,1266360,Real Estate
EE,Excelerate Energy Inc. Class A Common Stock,34.13,3870413844.0,446470,Utilities
ITRI,Itron Inc. Common Stock,87.79,3844039046.0,940469,Industrials
CRVL,CorVel Corp. Common Stock,76.0,3839259396.0,270969,Finance
CRK,Comstock Resources Inc. Common Stock,13.06,3834684357.0,2922558,Energy
VCYT,Veracyte Inc. Common Stock,47.67,3832226147.0,1289260,Health Care
SITE,SiteOne Landscape Supply Inc. Common Stock,87.66,3826831487.0,1051300,Consumer Discretionary
AVNT,Avient Corporation Common Stock,41.6,3815533280.0,663294,Industrials
CAR,Avis Budget Group Inc. Common Stock,107.98,3814474917.0,377327,Consumer Discretionary
FCN,FTI Consulting Inc. Common Stock,138.02,3810949582.0,376429,Consumer Discretionary
SEB,Seaboard Corporation Common Stock,3978.74,3810813300.0,9362,Industrials
BFH,Bread Financial Holdings Inc. Common Stock,98.9,3799665605.0,417817,Consumer Discretionary
BILL,BILL Holdings Inc. Common Stock,44.49,3793964031.0,1582073,Technology
GEF,Greif Inc. Class A Common Stock,82.05,3788110738.0,335443,Uncategorized
REGCO,Regency Centers Corporation 5.875% Series B Cumulative Redeemable Preferred Stock,20.685,3787848515.0,1005,Real Estate
MSGE,Madison Square Garden Entertainment Corp. Class A Common Stock,80.01,3784891772.0,738074,Consumer Discretionary
CDP,COPT Defense Properties Common Shares of Beneficial Interest,33.36,3783372879.0,902599,Real Estate
FLY,Firefly Aerospace Inc. Common Stock,22.59,3781670931.0,3594729,Industrials
TNL,Travel   Leisure Co. Common  Stock,61.72,3777525199.0,801010,Consumer Discretionary
INDB,Independent Bank Corp. Common Stock,79.71,3775790881.0,453690,Finance
ASBA,Associated Banc-Corp 6.625% Fixed-Rate Reset Subordinated Notes due 2033,25.02,3775538391.0,36523,Finance
JOE,St. Joe Company (The) Common Stock,66.21,3769365161.0,285321,Real Estate
ATMU,Atmus Filtration Technologies Inc. Common Stock,46.18,3768081437.0,734133,Consumer Discretionary
GPGI,GPGI Inc. Class A Common Stock,12.98,3762773264.0,1957058,Finance
CNS,Cohen & Steers Inc Common Stock,73.02,3754800340.0,287397,Finance
IOND,Ionic Digital Inc. Class A Common Stock,83.32,3749081301.0,272385,Finance
NVST,Envista Holdings Corporation Common Stock,23.34,3748817328.0,2701952,Health Care
MRP,Millrose Properties Inc. Class A Common Stock,22.51,3737738837.0,7289150,Finance
SEZL,Sezzle Inc. Common Stock,110.85,3732875302.0,633343,Finance
SKYW,SkyWest Inc. Common Stock,96.06,3729848900.0,322647,Consumer Discretionary
NP,Neptune Insurance Holdings Inc. Class A Common Stock,27.12,3721761401.0,433486,Finance
BOOT,Boot Barn Holdings Inc. Common Stock,122.88,3721401631.0,677355,Consumer Discretionary
BELFB,Bel Fuse Inc. Class B Common Stock,257.63,3720035504.0,122686,Uncategorized
MIR,Mirion Technologies Inc. Class A Common Stock,14.92,3715641693.0,4428048,Industrials
OTTR,Otter Tail Corporation Common Stock,88.42,3712364984.0,427570,Utilities
BATRA,Atlanta Braves Holdings Inc. Series A Common Stock,57.74,3705054373.0,44647,Consumer Discretionary
WT,WisdomTree Inc. Common Stock,24.45,3704471114.0,2166522,Finance
SLGN,Silgan Holdings Inc. Common Stock,34.99,3697813880.0,1347375,Industrials
VKTX,Viking Therapeutics Inc. Common Stock,29.28,3680163701.0,6277360,Health Care
ACHR,Archer Aviation Inc. Class A Common Stock,4.72,3673505545.0,19579803,Industrials
IDYA,IDEAYA Biosciences Inc. Common Stock,38.06,3672389761.0,658028,Health Care
OLED,Universal Display Corporation Common Stock,79.8,3668153433.0,735505,Technology
DORM,Dorman Products Inc. Common Stock,123.44,3663158286.0,286249,Consumer Discretionary
RUM,RUM Group Inc. Class A Common Stock,7.38,3659079232.0,5299636,Technology
CENX,Century Aluminum Company Common Stock,36.94,3656812317.0,1863805,Industrials
LEGN,Legend Biotech Corporation American Depositary Shares,18.775,3651519954.0,1763333,Health Care
IPAR,Interparfums Inc. Common Stock,113.76,3643252847.0,197800,Consumer Discretionary
QTWO,Q2 Holdings Inc. Common Stock,58.21,3629666796.0,727555,Technology
GNW,Genworth Financial Inc Common Stock,9.59,3623591445.0,4895589,Finance
RNST,Renasant Corporation Common Stock,39.64,3623272993.0,885496,Finance
WSBC,WesBanco Inc. Common Stock,37.75,3620447310.0,1071129,Finance
BMI,Badger Meter Inc. Common Stock,124.89,3620167322.0,457034,Industrials
BANF,BancFirst Corporation Common Stock,107.57,3614217000.0,147914,Finance
CDNA,CareDx Inc. Common Stock,69.85,3613635477.0,1639911,Health Care
LMND,Lemonade Inc. Common Stock,46.67,3612100022.0,882740,Finance
NHC,National HealthCare Corporation Common Stock,230.37,3607915566.0,112813,Health Care
UNMA,Unum Group 6.250% Junior Subordinated Notes due 2058,21.16,3603828158.0,14198,Finance
CELC,Celcuity Inc. Common Stock,73.62,3602367067.0,1718462,Health Care
PLSE,Pulse Biosciences Inc Common Stock (DE),50.5,3601791654.0,433495,Health Care
PBLS,Parabilis Medicines Inc. Common Stock,29.53,3601243446.0,572569,Health Care
OGN,Organon & Co. Common Stock ,13.7,3597749232.0,2881894,Health Care
IRTC,iRhythm Holdings Inc. Common Stock,109.09,3595933997.0,626359,Health Care
PURR,Hyperliquid Strategies Inc Common Stock,12.92,3595265041.0,15804973,Finance
LXP,LXP Industrial Trust Common Stock (Maryland REIT),60.92,3591676523.0,941773,Real Estate
MGNI,Magnite Inc. Common Stock,24.96,3579866959.0,1521914,Technology
CII,BlackRock Enhanced Large Cap Core Fund Inc. Common Stock,24.06,3579225052.0,69102,Finance
IPGP,IPG Photonics Corporation Common Stock,83.6,3555887460.0,473869,Technology
SXI,Standex International Corporation Common Stock,289.24,3552290937.0,126210,Industrials
BNL,Broadstone Net Lease Inc. Common Stock,18.4,3530830666.0,2012493,Real Estate
BBWI,Bath & Body Works Inc.,17.46,3520727165.0,12391619,Consumer Discretionary
RHI,Robert Half Inc. Common Stock,34.32,3513057937.0,2717785,Consumer Discretionary
KTB,Kontoor Brands Inc. Common Stock ,64.2,3508762404.0,673317,Industrials
VAC,Marriott Vacations Worldwide Corporation Common Stock,101.93,3505914968.0,347376,Finance
OPCH,Option Care Health Inc. Common Stock,23.37,3500481129.0,2822932,Health Care
COHU,Cohu Inc. Common Stock,73.73,3490262665.0,1138113,Industrials
AMLX,Amylyx Pharmaceuticals Inc. Common Stock,27.78,3485231102.0,941126,Health Care
TARS,Tarsus Pharmaceuticals Inc. Common Stock,74.455,3483875130.0,939637,Health Care
THO,Thor Industries Inc. Common Stock,67.24,3470549634.0,1229406,Industrials
IRT,Independence Realty Trust Inc. Common Stock,14.72,3470160026.0,4479416,Real Estate
LIF,Life360 Inc. Common Stock,42.57,3468619308.0,609149,Technology
ACAD,ACADIA Pharmaceuticals Inc. Common Stock,20.11,3465063967.0,3152422,Health Care
PVH,PVH Corp. Common Stock,74.9,3455723692.0,1034683,Industrials
PDI,PIMCO Dynamic Income Fund Common Stock,14.2,3451878000.0,4472723,Finance
NIC,Nicolet Bankshares Inc. Common Stock,164.62,3450025790.0,161055,Finance
FRSH,Freshworks Inc. Class A Common Stock,13.22,3449372606.0,3592066,Technology
VECO,Veeco Instruments Inc. Common Stock,56.31,3442210028.0,657708,Technology
AEHR,Aehr Test Systems Common Stock,104.4,3409656602.0,2078687,Industrials
MIAX,Miami International Holdings Inc. Common Stock,34.32,3405604419.0,1678567,Finance
SLG,SL Green Realty Corp Common Stock,48.01,3401504035.0,705510,Real Estate
HNI,HNI Corporation Common Stock,47.08,3398319144.0,652126,Consumer Discretionary
MWA,MUELLER WATER PRODUCTS Common Stock,21.76,3397294775.0,2058921,Industrials
FIBK,First Interstate BancSystem Inc. Common Stock (DE),35.62,3394750101.0,2214635,Finance
KN,Knowles Corporation Common Stock,39.4,3365166844.0,851522,Consumer Staples
NATL,NCR Atleos Corporation Common Stock,45.5,3362310497.0,1611091,Miscellaneous
UCTT,Ultra Clean Holdings Inc. Common Stock,74.02,3351405687.0,1393303,Technology
PLMR,Palomar Holdings Inc. Common stock,127.34,3351293753.0,279380,Finance
BATRK,Atlanta Braves Holdings Inc. Series C Common Stock,52.17,3347639186.0,468569,Consumer Discretionary
NTRSO,Northern Trust Corporation Depositary Shares Each Representing a 1/1000th Interest in a Share of Series E Non-Cumulative Perpetual Preferred Stock,18.28,3344429337.0,34045,Finance
SHOO,Steven Madden Ltd. Common Stock,45.68,3342729700.0,1034845,Consumer Discretionary
MHO,M/I Homes Inc. Common Stock,132.0,3337360092.0,281783,Consumer Discretionary
CXW,CoreCivic Inc. Common Stock,33.73,3335677384.0,2918267,Real Estate
ELVN,Enliven Therapeutics Inc. Common Stock,45.47,3331621503.0,821531,Health Care
FFBC,First Financial Bancorp. Common Stock,31.51,3313809838.0,791453,Finance
SMR,NuScale Power Corporation Class A Common Stock,7.68,3300274729.0,17955914,Industrials
WRBY,Warby Parker Inc. Class A Common Stock,26.65,3294154639.0,3034811,Health Care
MCHB,Mechanics Bancorp Class A Common Stock,14.93,3289259071.0,538720,Finance
SFNC,Simmons First National Corporation Class A Common Stock,22.71,3281908148.0,1527104,Finance
LRN,Stride Inc. Common Stock,78.88,3278240574.0,869097,Real Estate
FULTP,Fulton Financial Corporation Depositary Shares Each Representing a 1/40th Interest in a Share of Fixed Rate Non-Cumulative Perpetual Preferred Stock Series A,17.17,3278003047.0,8227,Finance
LUNR,Intuitive Machines Inc. Class A Common Stock,14.29,3271324932.0,7579717,Industrials
PFSI,PennyMac Financial Services Inc. Common Stock,62.95,3270351457.0,599748,Finance
PRK,Park National Corporation Common Stock,181.02,3269974424.0,109788,Finance
EXPO,Exponent Inc. Common Stock,68.75,3268793275.0,645021,Consumer Discretionary
AB,AllianceBernstein Holding L.P.  Units,35.04,3261355674.0,301344,Finance
HIW,Highwoods Properties Inc. Common Stock,29.49,3252930162.0,1412148,Real Estate
COCO,The Vita Coco Company Inc. Common Stock,55.32,3246963033.0,1194072,Consumer Staples
AWR,American States Water Company Common Stock,81.76,3240608782.0,277670,Utilities
CSQ,Calamos Strategic Total Return Common Stock,20.36,3234951984.0,210237,Finance
NVTS,Navitas Semiconductor Corporation Common Stock,12.34,3221893642.0,17308274,Technology
GBDC,Golub Capital BDC Inc. Common Stock,12.38,3214486672.0,1916683,Finance
DTG,DTE Energy Company 2021 Series E 4.375% Junior Subordinated Debentures,15.41,3206637143.0,31953,Utilities
CLSK,CleanSpark Inc. Common Stock,12.48,3205077071.0,14851623,Finance
CURB,Curbline Properties Corp. Common Stock,27.86,3204959377.0,1638418,Finance
ATKR,Atkore Inc. Common Stock,94.78,3200962289.0,600000,Miscellaneous
ASO,Academy Sports and Outdoors Inc. Common Stock,51.98,3200870754.0,2657165,Consumer Discretionary
CORZW,Core Scientific Inc. Tranche 1 Warrants,9.96,3200550792.0,45601,Finance
LBRT,Liberty Energy Inc. Class A common stock,19.59,3196919839.0,3500666,Energy
DKL,Delek Logistics Partners L.P. Common Units representing Limited Partner Interests,55.3,3196190745.0,74782,Energy
POST,Post Holdings Inc. Common Stock,72.68,3194780587.0,875376,Consumer Staples
NHI,National Health Investors Inc. Common Stock,65.02,3193160419.0,536460,Real Estate
ARLP,Alliance Resource Partners L.P. Common Units representing Limited Partners Interests,24.79,3189451677.0,334493,Energy
DNLI,Denali Therapeutics Inc. Common Stock,19.91,3182561794.0,1717749,Health Care
OUST,Ouster Inc. Common Stock,44.12,3181596132.0,2988345,Industrials
USLM,United States Lime & Minerals Inc. Common Stock,110.78,3178096853.0,107356,Industrials
PLNT,Planet Fitness Inc. Common Stock,42.07,3164377718.0,2210750,Consumer Discretionary
CBU,Community Financial System Inc. Common Stock,60.13,3163794368.0,307121,Finance
ARQT,Arcutis Biotherapeutics Inc. Common Stock,25.15,3161152819.0,2310369,Health Care
FA,First Advantage Corporation Common Stock,18.37,3155115304.0,1936648,Technology
KAI,Kadant Inc Common Stock,267.14,3154687515.0,165526,Industrials
OSIS,OSI Systems Inc. Common Stock (DE),197.87,3154437208.0,198927,Technology
RCUS,Arcus Biosciences Inc. Common Stock,24.74,3150227722.0,1390887,Health Care
ASH,Ashland Inc. Common Stock,68.78,3149667989.0,539146,Consumer Discretionary
SBCF,Seacoast Banking Corporation of Florida Common Stock,32.49,3145772740.0,836358,Finance
HTGC,Hercules Capital Inc. Common Stock,16.69,3123767160.0,1177180,Finance
BFAM,Bright Horizons Family Solutions Inc. Common Stock,64.21,3122872998.0,679684,Consumer Discretionary
BSM,Black Stone Minerals L.P. Common units representing limited partner interests,14.67,3120464077.0,215372,Energy
PENG,Penguin Solutions Inc. Common Stock,60.71,3110944256.0,2663895,Technology
BTU,Peabody Energy Corporation Common Stock ,25.5,3108450000.0,2211197,Energy
PPLI,People Incorporated Common Stock,41.73,3107379590.0,2073410,Technology
AVPT,AvePoint Inc. Class A Common Stock,14.66,3101549145.0,3169444,Technology
BHE,Benchmark Electronics Inc. Common Stock,86.11,3093065431.0,380112,Technology
WSC,WillScot Holdings Corporation Class A Common Stock,17.07,3092929653.0,3157811,Industrials
PTRN,Pattern Group Inc. Series A Common Stock,17.41,3088518139.0,1133909,Consumer Discretionary
ABG,Asbury Automotive Group Inc Common Stock,171.83,3084677898.0,301486,Consumer Discretionary
EXTR,Extreme Networks Inc. Common Stock,23.33,3083542314.0,1822379,Telecommunications
DTB,DTE Energy Company 2020 Series G 4.375% Junior Subordinated Debentures due 2080,14.81,3081784302.0,25152,Utilities
BKU,BankUnited Inc. Common Stock,43.23,3079370124.0,827060,Finance
PK,Park Hotels & Resorts Inc. Common Stock ,15.26,3072422916.0,5086553,Consumer Discretionary
CLBK,Columbia Financial Inc. Common Stock,11.33,3053946380.0,2523591,Finance
FHB,First Hawaiian Inc. Common Stock,25.04,3046901054.0,2052414,Finance
CPK,Chesapeake Utilities Corporation Common Stock,126.27,3043922073.0,210435,Utilities
DXPE,DXP Enterprises Inc. Common Stock,195.8,3038257578.0,128782,Industrials
POWI,Power Integrations Inc. Common Stock,54.36,3037272479.0,703997,Technology
FSK,FS KKR Capital Corp. Common Stock,10.99,3036979677.0,2568540,Finance
CALM,Cal-Maine Foods Inc. Common Stock,64.99,3035722739.0,2656604,Consumer Staples
AEO,American Eagle Outfitters Inc. Common Stock,18.11,3034753061.0,4913348,Consumer Discretionary
DAN,Dana Incorporated Common Stock ,28.1,3022904680.0,905849,Consumer Discretionary
BRZE,Braze Inc. Class A Common Stock,26.61,3022481602.0,1687033,Technology
BELFA,Bel Fuse Inc. Class A Common Stock,208.71,3013657610.0,50185,Uncategorized
AMBA,Ambarella Inc. Ordinary Shares,68.26,3013062680.0,1096704,Technology
FGN,F&G Annuities & Life Inc. 7.950% Senior Notes due 2053,23.84,3006189384.0,25231,Finance
PII,Polaris Inc. Common Stock,52.66,2996539574.0,1020007,Consumer Discretionary
NTCT,NetScout Systems Inc. Common Stock,41.2,2995541254.0,774713,Technology
WOR,Worthington Enterprises Inc. Common Shares,61.14,2991383574.0,273629,Industrials
AD,Array Digital Infrastructure Inc. Common Shares,34.5,2984250000.0,250161,Telecommunications
CBZ,CBIZ Inc. Common Stock,54.72,2969319459.0,864637,Consumer Discretionary
FOUR,Shift4 Payments Inc. Class A Common Stock,37.55,2964952506.0,1976974,Consumer Discretionary
NMIH,NMI Holdings Inc. Common Stock,39.39,2962831151.0,1106930,Finance
YETI,YETI Holdings Inc. Common Stock,40.52,2957506014.0,1171445,Consumer Discretionary
NAN,Nuveen New York Quality Municipal Income Fund Common Stock,9.76,2950602208.0,196598,Finance
KNF,Knife Riv Holding Co. Common Stock,51.97,2949994937.0,1132113,Industrials
FRPT,Freshpet Inc. Common Stock,61.33,2947401678.0,1023605,Consumer Staples
ATRO,Astronics Corporation Common Stock,68.41,2942250068.0,257270,Industrials
AVA,Avista Corporation Common Stock,35.13,2942236918.0,929418,Utilities
ASST,Strive Inc. Class A Common Stock,30.26,2935300159.0,9605048,Finance
TNET,TriNet Group Inc. Common Stock,63.9,2933312758.0,396488,Consumer Discretionary
ARCB,ArcBest Corporation Common Stock,131.14,2931156564.0,227378,Industrials
RWTN,Redwood Trust Inc. 9.125% Senior Notes Due 2029,22.62,2923034756.0,22668,Real Estate
PFS,Provident Financial Services Inc Common Stock,22.38,2918858191.0,1045190,Finance
COLM,Columbia Sportswear Company Common Stock,56.93,2914428534.0,580784,Consumer Discretionary
WING,Wingstop Inc. Common Stock,106.84,2910593615.0,1084598,Consumer Discretionary
SPSC,SPS Commerce Inc. Common Stock,80.46,2896574000.0,679641,Technology
DYN,Dyne Therapeutics Inc. Common Stock,15.44,2883364895.0,4377421,Health Care
FG,F&G Annuities & Life Inc. Common Stock,22.01,2881883950.0,740121,Finance
GPI,Group 1 Automotive Inc. Common Stock,241.44,2878502004.0,302338,Consumer Discretionary
TMDX,TransMedics Group Inc. Common Stock,82.99,2877690284.0,995114,Health Care
ADEA,Adeia Inc. Common Stock,26.07,2875003511.0,1172097,Telecommunications
DNOW,DNOW Inc. Common Stock,15.9,2874495667.0,2221823,Consumer Discretionary
ATRC,AtriCure Inc. Common Stock,56.37,2867332993.0,1095581,Health Care
BHF,Brighthouse Financial Inc. Common Stock,49.82,2865226069.0,582080,Finance
QS,QuantumScape Corporation Class A Common Stock,4.62,2860304402.0,15163682,Miscellaneous
INTA,Intapp Inc. Common Stock,37.38,2859986712.0,494247,Technology
SMG,Scotts Miracle-Gro Company (The) Common Stock,49.1,2858615453.0,1140278,Industrials
INFQ,Infleqtion Inc. Common Stock,12.66,2853020278.0,7820466,Technology
MMS,Maximus Inc. Common Stock,54.41,2848785885.0,731593,Consumer Discretionary
MGRC,McGrath RentCorp Common Stock,116.57,2847299536.0,186063,Consumer Discretionary
ROG,Rogers Corporation Common Stock,159.1,2842852099.0,278292,Industrials
ABM,ABM Industries Incorporated Common Stock,48.49,2842221566.0,428642,Consumer Discretionary
TALO,Talos Energy Inc. Common Stock,17.01,2840082611.0,1926059,Energy
NEOG,Neogen Corporation Common Stock,13.01,2837559125.0,5151852,Health Care
CWT,California Water Service Group Common Stock,45.84,2834704390.0,701920,Utilities
RWTO,Redwood Trust Inc. 9.00% Senior Notes Due 2029,21.91,2831286096.0,6523,Real Estate
CXT,Crane NXT Co. Common Stock,49.16,2829713705.0,524994,Industrials
DGII,Digi International Inc. Common Stock,74.56,2829412051.0,339072,Telecommunications
SOUN,SoundHound AI Inc Class A Common Stock,5.88,2828307536.0,13998504,Technology
TR,Tootsie Roll Industries Inc. Common Stock,37.61,2823444681.0,175419,Consumer Staples
SLDE,Slide Insurance Holdings Inc. Common Stock,24.14,2819834897.0,1071017,Finance
MBX,MBX Biosciences Inc. Common Stock,58.54,2819292020.0,583290,Health Care
REZI,Resideo Technologies Inc. Common Stock ,18.56,2818287336.0,1788379,Industrials
GRBK,Green Brick Partners Inc. Common Stock,65.47,2815910267.0,370769,Consumer Discretionary
AGYS,Agilysys Inc. Common Stock (DE),99.5,2806475906.0,368321,Technology
FIZZ,National Beverage Corp. Common Stock,29.84,2793480612.0,433417,Consumer Staples
GPOR,Gulfport Energy Corporation Common Shares,157.84,2791221409.0,329212,Energy
LEU,Centrus Energy Corp. Class A Common Stock,141.44,2791163948.0,613991,Industrials
APAM,Artisan Partners Asset Management Inc. Class A Common Stock,34.4,2788899814.0,1392643,Finance
TDC,Teradata Corporation Common Stock,29.91,2781630000.0,1880896,Technology
CWK,Cushman & Wakefield Ltd. Common Shares,11.85,2781357440.0,4764696,Finance
WTTR,Select Water Solutions Inc. Class A common stock,20.06,2777925510.0,2207629,Energy
FTAIM,FTAI Aviation Ltd. 9.500% Fixed-Rate Reset Series D Cumulative Perpetual Redeemable Preferred Shares,27.0409,2777292177.0,3078,Industrials
BANC,Banc of California Inc. Common Stock,17.55,2772031784.0,2586162,Finance
KWR,Quaker Houghton Common Stock,161.05,2771300407.0,192846,Industrials
PGEN,Precigen Inc. Common Stock,7.74,2771192812.0,10254205,Health Care
WDFC,WD-40 Company Common Stock,205.86,2762866823.0,116908,Industrials
POWWP,Outdoor Holding Company 8.75% Series A Cumulative Redeemable Perpetual Preferred Stock,23.8,2762250158.0,4737,Industrials
KBH,KB Home Common Stock,45.04,2761390149.0,1421153,Consumer Discretionary
ALRM,Alarm.com Holdings Inc. Common Stock,56.24,2760834423.0,574571,Technology
HWKN,Hawkins Inc. Common Stock,132.06,2756767951.0,237708,Consumer Discretionary
APPN,Appian Corporation Class A Common Stock,38.21,2736890481.0,541700,Technology
HOG,Harley-Davidson Inc. Common Stock,26.19,2725658958.0,3703619,Consumer Discretionary
MZTI,The Marzetti Company Common Stock,99.49,2715181590.0,449642,Consumer Staples
FUL,H. B. Fuller Company Common Stock,50.44,2715140762.0,1204696,Industrials
CHRN,ChronoScale Holdings Corporation Common Stock,18.6,2708856607.0,132207,Industrials
NMFCZ,New Mountain Finance Corporation 8.250% Notes due 2028,25.41,2702632019.0,4994,Uncategorized
AVAH,Aveanna Healthcare Holdings Inc. Common Stock,12.37,2699377640.0,4605334,Health Care
ACHC,Acadia Healthcare Company Inc. Common Stock,28.87,2687804939.0,2431177,Health Care
DX,Dynex Capital Inc. Common Stock,10.83,2687647711.0,8839198,Real Estate
UNFI,United Natural Foods Inc. Common Stock,44.53,2685919751.0,850070,Consumer Discretionary
BOH,Bank of Hawaii Corporation Common Stock,68.03,2683810440.0,713584,Finance
TOWN,TowneBank Common Stock,35.84,2674285107.0,488859,Finance
SLNHP,Soluna Holdings Inc 9.0% Series A Cumulative Perpetual Preferred Stock ,10.84,2674250189.0,1125,Technology
GCMG,GCM Grosvenor Inc. Class A Common Stock,13.18,2672799878.0,351709,Finance
SHAK,Shake Shack Inc. Class A Common Stock,62.4,2670653731.0,1403766,Consumer Discretionary
GRDN,Guardian Pharmacy Services Inc. Class A Common Stock,42.1,2666710998.0,276117,Consumer Staples
MGEE,MGE Energy Inc,70.27,2655082523.0,333959,Energy
BEAM,Beam Therapeutics Inc. Common Stock,25.67,2651394361.0,2002022,Health Care
NBTB,NBT Bancorp Inc. Common Stock,50.95,2647365108.0,422311,Finance
HGV,Hilton Grand Vacations Inc. Common Stock ,34.05,2646507137.0,1201712,Consumer Discretionary
ALMR,Alamar Biosciences Inc. Common Stock,38.13,2645946168.0,570835,Industrials
TRMK,Trustmark Corporation Common Stock,45.54,2644534077.0,369111,Finance
PLUG,Plug Power Inc. Common Stock,1.89,2640699075.0,42065960,Energy
HAYW,Hayward Holdings Inc. Common Stock,12.43,2636646404.0,3049343,Industrials
FBK,FB Financial Corporation Common Stock,52.58,2627850496.0,554646,Finance
CARG,CarGurus Inc. Class A Common Stock ,29.35,2614306579.0,2138652,Technology
PRVA,Privia Health Group Inc. Common Stock,20.45,2612164533.0,1343834,Health Care
BCC,Boise Cascade L.L.C. Common Stock,74.84,2611268709.0,281932,Consumer Discretionary
DCO,Ducommun Incorporated Common Stock,172.85,2609996800.0,179129,Industrials
RDW,Redwire Corporation Common Stock,10.43,2607422912.0,18016608,Industrials
FRMI,Fermi Inc. Common Stock,4.06,2603514394.0,13343710,Real Estate
MFAO,MFA Financial Inc. 9.000% Senior Notes due 2029,25.17,2584171229.0,14753,Real Estate
LFTO,Liftoff Mobile Inc. Common Stock,15.26,2583999102.0,555089,Technology
MFAN,MFA Financial Inc. 8.875% Senior Notes due 2029,25.16,2583144542.0,14536,Real Estate
ZIONP,Zions Bancorporation N.A. Depositary Shares (Each representing 1/40th Interest in a Share of Series A Floating-Rate Non-Cumulative Perpetual Preferred Stock),17.6571,2577112985.0,5594,Finance
FIVN,Five9 Inc. Common Stock,34.37,2568247760.0,2244049,Technology
NOG,Northern Oil and Gas Inc. Common Stock,24.03,2560375546.0,1890358,Energy
CLDX,Celldex Therapeutics Inc.,32.59,2559277448.0,1257902,Health Care
RXRX,Recursion Pharmaceuticals Inc. Class A Common Stock,4.78,2558935573.0,67279352,Health Care
GDV,Gabelli Dividend & Income Trust Common Shares of Beneficial Interest,28.37,2558647490.0,95153,Finance
FBNC,First Bancorp Common Stock,61.79,2558033273.0,295562,Finance
GPK,Graphic Packaging Holding Company,8.61,2549176244.0,10975913,Consumer Discretionary
CALY,Callaway Golf Company Common Stock,14.28,2549130240.0,2089056,Consumer Discretionary
HURN,Huron Consulting Group Inc. Common Stock,160.1,2547202527.0,214094,Consumer Discretionary
KALU,Kaiser Aluminum Corporation Common Stock,155.76,2546534570.0,257592,Industrials
DRH,Diamondrock Hospitality Company Common Stock,12.42,2541202558.0,3296513,Real Estate
CHTRP,Charter Communications Inc. Series A Cumulative Redeemable Preferred Stock,22.1568,2538670575.0,8690,Telecommunications
CUBI,Customers Bancorp Inc Common Stock,75.03,2534798439.0,306974,Finance
KD,Kyndryl Holdings Inc. Common Stock,11.61,2528870033.0,4419876,Technology
AKR,Acadia Realty Trust Common Stock,18.41,2528295412.0,1756121,Real Estate
MAN,ManpowerGroup Common Stock,54.2,2520601894.0,907559,Consumer Discretionary
VIA,Via Transportation Inc. Class A Common Stock,30.89,2517708386.0,735690,Technology
BKD,Brookdale Senior Living Inc. Common Stock,10.53,2514745664.0,4402067,Health Care
NGVT,Ingevity Corporation Common Stock ,73.14,2514401215.0,297871,Industrials
KMT,Kennametal Inc. Common Stock,32.86,2510176419.0,2163562,Industrials
RVMDW,Revolution Medicines Inc. Warrant,11.7,2507736091.0,11310,Health Care
BFLY,Butterfly Network Inc. Class A Common Stock,9.38,2497755017.0,5234288,Health Care
FRME,First Merchants Corporation Common Stock,39.77,2497612593.0,478417,Finance
AMC,AMC Entertainment Holdings Inc. Class A Common Stock,2.79,2490366940.0,19846481,Consumer Discretionary
TTAM,Titan America SA Common Shares,13.5,2488893278.0,199550,Industrials
CLOV,Clover Health Investments Corp. Class A Common Stock,4.68,2485811311.0,4880604,Health Care
SUPN,Supernus Pharmaceuticals Inc. Common Stock,42.76,2485511076.0,1288412,Health Care
CENT,Central Garden & Pet Company Common Stock,39.7,2484926141.0,72056,Consumer Discretionary
LQDA,Liquidia Corporation Common Stock,27.64,2474025747.0,7760121,Health Care
BANR,Banner Corporation Common Stock,67.4,2469500413.0,253704,Finance
LPG,Dorian LPG Ltd. Common Stock,57.64,2465993733.0,655015,Consumer Discretionary
WLY,John Wiley & Sons Inc. Common Stock,48.54,2464064659.0,432841,Consumer Discretionary
UE,Urban Edge Properties Common Shares of Beneficial Interest,19.51,2463029532.0,916710,Finance
NEO,NeoGenomics Inc. Common Stock,19.13,2457735167.0,2055766,Health Care
WLYB,John Wiley & Sons Inc. Common Stock,48.36,2454927212.0,375,Consumer Discretionary
BUSE,First Busey Corporation Class A Common Stock,29.51,2454922175.0,625954,Finance
SKWD,Skyward Specialty Insurance Group Inc. Common Stock,55.19,2450242449.0,218950,Finance
HTO,H2O America Common Stock,58.44,2446111626.0,723468,Utilities
SDGR,Schrodinger Inc. Common Stock,32.6,2438663473.0,4619521,Health Care
IRON,Disc Medicine Inc. Common Stock,63.33,2431418811.0,456348,Health Care
NESR,National Energy Services Reunited Corp Ordinary Shares,24.08,2428510236.0,2980900,Energy
PLUS,ePlus inc. Common Stock,93.02,2426930682.0,268966,Technology
PAYO,Payoneer Global Inc. Common Stock,7.15,2422783477.0,4337257,Consumer Discretionary
SYBT,Stock Yards Bancorp Inc. Common Stock,77.61,2411082163.0,126369,Finance
IOSP,Innospec Inc. Common Stock,97.65,2405221740.0,193458,Industrials
IMNM,Immunome Inc. Common Stock,21.17,2404438406.0,1216251,Health Care
EEFT,Euronet Worldwide Inc. Common Stock,64.245,2402993961.0,934335,Finance
DJT,Trump Media & Technology Group Corp. Common Stock,8.63,2398633195.0,4579548,Technology
COTY,Coty Inc. Class A Common Stock,2.72,2395467182.0,5206158,Consumer Discretionary
AAP,Advance Auto Parts Inc.,39.65,2394860000.0,1868845,Consumer Discretionary
WSBCO,WesBanco Inc. Depositary Shares each representing 1/40th interest in a share of 7.375% Fixed-Rate Reset Non-Cumulative Perpetual Preferred Stock Series B,24.87,2385179459.0,42139,Finance
BKV,BKV Corporation Common Stock,21.79,2384650316.0,881666,Energy
NOVTU,Novanta Inc. Tangible Equity Units,63.02,2383275865.0,2719,Miscellaneous
VC,Visteon Corporation Common Stock,89.27,2383100947.0,498853,Consumer Discretionary
UFPT,UFP Technologies Inc. Common Stock,307.33,2380513641.0,134998,Health Care
NRIX,Nurix Therapeutics Inc. Common stock,22.88,2374524907.0,1006551,Health Care
ICHR,Ichor Holdings Ordinary Shares,63.33,2371976323.0,741326,Technology
UPST,Upstart Holdings Inc. Common stock,24.35,2369572670.0,6209653,Finance
PDFS,PDF Solutions Inc. Common Stock,56.08,2368102273.0,535364,Technology
PRLB,Proto Labs Inc. Common stock,98.68,2360612796.0,258778,Industrials
BBT,Beacon Financial Corporation Common stock,28.13,2357746499.0,679706,Finance
SLS,SELLAS Life Sciences Group Inc. Common Stock,11.63,2348628596.0,4514429,Health Care
MFICL,MidCap Financial Investment Corporation 8.00% Notes due 2028,25.14,2345653057.0,3848,Finance
HLIO,Helios Technologies Inc. Common Stock,70.93,2340690000.0,202739,Industrials
LIND,Lindblad Expeditions Holdings Inc. Common Stock,35.6,2336060928.0,858729,Consumer Discretionary
NWL,Newell Brands Inc. Common Stock,5.48,2333932000.0,4652060,Industrials
CNXN,PC Connection Inc. Common Stock,92.4,2332000348.0,247589,Consumer Discretionary
FCPT,Four Corners Property Trust Inc. Common Stock,21.23,2330128499.0,1589609,Real Estate
AGM,Federal Agricultural Mortgage Corporation Common Stock,214.46,2327579417.0,100212,Finance
HRMY,Harmony Biosciences Holdings Inc. Common Stock,39.92,2324796809.0,897976,Health Care
BGR,BlackRock Energy and Resources Trust,17.13,2322591503.0,83007,Finance
IVT,InvenTrust Properties Corp. Common Stock,29.76,2320638107.0,757023,Real Estate
HCI,HCI Group Inc. Common Stock,185.91,2312509764.0,139281,Finance
PBI,Pitney Bowes Inc. Common Stock,16.81,2304486464.0,1642578,Miscellaneous
LIFE,Ethos Technologies Inc. Class A Common Stock,36.13,2303629073.0,2201916,Finance
INOD,Innodata Inc. Common Stock,66.97,2302606137.0,1465906,Technology
RAMP,LiveRamp Holdings Inc. Common Stock,37.71,2292578771.0,918750,Technology
PRCH,Porch Group Inc. Common Stock,17.35,2287285963.0,885862,Technology
LTC,LTC Properties Inc. Common Stock,42.43,2287213038.0,706321,Real Estate
MBIN,Merchants Bancorp Common Stock,49.72,2284041089.0,307143,Finance
NMRK,Newmark Group Inc. Class A Common Stock,12.58,2279856128.0,1310118,Finance
LASR,nLIGHT Inc. Common Stock,39.5,2278762782.0,617100,Technology
WGS,GeneDx Holdings Corp. Class A Common Stock,76.27,2274565202.0,855302,Health Care
ANDE,Andersons Inc. (The) Common Stock,66.9,2272965633.0,423694,Industrials
FIGS,FIGS Inc. Class A Common Stock,13.63,2264491498.0,1956053,Consumer Discretionary
ADMA,ADMA Biologics Inc Common Stock,10.11,2264485115.0,3512459,Health Care
ARR,ARMOUR Residential REIT Inc.,13.53,2260827795.0,5049983,Real Estate
ADAMM,Adamas Trust Inc. 7.875% Series E Fixed-to-Floating Rate Cumulative Redeemable Preferred Stock,25.0244,2259822086.0,15745,Real Estate
NN,NextNav Inc. Common Stock,13.32,2248548001.0,2611025,Industrials
ADAMI,Adamas Trust Inc. 9.125% Senior Notes Due 2029,24.7899,2245455483.0,12854,Real Estate
OPEN,Opendoor Technologies Inc Common Stock,2.31,2243220326.0,27099674,Finance
BKE,Buckle Inc. (The) Common Stock,43.45,2238215257.0,478808,Consumer Discretionary
WAFD,WaFd Inc. Common Stock,30.17,2232436330.0,1217563,Finance
DBD,Diebold Nixdorf Incorporated Common stock,65.63,2227914570.0,392759,Miscellaneous
RH,RH Common Stock,117.45,2223699525.0,862079,Consumer Discretionary
VVX,V2X Inc. Common Stock,70.87,2221445521.0,402981,Consumer Discretionary
KSS,Kohl's Corporation Common Stock,19.53,2214241971.0,5133506,Consumer Discretionary
MRVI,Maravai LifeSciences Holdings Inc. Class A Common Stock,8.52,2212419285.0,2630420,Health Care
BTX,BlackRock Technology and Private Equity Term Trust Common Shares of Beneficial Interest,9.38,2211768112.0,509816,Uncategorized
FLYW,Flywire Corporation Voting Common Stock,18.17,2210701637.0,1215082,Consumer Discretionary
ADAML,Adamas Trust Inc. 6.875% Series F Fixed-to-Floating Rate Cumulative Redeemable Preferred Stock $0.01 par value per share,24.47,2209757135.0,20643,Real Estate
PHIN,PHINIA Inc. Common Stock,60.18,2204880136.0,455577,Consumer Discretionary
NWBI,Northwest Bancshares Inc. Common Stock,15.04,2202745195.0,1025224,Finance
AMR,Alpha Metallurgical Resources Inc. Common Stock,173.6,2201082212.0,257754,Energy
PTON,Peloton Interactive Inc. Class A Common Stock,5.01,2198747723.0,8413810,Consumer Discretionary
PMTU,PennyMac Mortgage Investment Trust 8.50% Senior Notes due 2028,25.185,2196191487.0,8005,Real Estate
HTH,Hilltop Holdings Inc.,38.15,2185476809.0,300358,Finance
AXGN,Axogen Inc. Common Stock,37.22,2183753714.0,2186529,Health Care
ADAMN,Adamas Trust Inc. 8.00% Series D Fixed-to-Floating Rate Cumulative Redeemable Preferred Stock,24.0335,2170339113.0,6779,Real Estate
EFSC,Enterprise Financial Services Corporation Common Stock,59.82,2165036546.0,219564,Finance
CALX,Calix Inc Common Stock,34.34,2162183382.0,964326,Consumer Discretionary
PBH,Prestige Consumer Healthcare Inc. Common Stock,45.6,2160278203.0,604418,Health Care
PEB,Pebblebrook Hotel Trust Common Shares of Beneficial Interest,19.1,2155295876.0,2293039,Real Estate
VRDN,Viridian Therapeutics Inc. Common Stock,19.0,2152553111.0,2651222,Health Care
VERA,Vera Therapeutics Inc. Class A Common Stock,29.83,2149649283.0,2715191,Health Care
CENTA,Central Garden & Pet Company Class A Common Stock Nonvoting,34.26,2144422407.0,316568,Consumer Discretionary
PATK,Patrick Industries Inc. Common Stock,66.59,2138755200.0,566686,Consumer Discretionary
SONO,Sonos Inc. Common Stock,17.94,2122193983.0,2686510,Consumer Staples
MD,Pediatrix Medical Group Inc. Common Stock,26.1,2120710373.0,953219,Health Care
MCRI,Monarch Casino & Resort Inc. Common Stock,118.17,2117904307.0,148392,Consumer Discretionary
STUB,StubHub Holdings Inc. Class A Common Stock,5.53,2112957512.0,5991821,Consumer Discretionary
ADUS,Addus HomeCare Corporation Common Stock,112.98,2109822414.0,218398,Health Care
SHO,Sunstone Hotel Investors Inc. Sunstone Hotel Investors Inc. Common Shares,11.32,2104885412.0,2085959,Consumer Discretionary
VCEL,Vericel Corporation Common Stock,41.07,2103055637.0,648611,Health Care
TRN,Trinity Industries Inc. Common Stock,26.39,2102477736.0,974956,Industrials
BUSEP,First Busey Corporation Depositary Shares Each Representing a 1/40thInterest in a Share of 8.25% Fixed-Rate Series B Non-Cumulative Perpetual Preferred Stock $0.001 par value,25.27,2102198690.0,7286,Finance
ASAN,Asana Inc. Class A Common Stock,9.14,2092786869.0,3493340,Technology
CTRI,Centuri Holdings Inc. Common Stock,20.72,2091954458.0,2136600,Utilities
CC,Chemours Company (The) Common Stock,13.89,2090431041.0,2242418,Industrials
SBET,Sharplink Inc. Common Stock,9.59,2083174362.0,5668790,Technology
DV,DoubleVerify Holdings Inc. Common Stock,13.44,2083023224.0,2716683,Technology
SRCE,1st Source Corporation Common Stock,86.26,2077298311.0,116447,Finance
ECPG,Encore Capital Group Inc Common Stock,97.92,2076821119.0,198141,Finance
UWMC,UWM Holdings Corporation Class A Common Stock,1.29,2072980310.0,13808487,Finance
NVAX,Novavax Inc. Common Stock,12.56,2071718319.0,28701898,Health Care
BCRX,BioCryst Pharmaceuticals Inc. Common Stock,8.1,2069834351.0,4712469,Health Care
MTX,Minerals Technologies Inc. Common Stock,66.2,2060724044.0,268773,Basic Materials
MLYS,Mineralys Therapeutics Inc. Common Stock,23.3,2059880421.0,1079169,Health Care
FCF,First Commonwealth Financial Corporation Common Stock,20.38,2059519752.0,1214950,Finance
UTZ,Utz Brands Inc Class A Common Stock ,14.28,2055780402.0,1558122,Consumer Staples
ALGT,Allegiant Travel Company Common Stock,75.14,2054158911.0,417542,Consumer Discretionary
TRLV,Trulieve Cannabis Corp. Subordinate Voting Shares,10.65,2050820466.0,1899244,Health Care
WERN,Werner Enterprises Inc. Common Stock,34.15,2048219877.0,786178,Industrials
GRC,Gorman-Rupp Company (The) Common Stock,77.55,2048114345.0,109363,Industrials
ATEN,A10 Networks Inc. Common Stock,28.19,2046848302.0,993278,Telecommunications
INSP,Inspire Medical Systems Inc. Common Stock,70.75,2045409031.0,632158,Health Care
NCNO,nCino Inc. Common Stock,19.28,2038593435.0,1658925,Technology
ADRX,ADARx Pharmaceuticals Inc. Common Stock,19.05,2034565241.0,913980,Health Care
PLPC,Preformed Line Products Company Common Stock,416.1,2034188486.0,70906,Industrials
PENN,PENN Entertainment Inc. Common Stock,15.1,2024405524.0,2924697,Consumer Discretionary
CIMN,Chimera Investment Corporation 9.000% Senior Notes due 2029,25.07,2018904549.0,27101,Real Estate
UAA,Under Armour Inc. Class A Common Stock,4.7,2018864043.0,7811416,Consumer Discretionary
ALNT,Allient Inc. Common Stock,118.63,2017007880.0,140692,Industrials
TILE,Interface Inc. Common Stock,34.86,2014924036.0,558689,Consumer Discretionary
BAND,Bandwidth Inc. Class A Common Stock,62.53,2012264674.0,511666,Technology
LCII,LCI Industries,82.58,2007644248.0,422315,Consumer Discretionary
FTRE,Fortrea Holdings Inc. Common Stock,21.11,2007561000.0,2266663,Health Care
PRGO,Perrigo Company plc Ordinary Shares,14.44,2003827898.0,1878476,Health Care
VIR,Vir Biotechnology Inc. Common Stock,11.78,1993363985.0,3147287,Health Care
WS,Worthington Steel Inc. Common Shares,39.12,1993031735.0,593538,Industrials
VERX,Vertex Inc. Class A Common Stock,12.28,1992036794.0,1598213,Technology
CHCO,City Holding Company Common Stock,141.77,1991182333.0,102886,Finance
IDT,IDT Corporation Class B Common Stock,80.08,1989081975.0,480502,Telecommunications
INVX,Innovex International Inc. Common Stock,28.41,1986876845.0,784890,Consumer Discretionary
NWN,Northwest Natural Holding Company Common Stock,47.19,1986394058.0,293065,Utilities
PGNY,Progyny Inc. Common Stock,25.86,1984154996.0,1049708,Health Care
SAH,Sonic Automotive Inc. Common Stock,62.63,1980035049.0,355174,Consumer Discretionary
ABSI,Absci Corporation Common Stock,11.53,1978709535.0,4295039,Health Care
MPT,Medical Properties Trust Inc. common stock,3.31,1976732000.0,12540783,Real Estate
ALG,Alamo Group Inc. Common Stock,162.39,1976443006.0,165440,Industrials
PRDO,Perdoceo Education Corporation Common Stock,31.54,1973680315.0,648075,Real Estate
TBBK,The Bancorp Inc Common Stock,48.33,1971226479.0,622096,Finance
GPCR,Structure Therapeutics Inc. American Depositary Shares,27.59,1967438955.0,1868374,Health Care
BLKB,Blackbaud Inc. Common Stock,43.31,1965845101.0,582132,Technology
NGL,NGL ENERGY PARTNERS LP Common Units representing Limited Partner Interests,15.75,1965825052.0,145450,Utilities
UA,Under Armour Inc. Class C Common Stock,4.57,1963023122.0,2285463,Consumer Discretionary
BHVN,Biohaven Ltd. Common Shares ,12.97,1959037840.0,1671767,Health Care
WHR,Whirlpool Corporation Common Stock,30.03,1957937321.0,3005599,Consumer Discretionary
TRVI,Trevi Therapeutics Inc. Common Stock,13.72,1954768539.0,1719337,Health Care
GCT,GigaCloud Technology Inc Class A Ordinary Shares,54.66,1951921554.0,561147,Consumer Discretionary
UNIT,Uniti Group Inc. Common Stock,7.95,1929664823.0,3839310,Real Estate
UMBFO,UMB Financial Corporation Depositary Shares Each Representing a 1/400th Interest in a Share of 7.750% Fixed-Rate Reset Non-Cumulative Perpetual Preferred Stock Series B,25.37,1926852261.0,10795,Finance
MFP,Midera Food Processing Inc. Common Stock,42.54,1924103556.0,788589,Industrials
BRVE,Braveheart Bio Inc. Common Stock,21.35,1922331988.0,888982,Health Care
DRVN,Driven Brands Holdings Inc. Common Stock,11.65,1922014856.0,843415,Consumer Discretionary
ZD,Ziff Davis Inc. Common Stock,55.98,1919397904.0,457148,Telecommunications
RGTIW,Rigetti Computing Inc. Warrants,5.75,1919170295.0,93853,Technology
SFB,Stifel Financial Corporation 5.20% Senior Notes due 2047,18.77,1917794831.0,8062,Finance
KYN,Kayne Anderson Energy Infrastructure Fund Inc.,14.06,1914009312.0,384314,Finance
XNCR,Xencor Inc. Common Stock,25.63,1905677565.0,1276677,Health Care
PVLA,Palvella Therapeutics Inc. Common Stock,132.16,1904215069.0,142892,Health Care
WU,Western Union Company (The) Common Stock,6.1,1902461784.0,8292021,Consumer Discretionary
ABXL,Abacus Global Management Inc. 9.875% Fixed Rate Senior Notes due 2028,25.46,1900623295.0,5787,Finance
AVEX,AEVEX Corp. Class A Common Stock,14.93,1892660767.0,1621999,Industrials
BLFS,BioLife Solutions Inc. Common Stock,38.61,1888287841.0,4446008,Health Care
TH,Target Hospitality Corp. Common Stock,18.91,1883878929.0,2477777,Consumer Discretionary
GNL,Global Net Lease Inc. Common Stock,8.14,1882927356.0,3782822,Real Estate
EZPW,EZCORP Inc. Class A Non Voting Common Stock,30.5,1874022999.0,478644,Consumer Discretionary
AZTA,Azenta Inc.,42.73,1871932633.0,2370608,Technology
VOYG,Voyager Technologies Inc. Class A Common Stock,30.2,1871426292.0,1154333,Industrials
AGIO,Agios Pharmaceuticals Inc. Common Stock,31.25,1865683813.0,808749,Health Care
WKC,World Kinect Corporation Common Stock,36.43,1863453517.0,1201427,Energy
DXC,DXC Technology Company Common Stock ,11.66,1863019514.0,6614533,Technology
ZYME,Zymeworks Inc. Common Stock,26.21,1859841707.0,1036977,Health Care
RVT,Royce Small-Cap Trust Inc. Common Stock,17.22,1859014632.0,161326,Finance
TY,Tri Continental Corporation Common Stock,34.2,1858801977.0,46300,Finance
AMPL,Amplitude Inc. Class A Common Stock,14.88,1858751062.0,1913971,Technology
BXMT,Blackstone Mortgage Trust Inc. Common Stock,11.01,1855664937.0,3851657,Real Estate
OLN,Olin Corporation Common Stock,16.27,1854495112.0,22317002,Industrials
LMAT,LeMaitre Vascular Inc. Common Stock,80.99,1852181124.0,369828,Health Care
GABC,German American Bancorp Inc. Common Stock,49.28,1851883658.0,125652,Finance
VSTS,Vestis Corporation Common Stock,14.01,1851563071.0,1238390,Consumer Discretionary
BOBS,Bob's Discount Furniture Inc. Common Stock,14.15,1849222125.0,868429,Consumer Discretionary
AFGD,American Financial Group Inc. 5.625% Subordinated Debentures due 2060,22.28,1847490262.0,14619,Finance
SRPT,Sarepta Therapeutics Inc. Common Stock (DE),17.49,1847416597.0,2198733,Health Care
XERS,Xeris Biopharma Holdings Inc. Common Stock,10.13,1846904700.0,4664855,Health Care
HMN,Horace Mann Educators Corporation Common Stock,45.6,1846848062.0,289627,Finance
EPAC,Enerpac Tool Group Corp. Common Stock,36.02,1841978009.0,431090,Technology
FSUN,FirstSun Capital Bancorp Common Stock,39.45,1837737735.0,232431,Finance
RBCAA,Republic Bancorp Inc. Class A Common Stock,93.59,1837560192.0,97107,Finance
PLAB,Photronics Inc. Common Stock,31.07,1833041979.0,724034,Technology
RUN,Sunrun Inc. Common Stock,7.61,1832845533.0,9512137,Miscellaneous
BRSL,Brightstar Lottery PLC Trading under the Legal Name to begin at the market open on July 21 2025. Ordinary Shares,9.93,1832085000.0,1946715,Consumer Discretionary
WMK,Weis Markets Inc. Common Stock,74.01,1831347624.0,195554,Consumer Staples
ASTH,Astrana Health Inc. Common Stock,36.81,1825936712.0,389942,Consumer Discretionary
DHC,Diversified Healthcare Trust Common Shares of Beneficial Interest,7.54,1825652570.0,1641825,Real Estate
CDZIP,Cadiz Inc. Depositary Shares,21.56,1825637737.0,21838,Utilities
AFGB,American Financial Group Inc. 5.875% Subordinated Debentures due 2059,22.01,1825101467.0,19888,Finance
NSP,Insperity Inc. Common Stock,47.56,1816567041.0,454269,Consumer Discretionary
ZBIO,Zenas BioPharma Inc. Common Stock,27.83,1813868201.0,1131933,Health Care
FRNM,Freenome Inc. Common stock,16.83,1808329880.0,772788,Health Care
TIC,TIC Solutions Inc. Common Stock,8.26,1802500141.0,1461536,Consumer Discretionary
HWCPZ,Hancock Whitney Corporation 6.25% Subordinated Notes due 2060,21.2169,1798237893.0,5897,Finance
SMA,SmartStop Self Storage REIT Inc. Common Stock,32.47,1797828280.0,1034319,Real Estate
QUBT,Quantum Computing Inc. Common Stock,7.94,1797194076.0,8297377,Technology
BLBD,Blue Bird Corporation Common Stock,57.03,1787723003.0,324083,Consumer Discretionary
NTLA,Intellia Therapeutics Inc. Common Stock,12.75,1786615336.0,4967735,Health Care
GENB,Generate Biomedicines Inc. Common Stock,13.91,1785382385.0,1120083,Health Care
HAPN,Happen Inc. Common Stock,15.46,1784199393.0,1057902,Finance
AI,C3.ai Inc. Class A Common Stock,11.09,1783048603.0,3693053,Technology
ACVA,ACV Auctions Inc. Class A Common Stock,10.5,1782983790.0,7627330,Consumer Discretionary
WOLF,Wolfspeed Inc. Common Stock New,33.53,1774761979.0,3306716,Technology
MQ,Marqeta Inc. Class A Common Stock,17.03,1772803143.0,1104583,Technology
NTST,NetSTREIT Corp. Common Stock,17.44,1770648285.0,1922568,Real Estate
SEPN,Septerna Inc. Common Stock,37.87,1767655983.0,266690,Health Care
LIME,Neutron Holdings Inc. Common Stock,27.17,1765620442.0,255872,Technology
SNDA,Sonida Senior Living Inc. Common Stock,36.72,1764322193.0,509051,Health Care
ALHC,Alignment Healthcare Inc. Common Stock,8.5,1763198767.0,10283514,Health Care
TRNI,Trinity Capital Inc. 7.875% Notes Due 2029,25.05,1761369708.0,13452,Finance
MNR,Mach Natural Resources LP Common Units representing Limited Partner Interests,10.55,1761302392.0,577220,Energy
STRA,Strategic Education Inc. Common Stock,79.28,1760615278.0,172232,Real Estate
CTS,CTS Corporation Common Stock,61.61,1759347174.0,268462,Technology
TRNZ,Trinity Capital Inc. 7.875% Notes due 2029,25.0,1757854000.0,13554,Finance
HUBG,Hub Group Inc. Class A Common Stock,28.74,1757551877.0,872113,Industrials
THRM,Gentherm Inc Common Stock,32.23,1754642390.0,5324861,Consumer Discretionary
HYMC,Hycroft Mining Holding Corporation Class A Common Stock,18.8,1751815603.0,1538699,Basic Materials
PSNL,Personalis Inc. Common Stock,16.4,1751517901.0,1702534,Health Care
NEXT,NextDecade Corporation Common Stock,6.57,1748838295.0,2001635,Utilities
SPB,Spectrum Brands Holdings Inc. Common Stock,75.99,1747435340.0,418915,Miscellaneous
SGRY,Surgery Partners Inc. Common Stock,13.33,1745140406.0,1566793,Health Care
DCOM,Dime Commercial Bancshares Inc. Common Stock,39.51,1744627068.0,345516,Finance
HOS,Hornbeck Offshore Services Inc. Common Stock,7.85,1744007708.0,3808764,Energy
NUVB,Nuvation Bio Inc. Class A Common Stock,4.95,1738060003.0,9965695,Health Care
STBA,S&T Bancorp Inc. Common Stock,49.23,1736120171.0,298694,Finance
HOPE,Hope Bancorp Inc. Common Stock,13.57,1733456715.0,1048226,Finance
WTFCN,Wintrust Financial Corporation Depositary Shares Each Representing a 1/1000th Interest in a Share of 7.875% Fixed-Rate Reset Non-Cumulative Perpetual Preferred StocK,25.59,1726454096.0,16982,Finance
GTY,Getty Realty Corporation Common Stock,27.87,1726064321.0,726038,Finance
LILA,Liberty Latin America Ltd. Class A Common Stock,8.81,1725879000.0,287387,Telecommunications
SAM,Boston Beer Company Inc. (The) Common Stock,167.69,1725811987.0,156460,Consumer Staples
PDO,PIMCO Dynamic Income Opportunities Fund Common Shares of Beneficial Interest,11.79,1720562709.0,1375464,Finance
LILAK,Liberty Latin America Ltd. Class C Common Stock,8.77,1718043000.0,999373,Telecommunications
GEL,Genesis Energy L.P. Common Units,14.02,1712883980.0,170775,Energy
SHAZ,SharonAI Holdings Inc. Class A Common Stock,47.7,1707827189.0,1558358,Technology
XRAY,DENTSPLY SIRONA Inc. Common Stock,8.56,1706469179.0,5008838,Health Care
RLJ,RLJ Lodging Trust Common Shares of Beneficial Interest $0.01 par value,11.16,1700514732.0,2117292,Real Estate
BY,Byline Bancorp Inc. Common Stock,37.63,1700364985.0,183169,Finance
KRP,Kimbell Royalty Partners Common Units Representing Limited Partner Interests,14.79,1696466096.0,762301,Energy
LOB,Live Oak Bancshares Inc. Common Stock,36.54,1691203475.0,181274,Finance
AIN,Albany International Corporation Common Stock,59.48,1689232000.0,351763,Consumer Discretionary
KMTS,Kestra Medical Technologies Ltd. Common Stock,28.34,1687981270.0,293673,Health Care
NBHC,National Bank Holdings Corporation Common Stock,37.79,1683149481.0,1051153,Finance
ATEX,Anterix Inc. Common Stock,85.61,1678793779.0,189754,Telecommunications
CBL,CBL & Associates Properties Inc. Common Stock,54.21,1677406857.0,131475,Real Estate
BFC,Bank First Corporation Common Stock,151.22,1676365491.0,56034,Finance
OZKAP,Bank OZK 4.625% Series A Non-Cumulative Perpetual Preferred Stock,14.8,1674414754.0,31820,Finance
XHR,Xenia Hotels & Resorts Inc. Common Stock,18.15,1674261905.0,805421,Consumer Discretionary
TCBK,TriCo Bancshares Common Stock,52.27,1670895750.0,304119,Finance
FLOC,Flowco Holdings Inc. Class A Common Stock,18.49,1670631186.0,678849,Consumer Discretionary
ANIP,ANI Pharmaceuticals Inc.,72.58,1666399639.0,346893,Health Care
GIC,Global Industrial Company Common Stock,43.58,1660761501.0,139613,Industrials
WLTH,Wealthfront Corporation Common Stock,10.62,1658593793.0,2238074,Finance
CNOB,ConnectOne Bancorp Inc. Common Stock,30.52,1657094998.0,323803,Finance
ATEC,Alphatec Holdings Inc. Common Stock,10.72,1655715535.0,2063637,Health Care
CCS,Century Communities Inc. Common Stock,58.13,1652804477.0,229206,Consumer Discretionary
MIY,Blackrock MuniYield Michigan Quality Fund Inc. Common Stock,11.11,1652751053.0,44796,Finance
BDJ,Blackrock Enhanced Equity Dividend Trust,9.34,1652095542.0,712656,Finance
MUJ,Blackrock MuniHoldings New Jersey Quality Fund Inc. Common Stock,11.1,1651263428.0,151213,Finance
TRIN,Trinity Capital Inc. Common Stock,17.43,1650508995.0,853676,Finance
JSM,Navient Corporation 6% Senior Notes due December 15 2043,16.528,1643396196.0,12889,Finance
LCID,Lucid Group Inc. Common Stock,4.17,1643272634.0,7683409,Industrials
IMKTA,Ingles Markets Incorporated Class A Common Stock,86.51,1643203468.0,91089,Consumer Staples
RZC,Reinsurance Group of America Incorporated 7.125% Fixed-Rate Reset Subordinated Debentures due 2052,25.15,1642336875.0,61202,Finance
GSHD,Goosehead Insurance Inc. Class A Common Stock,46.19,1640479652.0,406104,Finance
OBK,Origin Bancorp Inc. Common Stock,53.12,1638734895.0,201730,Finance
QCRH,QCR Holdings Inc. Common Stock,100.03,1638052668.0,129712,Finance
BL,BlackLine Inc. Common Stock,28.13,1635063845.0,944684,Technology
STOK,Stoke Therapeutics Inc. Common Stock,25.32,1633804447.0,928450,Health Care
OCFC,OceanFirst Financial Corp. Common Stock,16.82,1625572584.0,837622,Finance
ETV,Eaton Vance Corporation Eaton Vance Tax-Managed Buy-Write Opportunities Fund Common Shares of Beneficial Interest,14.86,1623727666.0,183121,Finance
DSGR,Distribution Solutions Group Inc. Common Stock,35.02,1619864878.0,251929,Consumer Discretionary
DEI,Douglas Emmett Inc. Common Stock,9.64,1614557974.0,2486785,Real Estate
BPOPM,Popular Inc. Popular Capital Trust II - 6.125% Cumulative Monthly Income Trust Preferred Securities,25.2,1607218225.0,7688,Finance
EVCM,EverCommerce Inc. Common Stock,9.07,1602353781.0,98976,Technology
AMBQ,Ambiq Micro Inc. Common Stock,65.92,1594244613.0,509199,Technology
OCUL,Ocular Therapeutix Inc. Common Stock,7.25,1592215043.0,5620088,Health Care
SNDX,Syndax Pharmaceuticals Inc. Common Stock,17.83,1592167043.0,1460080,Health Care
AESI,Atlas Energy Solutions Inc. Common Stock,12.72,1590043897.0,4749026,Industrials
ETON,Eton Pharmaceuticals Inc. Common Stock,55.62,1589793969.0,405554,Health Care
FRMEP,First Merchants Corporation Depository Shares,25.27,1586991959.0,1406,Finance
OMCL,Omnicell Inc. Common Stock ($0.001 par value),34.64,1580099582.0,397754,Technology
GLP,Global Partners LP Common Units representing Limited Partner Interests,46.46,1579433857.0,52040,Energy
CNXC,Concentrix Corporation Common Stock,25.87,1578544715.0,1719726,Technology
PRKS,United Parks & Resorts Inc. Common Stock,34.39,1559287617.0,1044119,Consumer Discretionary
UZD,Array Digital Infrastructure Inc. 6.250% Senior Notes due 2069,18.1,1556600000.0,5214,Telecommunications
WWW,Wolverine World Wide Inc. Common Stock,18.94,1554336461.0,1125842,Consumer Discretionary
OXSQG,Oxford Square Capital Corp. 5.50% Notes due 2028,24.3407,1551910943.0,518,Consumer Discretionary
STC,Stewart Information Services Corporation Common Stock,50.83,1551443375.0,361859,Finance
HUN,Huntsman Corporation Common Stock,8.84,1550346965.0,4778106,Industrials
OXLC,Oxford Lane Capital Corp. Common Stock,8.93,1550248000.0,1061566,Finance
AFGC,American Financial Group Inc. 5.125% Subordinated Debentures due 2059,18.64,1545656126.0,15981,Finance
RAPP,Rapport Therapeutics Inc. Common Stock,32.19,1544421026.0,198895,Health Care
GLOB,Globant S.A. Common Shares,35.75,1543669127.0,684350,Technology
NUTX,Nutex Health Inc. Common Stock,225.0,1540793925.0,156551,Consumer Discretionary
PWP,Perella Weinberg Partners Class A Common Stock,15.8,1537518951.0,2783554,Finance
CERT,Certara Inc. Common Stock,10.07,1536065515.0,2940742,Technology
PGY,Pagaya Technologies Ltd. Class A Ordinary Shares,18.4,1535035511.0,1814161,Finance
GAM,General American Investors Inc. Common Stock,63.95,1533240260.0,21063,Finance
JBLU,JetBlue Airways Corporation Common Stock,4.06,1531887455.0,17831236,Consumer Discretionary
FRA,Blackrock Floating Rate Income Strategies Fund Inc  Common Stock,10.29,1530765827.0,336429,Finance
CASH,Pathward Financial Inc. Common Stock,73.42,1525180238.0,238982,Finance
SAFT,Safety Insurance Group Inc. Common Stock,103.89,1525155275.0,147012,Finance
GAB,Gabelli Equity Trust Inc. (The) Common Stock,5.18,1521973163.0,1310815,Finance
HE,Hawaiian Electric Industries Inc. Common Stock,8.81,1521733715.0,3727552,Utilities
PRGS,Progress Software Corporation Common Stock (DE),37.215,1521133055.0,837685,Technology
KMPR,Kemper Corporation,25.81,1520806605.0,836402,Finance
ALKT,Alkami Technology Inc. Common Stock,14.15,1513229017.0,1329404,Technology
PFBC,Preferred Bank Common Stock,105.23,1510756593.0,118744,Finance
PAHC,Phibro Animal Health Corporation Class A Common Stock,37.19,1509973616.0,280066,Health Care
PBT,Permian Basin Royalty Trust Common Stock,32.34,1507328463.0,889524,Energy
MHD,Blackrock MuniHoldings Fund Inc. Common Stock,10.1,1502500957.0,914846,Finance
ECAT,BlackRock ESG Capital Allocation Term Trust Common Shares of Beneficial Interest,13.89,1501995150.0,403332,Finance
SBH,Sally Beauty Holdings Inc. (Name to be changed from Sally Holdings Inc.) Common Stock,16.04,1501701564.0,1546337,Consumer Discretionary
ECCC,Eagle Point Credit Company 6.50% Series C Term Preferred Stock due 2031,24.724,1499820243.0,3739,Finance
RVLV,Revolve Group Inc. Class A Common Stock,21.05,1496348091.0,534396,Consumer Discretionary
INVA,Innoviva Inc. Common Stock,20.64,1491146810.0,993422,Health Care
ADAMZ,Adamas Trust Inc. 7.000% Series G Cumulative Redeemable Preferred Stock $0.01 par value per share,16.51,1490931356.0,13013,Real Estate
ARDT,Ardent Health Inc. Common Stock,10.55,1488034319.0,376757,Health Care
ICFI,ICF International Inc. Common Stock,82.86,1486001628.0,140876,Consumer Discretionary
EFC,Ellington Financial Inc. Common Stock ,11.5,1482204939.0,2338670,Finance
EFOR,Everforth Inc. Common Stock,36.14,1481740000.0,1125350,Consumer Discretionary
BCAT,BlackRock Capital Allocation Term Trust Common Shares of Beneficial Interest,13.64,1474961400.0,770344,Finance
TFIN,Triumph Financial Inc. Common Stock,61.6,1471903479.0,235406,Finance
MAZE,Maze Therapeutics Inc. Common Stock,26.43,1468164510.0,588037,Health Care
RQI,Cohen & Steers Quality Income Realty Fund Inc Common Shares,10.93,1467903459.0,853602,Finance
MQY,Blackrock MuniYield Quality Fund Inc. Common Stock,9.85,1465310339.0,1478051,Finance
CSWC,Capital Southwest Corporation Common Stock,23.57,1464656912.0,740255,Consumer Discretionary
CRSR,Corsair Gaming Inc. Common Stock,13.53,1463634255.0,1081218,Technology
TSHA,Taysha Gene Therapies Inc. Common Stock,4.49,1462992617.0,4975384,Health Care
JJSF,J & J Snack Foods Corp. Common Stock,78.19,1460714930.0,375087,Consumer Staples
ECCV,Eagle Point Credit Company 5.375% Notes due 2029,24.065,1459843640.0,6359,Finance
KMPB,Kemper Corporation 5.875% Fixed-Rate Reset Junior Subordinated Debentures due 2062,24.73,1457169598.0,12403,Finance
ANAB,AnaptysBio Inc. Common Stock,49.2,1456737265.0,595583,Health Care
NRP,Natural Resource Partners LP Limited Partnership,109.8,1454895238.0,26322,Energy
HCSG,Healthcare Services Group Inc. Common Stock,21.19,1454316360.0,764826,Health Care
AMSC,American Superconductor Corporation Common Stock,29.98,1452295447.0,487813,Consumer Discretionary
ENR,Energizer Holdings Inc. Common Stock,21.2,1451853104.0,1200187,Miscellaneous
LKFN,Lakeland Financial Corporation Common Stock,58.31,1449460650.0,189489,Finance
FCEL,FuelCell Energy Inc. Common Stock,18.07,1444772322.0,5496682,Energy
NKTR,Nektar Therapeutics  Common Stock,42.22,1441517207.0,2029493,Health Care
REX,REX American Resources Corporation,43.41,1440154532.0,370369,Industrials
TYRA,Tyra Biosciences Inc. Common Stock,20.93,1439061803.0,614386,Health Care
DJTWW,Trump Media & Technology Group Corp. Warrants,5.165,1435566680.0,3921,Technology
MUC,Blackrock MuniHoldings California Quality Fund Inc.  Common Stock,9.64,1434070220.0,927655,Finance
ARHS,Arhaus Inc. Class A Common Stock,10.11,1433110021.0,1656127,Consumer Discretionary
VISN,Vistance Networks Inc. Common Stock,6.2,1429883754.0,4399419,Technology
RARE,Ultragenyx Pharmaceutical Inc. Common Stock,14.5,1429538659.0,4656780,Health Care
COAG,Hemab Therapeutics Holdings Inc. Common Stock,30.59,1428923659.0,294554,Health Care
ESQ,Esquire Financial Holdings Inc. Common Stock,118.02,1428582886.0,165341,Finance
AMAL,Amalgamated Financial Corp. Common Stock (DE),47.73,1427134016.0,186110,Finance
AMN,AMN Healthcare Services Inc,36.84,1426812868.0,635273,Consumer Discretionary
SCL,Stepan Company Common Stock,62.74,1426239560.0,143222,Consumer Discretionary
PRSU,Pursuit Attractions and Hospitality Inc. Common Stock,52.29,1425642665.0,284334,Consumer Discretionary
KARD,Kardigan Inc. Common Stock,15.24,1424996373.0,380874,Health Care
DMLP,Dorchester Minerals L.P. Common Units Representing Limited Partnership Interests,28.99,1423159918.0,102219,Energy
MBC,MasterBrand Inc. Common Stock,6.98,1420363620.0,2893255,Consumer Discretionary
MLKN,MillerKnoll Inc. Common Stock,20.64,1420027769.0,655928,Consumer Discretionary
WBTN,WEBTOON Entertainment Inc. Common stock,10.46,1419537792.0,650933,Consumer Discretionary
MYI,Blackrock MuniYield Quality Fund III Inc Common Stock,9.54,1419193973.0,864448,Finance
BKT,BlackRock Income Trust Inc. (The),9.53,1417706349.0,338598,Finance
SVV,Savers Value Village Inc. Common Stock,9.19,1417613881.0,839711,Consumer Discretionary
CNMD,CONMED Corporation Common Stock,47.33,1417592568.0,343367,Health Care
AGL,agilon health inc. Common Stock,84.28,1415163179.0,188162,Health Care
FLNC,Fluence Energy Inc. Class A Common Stock,7.65,1412162223.0,5662666,Miscellaneous
HAWK,HawkEye 360 Inc. Common Stock,14.38,1408744638.0,1487063,Technology
ATLC,Atlanticus Holdings Corporation Common Stock,92.86,1408689729.0,90406,Finance
TMP,Tompkins Financial Corporation Common Stock,97.93,1408517887.0,88181,Finance
PNTG,The Pennant Group Inc. Common Stock ,40.3,1407641682.0,304016,Health Care
ULCC,Frontier Group Holdings Inc. Common Stock,6.11,1406618361.0,1868849,Consumer Discretionary
KLRA,Kailera Therapeutics Inc. Common Stock,10.84,1405337448.0,1811925,Health Care
UFCS,United Fire Group Inc. Common Stock,54.65,1404802241.0,180224,Finance
AVBP,ArriVent BioPharma Inc. Common Stock,28.46,1403297967.0,494774,Health Care
AFGE,American Financial Group Inc. 4.500% Subordinated Debentures due 2060,16.9,1401372775.0,9347,Finance
FMC,FMC Corporation Common Stock,9.0,1399971294.0,6293353,Industrials
RYZ,Ryerson Holding Corporation Common Stock,26.97,1399706671.0,388137,Industrials
KRSA,Korsana Biosciences Inc. Common Stock,30.72,1399032576.0,104285,Health Care
BHRB,Burke & Herbert Financial Services Corp. Common Stock,69.28,1398557646.0,113484,Finance
MUA,Blackrock MuniAssets Fund Inc Common Stock,9.39,1396879603.0,321385,Finance
TRS,TriMas Corporation Common Stock,38.93,1396569876.0,229258,Industrials
IIPR,Innovative Industrial Properties Inc. Common Stock,50.54,1393455978.0,364191,Finance
CDNL,Cardinal Infrastructure Group Inc. Class A Common Stock,28.71,1391856637.0,406143,Industrials
INBX,Inhibrx Biosciences Inc. Common Stock,94.56,1391701930.0,207140,Health Care
CTBI,Community Trust Bancorp Inc. Common Stock,76.08,1382217940.0,130172,Finance
AMPX,Amprius Technologies Inc. Common Stock,9.45,1380461840.0,5721810,Miscellaneous
SHLS,Shoals Technologies Group Inc. Class A Common Stock,8.15,1371644593.0,3008622,Technology
CNOBP,ConnectOne Bancorp Inc. Depositary Shares each representing a 1/40th interest in a share of 5.25% Fixed-Rate Reset Non-Cumulative Perpetual Preferred Stock Series A,25.2593,1371463292.0,5270,Finance
COUR,Coursera Inc. Common Stock,5.18,1369592000.0,6194317,Technology
OMER,Omeros Corporation Common Stock,18.9,1368139172.0,1068218,Health Care
UZE,Array Digital Infrastructure Inc. 5.500% Senior Notes due 2070,15.88,1365680000.0,7385,Telecommunications
WABC,Westamerica Bancorporation Common Stock,59.06,1364944696.0,172812,Finance
UZF,Array Digital Infrastructure Inc. 5.500% Senior Notes due 2070,15.8701,1364828600.0,2805,Telecommunications
APPS,Digital Turbine Inc. Common Stock,11.21,1364501995.0,2540210,Miscellaneous
NCV,Virtus Convertible & Income Fund Common Shares of Beneficial Interest,15.05,1360122213.0,80723,Finance
CRCT,Cricut Inc. Class A Common Stock,6.47,1355105372.0,617253,Technology
ARLO,Arlo Technologies Inc. Common Stock,12.59,1354851497.0,1456043,Consumer Discretionary
LQDT,Liquidity Services Inc. Common Stock,43.22,1354152530.0,292333,Consumer Discretionary
HLMN,Hillman Solutions Corp. Common Stock,6.96,1354033193.0,1045625,Consumer Discretionary
RES,RPC Inc. Common Stock,6.1,1352107773.0,2609392,Energy
GT,The Goodyear Tire & Rubber Company Common Stock,4.68,1347366089.0,14672504,Consumer Discretionary
DCH,Dauch Corporation Common Stock,5.65,1342466001.0,5958321,Consumer Discretionary
QMCO,Quantum Corporation Common Stock,34.005,1340137084.0,1650496,Technology
ADIG,ADI Global Distribution Inc. Common Stock,17.62,1337766749.0,679929,Industrials
TWFG,TWFG Inc. Class A Common Stock,24.73,1336700866.0,75690,Finance
PEBO,Peoples Bancorp Inc. Common Stock,37.11,1333819310.0,470805,Finance
UAN,CVR Partners LP Common Units representing Limited Partner Interests,125.93,1331034387.0,20957,Industrials
ADNT,Adient plc Ordinary Shares ,17.24,1329151108.0,848366,Consumer Discretionary
SLVM,Sylvamo Corporation Common Stock,33.37,1326799309.0,587960,Basic Materials
FMBH,First Mid Bancshares Inc. Common Stock,49.67,1321316969.0,154117,Finance
HBT,HBT Financial Inc. Common Stock,36.31,1320435372.0,111356,Finance
UMH,UMH Properties Inc. Common Stock,15.37,1312376672.0,579456,Real Estate
BJRI,BJ's Restaurants Inc. Common Stock,61.66,1311740350.0,513295,Consumer Discretionary
AAT,American Assets Trust Inc. Common Stock,21.35,1310979948.0,337304,Real Estate
EYE,National Vision Holdings Inc. Common Stock,16.52,1306225051.0,1660580,Health Care
OPY,Oppenheimer Holdings Inc. Class A Common Stock (DE),121.68,1302950048.0,117274,Finance
NSSC,NAPCO Security Technologies Inc. Common Stock,36.22,1295532788.0,413110,Telecommunications
ORIC,Oric Pharmaceuticals Inc. Common Stock,12.49,1294621673.0,1395783,Health Care
FOR,Forestar Group Inc Common Stock ,25.35,1293296844.0,211031,Finance
EMAT,Evolution Metals & Technologies Corp. Common Stock,2.055,1288897328.0,1245886,Miscellaneous
NMAX,Newsmax Inc. Class B Common Stock,9.97,1287731631.0,947235,Industrials
OMDA,Omada Health Inc. Common Stock,20.95,1282489928.0,747126,Health Care
RDVT,Red Violet Inc. Common Stock ,79.89,1281992833.0,148704,Technology
ODC,Oil-Dri Corporation Of America Common Stock,87.89,1273379763.0,227046,Consumer Discretionary
YSWY,Yesway Inc. Class A Common Stock,20.06,1267686605.0,295182,Consumer Staples
OSBC,Old Second Bancorp Inc. Common Stock,24.87,1265279057.0,581543,Finance
VSECU,VSE Corporation Tangible Equity Units,44.99,1262643090.0,1362,Uncategorized
CBRL,Cracker Barrel Old Country Store Inc Common Stock,56.32,1258888858.0,756009,Consumer Discretionary
GBX,Greenbrier Companies Inc. (The) Common Stock,40.53,1253985474.0,323582,Industrials
USPH,U.S. Physical Therapy Inc. Common Stock,83.96,1252909724.0,243933,Health Care
ALX,Alexander's Inc. Common Stock,245.23,1252460727.0,34496,Real Estate
BBAI,BigBear.ai Inc. Common Stock,2.61,1251480627.0,15658538,Technology
FUN,Six Flags Entertainment Corporation Common Stock New,12.13,1241096865.0,3154201,Consumer Discretionary
XPEL,XPEL Inc. Common Stock,44.99,1240407953.0,214290,Industrials
REPL,Replimune Group Inc. Common Stock,13.15,1238988187.0,2276012,Health Care
EPC,Edgewell Personal Care Company Common Stock,26.75,1232878476.0,671892,Consumer Discretionary
PRG,PROG Holdings Inc. Common Stock,30.9,1230797460.0,517147,Consumer Discretionary
SCSC,ScanSource Inc. Common Stock,61.01,1228912960.0,269921,Technology
MNKD,MannKind Corporation Common Stock,3.82,1228299929.0,2876376,Health Care
INNV,InnovAge Holding Corp. Common Stock,9.0,1228062825.0,878316,Health Care
PD,PagerDuty Inc. Common Stock,15.59,1226151520.0,1444993,Technology
HLIT,Harmonic Inc. Common Stock,11.22,1223725513.0,1490217,Technology
CCO,Clear Channel Outdoor Holdings Inc. Common Stock,2.4,1221825228.0,4194077,Consumer Discretionary
SENEB,Seneca Foods Corp. Class B Common Stock,180.23,1220106095.0,257,Consumer Staples
UVE,UNIVERSAL INSURANCE HOLDINGS INC Common Stock,43.66,1215073299.0,115374,Finance
CXM,Sprinklr Inc. Class A Common Stock,5.23,1214256108.0,2521306,Technology
GOLD,Gold.com Inc. Common Stock,41.64,1211576220.0,447818,Industrials
PCTTU,PureCycle Technologies Inc. Unit,5.99,1203419812.0,5,Industrials
GNK,Genco Shipping & Trading Limited Ordinary Shares New (Marshall Islands),27.6,1202990298.0,412378,Consumer Discretionary
SENEA,Seneca Foods Corp. Class A Common Stock,177.66,1202707922.0,107406,Consumer Staples
MYE,Myers Industries Inc. Common Stock,31.92,1200768794.0,243702,Industrials
BULLW,Webull Corporation Warrants,2.2199,1199822396.0,58,Finance
VTOL,Bristow Group Inc. Common Stock,40.43,1198426060.0,253323,Consumer Discretionary
AVLN,Avalyn Pharma Inc. Common Stock,27.03,1198323558.0,427282,Health Care
ROCK,Gibraltar Industries Inc. Common Stock,40.32,1196854404.0,303183,Industrials
EOSE,Eos Energy Enterprises Inc. Class A Common Stock,3.27,1190828523.0,23875195,Miscellaneous
FLO,Flowers Foods Inc. Common Stock,5.6,1187521541.0,7889270,Consumer Staples
DFIN,Donnelley Financial Solutions Inc. Common Stock ,48.28,1186982291.0,253500,Consumer Discretionary
CRI,Carter's Inc. Common Stock,32.32,1186505499.0,1218491,Consumer Discretionary
LZB,La-Z-Boy Incorporated Common Stock,29.52,1182357800.0,932044,Consumer Discretionary
TRAX,First Tracks Biotherapeutics Inc. Ordinary Shares ,32.99,1178760511.0,667843,Health Care
AIP,Arteris Inc. Common Stock,23.97,1178175885.0,785540,Technology
PUMP,ProPetro Holding Corp. Common Stock,9.59,1177881364.0,4073786,Energy
SCCD,Sachem Capital Corp. 6.00% Notes due 2026,24.77,1172668474.0,337,Real Estate
OPK,OPKO Health Inc. Common Stock,1.57,1171735313.0,1645123,Health Care
SCCG,Sachem Capital Corp. 8.00% Notes due 2027,24.67,1167934245.0,943,Real Estate
MBINM,Merchants Bancorp Depositary Shares Each Representing a 1/40th Interest in a Share of 8.25% Fixed-Rate Reset Series D Non-Cumulative Perpetual Preferred Stock,25.42,1167745867.0,13568,Finance
LNN,Lindsay Corporation Common Stock,114.39,1163218755.0,114728,Industrials
WEN,Wendy's Company (The) Common Stock,6.1,1163086573.0,6057108,Consumer Discretionary
SCCF,Sachem Capital Corp. 7.125% Notes due 2027,24.5294,1161277919.0,1975,Real Estate
TNC,Tennant Company Common Stock,68.07,1160546055.0,189539,Industrials
SCCE,Sachem Capital Corp. 6.00% Notes due 2027,24.46,1157992364.0,3078,Real Estate
GIII,G-III Apparel Group LTD. Common Stock,26.99,1157236951.0,584680,Consumer Discretionary
NHP,National Healthcare Properties Inc. Class A Common Stock,15.87,1157000382.0,931805,Real Estate
HZO,MarineMax Inc.  (FL) Common Stock,52.35,1156241153.0,1023728,Consumer Discretionary
TPB,Turning Point Brands Inc. Common Stock,57.61,1155018396.0,765868,Consumer Discretionary
TNDM,Tandem Diabetes Care Inc. Common Stock,16.52,1149440240.0,1790340,Health Care
UVSP,Univest Financial Corporation Common Stock,41.65,1148738987.0,173843,Finance
WAFDP,WaFd Inc. Depositary Shares,15.5,1146926189.0,38522,Finance
HROW,Harrow Inc. Common Stock,30.58,1146378453.0,587388,Health Care
AMTB,Amerant Bancorp Inc. Class A Common Stock,29.25,1146303347.0,225630,Finance
GDRX,GoodRx Holdings Inc. Class A Common Stock,3.36,1146248504.0,882217,Technology
BCAX,Bicara Therapeutics Inc. Common Stock,17.29,1144130029.0,640763,Health Care
YSS,York Space Systems Inc. Common Stock,8.31,1141441698.0,2505594,Industrials
HFWA,Heritage Financial Corporation Common Stock,27.88,1140725757.0,369021,Finance
AMRC,Ameresco Inc. Class A Common Stock,21.49,1140392874.0,645655,Consumer Discretionary
BRUN,Boost Run Inc. Class A Common Stock,14.33,1139055030.0,3632932,Technology
BVS,Bioventus Inc. Class A Common Stock,13.52,1136922218.0,357124,Health Care
ECVT,Ecovyst Inc. Common Stock,10.37,1135187287.0,1030638,Industrials
WD,Walker & Dunlop Inc Common Stock,33.06,1134809130.0,691667,Finance
REAL,The RealReal Inc. Common Stock,9.32,1133974792.0,2406121,Consumer Discretionary
STAA,STAAR Surgical Company Common Stock,22.57,1131749719.0,471918,Health Care
GO,Grocery Outlet Holding Corp. Common Stock,11.42,1131544899.0,2851529,Consumer Staples
JCAP,Jefferson Capital Inc. Common Stock,19.67,1129560293.0,241965,Finance
CNL,Collective Mining Ltd. Common Shares,12.11,1123114182.0,202783,Uncategorized
PDM,Piedmont Realty Trust Inc. Class A Common Stock,8.96,1121190112.0,1085047,Real Estate
WLDN,Willdan Group Inc. Common Stock,73.58,1120777256.0,172086,Consumer Discretionary
CSTL,Castle Biosciences Inc. Common Stock,36.65,1119639432.0,377371,Health Care
BST,BlackRock Science and Technology Trust Common Shares of Beneficial Interest,50.52,1119413572.0,131773,Finance
SPH,Suburban Propane Partners L.P. Common Stock,16.77,1118766730.0,225735,Consumer Discretionary
LBRX,LB Pharmaceuticals Inc Common Stock,34.62,1116812639.0,494513,Health Care
AVO,Mission Produce Inc. Common Stock,12.7,1113515731.0,879969,Consumer Staples
BOW,Bowhead Specialty Holdings Inc. Common Stock,33.8,1113473569.0,238242,Finance
IRMD,iRadimed Corporation Common Stock,86.47,1105691112.0,76987,Health Care
LTGO,Latigo Biotherapeutics Inc. Common Stock,16.63,1102558141.0,590013,Health Care
AORT,Artivion Inc. Common Stock,22.61,1102378157.0,734250,Health Care
LFMDP,LifeMD Inc. 8.875% Series A Cumulative Perpetual Preferred Stock,22.86,1101871134.0,2369,Health Care
VOR,Vor Biopharma Inc. Common Stock,18.58,1099235423.0,648619,Health Care
MCB,Metropolitan Bank Holding Corp. Common Stock,88.54,1097699264.0,202732,Finance
GTM,ZoomInfo Technologies Inc Common Stock,3.75,1091662673.0,6892290,Technology
TDAY,USA TODAY Co. Inc. Common Stock,7.43,1090857302.0,2824009,Consumer Discretionary
UMAC,Unusual Machines Inc. Common Stock,21.83,1090550504.0,2176144,Technology
KRT,Karat Packaging Inc. Common Stock,54.68,1089866504.0,172561,Industrials
DEA,Easterly Government Properties Inc. Common Stock,22.95,1086031110.0,544063,Real Estate
MMI,Marcus & Millichap Inc. Common Stock,28.62,1083868106.0,205947,Finance
NPK,National Presto Industries Inc. Common Stock,151.85,1083611774.0,115458,Industrials
SG,Sweetgreen Inc. Class A Common Stock,9.09,1082085553.0,4531452,Consumer Discretionary
LADR,Ladder Capital Corp Class A Common Stock,8.52,1080892382.0,1490376,Real Estate
LGIH,LGI Homes Inc. Common Stock,46.45,1079882234.0,378542,Consumer Discretionary
AMPH,Amphastar Pharmaceuticals Inc. Common Stock,25.37,1079187639.0,454569,Health Care
TRUP,Trupanion Inc. Common Stock,24.57,1077950052.0,574665,Health Care
ENOV,Enovis Corporation Common Stock,18.69,1077842843.0,1364664,Health Care
CRAI,CRA International Inc. Common Stock,171.29,1075163349.0,90490,Consumer Discretionary
CFFN,Capitol Federal Financial Inc. Common Stock,8.55,1074720320.0,989874,Finance
FTK,Flotek Industries Inc. Common Stock,29.67,1074660128.0,511311,Industrials
CDRE,Cadre Holdings Inc. Common Stock,25.0,1070518350.0,443989,Health Care
MRTN,Marten Transport Ltd. Common Stock,13.05,1065684780.0,720001,Industrials
FSBC,Five Star Bancorp Common Stock,43.43,1065625146.0,136810,Finance
GHM,Graham Corporation Common Stock,90.48,1061966746.0,124281,Industrials
GPRE,Green Plains Inc. Common Stock,15.15,1061944219.0,918353,Industrials
MBINL,Merchants Bancorp Depositary Shares Each Representing a 1/40thInterest in a Share of 7.25% Fixed Rate Series E Non-CumulativePerpetual Preferred Stock without par value,23.05,1058872629.0,21966,Finance
HTFC,Horizon Technology Finance Corporation 6.25% Notes due 2027,24.86,1057686574.0,4092,Finance
UTI,Universal Technical Institute Inc Common Stock,19.17,1056175578.0,1589785,Real Estate
EOSEW,Eos Energy Enterprises Inc. Warrant,2.9,1056086458.0,17355,Miscellaneous
WINA,Winmark Corporation Common Stock,293.86,1055594782.0,92292,Consumer Discretionary
NCZ,Virtus Convertible & Income Fund II Common Shares of Beneficial Interest,13.86,1054964281.0,47739,Finance
TDOC,Teladoc Health Inc. Common Stock,5.79,1051950482.0,4471363,Health Care
UVV,Universal Corporation Common Stock,42.13,1049005697.0,355834,Industrials
MGTX,MeiraGTx Holdings plc Ordinary Shares,10.92,1048789516.0,941711,Health Care
AEF,abrdn Emerging Markets ex-China Fund Inc. Common Stock,9.74,1045710750.0,71576,Finance
DEC,Diversified Energy Company Common Stock,13.61,1044653121.0,504530,Uncategorized
UPWK,Upwork Inc. Common Stock,8.36,1044192131.0,3182964,Technology
OCSL,Oaktree Specialty Lending Corporation Common Stock,11.83,1042051737.0,400425,Finance
SBR,Sabine Royalty Trust Common Stock,71.38,1040673646.0,17242,Energy
ETW,Eaton Vance Corporation Eaton Vance Tax-Managed Global Buy-Write Opportunites Fund Common Shares of Beneficial Interest,9.49,1040082989.0,408914,Finance
VPG,Vishay Precision Group Inc. Common Stock,78.06,1039792766.0,298567,Technology
DLX,Deluxe Corporation Common Stock,22.67,1039562094.0,577038,Consumer Discretionary
PSIX,Power Solutions International Inc. Common Stock,44.87,1034946742.0,268176,Industrials
LMRI,Lumexa Imaging Holdings Inc. Common Stock,10.77,1034727492.0,616174,Health Care
IART,Integra LifeSciences Holdings Corporation Common Stock,13.29,1033596605.0,1859064,Health Care
CGEM,Cullinan Therapeutics Inc. Common Stock,16.04,1032249292.0,1082993,Health Care
CEVA,CEVA Inc. Common Stock,36.66,1032128280.0,547372,Technology
PSEC,Prospect Capital Corporation Common Stock,1.93,1030266519.0,8370931,Finance
TRIP,TripAdvisor Inc. Common Stock,8.79,1030182216.0,3609041,Technology
AKTS,Aktis Oncology Inc. Common stock,18.52,1030073121.0,282993,Health Care
ASA,ASA  Gold and Precious Metals Limited,56.3,1024783691.0,26160,Industrials
HPK,HighPeak Energy Inc. Common Stock,8.09,1023003184.0,333872,Energy
NBN,Northeast Bank Common Stock,125.83,1022997900.0,76363,Finance
MBWM,Mercantile Bank Corporation Common Stock,59.09,1021511580.0,91065,Finance
PRCT,PROCEPT BioRobotics Corporation Common Stock,17.82,1020616603.0,971004,Health Care
GSBD,Goldman Sachs BDC Inc. Common Stock,9.05,1018750056.0,605801,Finance
NWPX,NWPX Infrastructure Inc. Common Stock,105.6,1017688531.0,111838,Industrials
JANX,Janux Therapeutics Inc. Common Stock,16.54,1011202225.0,533766,Health Care
HRTG,Heritage Insurance Holdings Inc. Common Stock,33.99,1010604820.0,245525,Finance
BCX,BlackRock Resources Common Shares of Beneficial Interest,11.9,1009810319.0,141748,Finance
MCBS,MetroCity Bankshares Inc. Common Stock,35.07,1009357701.0,104830,Finance
ORC,Orchid Island Capital Inc. Common Stock,5.05,1007997362.0,7878833,Real Estate
CCNE,CNB Financial Corporation Common Stock,34.01,1007406299.0,93285,Finance
FSCO,FS Credit Opportunities Corp. Common Stock,5.07,1005664413.0,906407,Finance
LZ,LegalZoom.com Inc. Common Stock,5.87,1005324446.0,4033621,Technology
BFST,Business First Bancshares Inc. Common Stock,30.87,1004814888.0,256750,Finance
BTZ,BlackRock Credit Allocation Income Trust,9.29,1004574150.0,398546,Finance
YELP,Yelp Inc. Common Stock,18.5,1003876989.0,1416434,Consumer Discretionary
DCBG,Dime Commercial Bancshares Inc. 9.000% Junior Subordinated Notes,25.64,1003771053.0,6041,Finance
NPKI,NPK International Inc. Common Stock,11.81,1002785848.0,780678,Industrials
FET,Forum Energy Technologies Inc. Common Stock,87.37,1002369712.0,258760,Consumer Discretionary
DSL,DoubleLine Income Solutions Fund Common Shares of Beneficial Interests,9.82,1001608851.0,700454,Finance
ODTX,Odyssey Therapeutics Inc. Common Stock,20.84,1001539703.0,171792,Health Care
MSEX,Middlesex Water Company Common Stock,53.07,1000048214.0,271302,Utilities
PCRX,Pacira BioSciences Inc. Common Stock,25.05,998540244.0,560273,Health Care
BBNX,Beta Bionics Inc. Common Stock,18.95,997563304.0,624680,Health Care
AEVA,Aeva Technologies Inc. Common Stock,14.3,996792339.0,1007932,Consumer Discretionary
RXT,Rackspace Technology Inc. Common Stock,3.9,994004115.0,4499966,Technology
SPTX,Seaport Therapeutics Inc. Common Stock,18.5,990315175.0,172585,Health Care
FBYD,Falcon's Beyond Global Inc. Class A Common Stock,8.15,988262871.0,77080,Consumer Discretionary
HBNC,Horizon Bancorp Inc. Common Stock,19.24,987868546.0,739169,Finance
SVRA,Savara Inc. Common Stock,4.78,982098872.0,2862750,Health Care
NBBK,NB Bancorp Inc. Common Stock,22.41,981972361.0,217790,Finance
KODK,Eastman Kodak Company Common New,10.03,981937000.0,902168,Consumer Discretionary
EQBK,Equity Bancshares Inc. Class A Common Stock,47.54,978966975.0,126155,Finance
GOODN,Gladstone Commercial Corporation 6.625% Series E Cumulative Redeemable Preferred Stock,20.06,971054470.0,4957,Real Estate
RCAT,Red Cat Holdings Inc. Common Stock,6.345,968972627.0,5214116,Technology
MLTX,MoonLake Immunotherapeutics Class A Ordinary Shares,11.38,968514075.0,1867402,Health Care
HSTM,HealthStream Inc. Common Stock,31.54,964994276.0,201335,Technology
DNA,Ginkgo Bioworks Holdings Inc. Class A Common Stock,14.98,963817349.0,7690911,Health Care
FEIM,Frequency Electronics Inc. Common Stock,85.46,963415107.0,618947,Industrials
CAC,Camden National Corporation Common Stock,56.98,962793852.0,70742,Finance
XIFR,XPLR Infrastructure LP Common Units representing limited partner interests,10.19,960639781.0,1665286,Utilities
IBTA,Ibotta Inc. Class A Common Stock,41.35,958063539.0,144373,Consumer Discretionary
ASTE,Astec Industries Inc. Common Stock,41.6,957855267.0,174474,Industrials
NXDR,Nextdoor Holdings Inc. Class A Common Stock,2.47,955515553.0,1527434,Technology
CBLL,CeriBell Inc. Common Stock,24.86,954079591.0,239528,Health Care
CMP,Compass Minerals Intl Inc Common Stock,22.66,951286605.0,300797,Industrials
REPX,Riley Exploration Permian Inc. Common Stock,42.93,951061990.0,221449,Energy
KURA,Kura Oncology Inc. Common Stock,10.62,944761774.0,1295017,Health Care
BV,BrightView Holdings Inc. Common Stock,10.2,944520000.0,1279392,Consumer Staples
VYX,NCR Voyix Corporation Common Stock,6.84,944398102.0,2488784,Miscellaneous
ANRO,Alto Neuroscience Inc. Common Stock,24.01,942202917.0,550316,Health Care
GLIBA,Liberty Capital Corporation Series A GCI Group Common Stock,23.61,942156908.0,26020,Telecommunications
PTA,Cohen & Steers Tax-Advantaged Preferred Securities and Income Fund Common Shares of Beneficial Interest,17.04,941859707.0,314424,Finance
FUBO,FuboTV Inc. Class A Common Stock,8.62,941276373.0,1072392,Consumer Discretionary
GLIBK,Liberty Capital Corporation Series C GCI Group Common Stock,23.55,939762609.0,233591,Telecommunications
TRST,TrustCo Bank Corp NY Common Stock,55.18,939590693.0,131228,Finance
PLOW,Douglas Dynamics Inc. Common Stock,40.69,939005002.0,125293,Industrials
CPF,Central Pacific Financial Corp New,36.34,935661679.0,164133,Finance
HAFC,Hanmi Financial Corporation Common Stock,31.5,933951533.0,231574,Finance
KFRC,Kforce Inc. Common Stock,51.8,927686200.0,141432,Consumer Discretionary
GAINZ,Gladstone Investment Corporation 4.875% Notes due 2028,24.27,927580712.0,599,Finance
HQH,abrdn Healthcare Investors Shares of Beneficial Interest,19.58,926990155.0,511128,Finance
CSR,D/B/A Centerspace Common Stock,55.18,926701252.0,272732,Real Estate
UTL,UNITIL Corporation Common Stock,50.65,923687538.0,154974,Utilities
MPB,Mid Penn Bancorp Common Stock,36.42,922708530.0,79740,Finance
CYRX,CryoPort Inc. Common Stock,18.14,918774674.0,1054736,Health Care
UPBD,Upbound Group Inc. Common Stock,15.72,916466647.0,1648407,Consumer Discretionary
SBGI,Sinclair Inc. Class A Common Stock,12.64,914100278.0,525577,Industrials
KRO,Kronos Worldwide Inc Common Stock,7.94,913874277.0,299921,Basic Materials
RWAYL,Runway Growth Finance Corp. 7.50% Notes due 2027,25.1499,910844673.0,6502,Finance
SBSI,Southside Bancshares Inc. Common Stock,30.43,907056831.0,162133,Finance
WLFC,Willis Lease Finance Corporation Common Stock,42.84,905813715.0,479072,Consumer Discretionary
APMD,Apnimed Inc. Common Stock,21.75,905469443.0,340331,Health Care
FCBC,First Community Bankshares Inc. (VA) Common Stock,47.88,905426553.0,96253,Finance
FMNB,Farmers National Banc Corp. Common Stock,15.28,905302900.0,253136,Finance
KOPN,Kopin Corporation Common Stock,4.87,905199630.0,2709277,Technology
OIG,Orion180 Insurance Group Inc. Class A common stock,9.14,905156611.0,384358,Finance
RHLD,Resolute Holdings Management Common Stock ,115.63,904179770.0,131690,Finance
CRVS,Corvus Pharmaceuticals Inc. Common Stock,10.74,903458939.0,825484,Health Care
HTLD,Heartland Express Inc. Common Stock,11.67,902471570.0,456747,Industrials
BANFP,BancFirst Corporation - BFC Capital Trust II Cumulative Trust Preferred Securities,26.83,901454328.0,1115,Finance
SIGIP,Selective Insurance Group Inc. Depositary Shares each representing a 1/1000th interest in a share of 4.60% Non-Cumulative Preferred Stock Series B,15.11,900089388.0,10110,Finance
BRBR,BellRing Brands Inc. Common Stock ,7.73,898830440.0,5739917,Consumer Staples
DJCO,Daily Journal Corp. (S.C.) Common Stock,651.44,897653051.0,21289,Consumer Discretionary
FRBT,Forbright Inc. Class A Common Stock,17.68,897514238.0,73555,Finance
RUMBW,RUM Group Inc. Warrant,1.81,897416451.0,9454,Technology
BBDC,Barings BDC Inc. Common Stock,8.55,895243858.0,538822,Finance
JBIO,Jade Biosciences Inc. Common Stock,14.07,894815235.0,607078,Health Care
DFH,Dream Finders Homes Inc. Class A Common Stock,9.88,894486966.0,1533984,Consumer Discretionary
TTI,Tetra Technologies Inc. Common Stock,6.03,892878857.0,1576519,Energy
RIGL,Rigel Pharmaceuticals Inc. Common Stock,47.79,892710701.0,391671,Health Care
PACB,Pacific Biosciences of California Inc. Common Stock,2.87,892084278.0,26246873,Industrials
VRTS,Virtus Investment Partners Inc. Common Stock,134.47,890553124.0,140739,Finance
BZH,Beazer Homes USA Inc. Common Stock,33.37,890299020.0,1175737,Consumer Discretionary
RNP,Cohen & Steers REIT and Preferred and Income Fund Inc. Common Shares,18.11,889900553.0,229556,Finance
KOP,Koppers Holdings Inc. Common Stock,47.04,889600159.0,282124,Basic Materials
THFF,First Financial Corporation Common Stock,74.71,888443550.0,89438,Finance
SIBN,SI-BONE Inc. Common Stock,19.81,887855971.0,632050,Health Care
GOODO,Gladstone Commercial Corporation 6.00% Series G Cumulative Redeemable Preferred Stock par value $0.001 per share,18.335,887551531.0,7855,Real Estate
AIZN,Assurant Inc. 5.25% Subordinated Notes due 2061,17.58,887072929.0,12253,Finance
ALMS,Alumis Inc. Common Stock,6.84,885337035.0,3871962,Health Care
PXED,Phoenix Education Partners Inc. Common Stock,24.51,883521186.0,91168,Real Estate
ACEL,Accel Entertainment Inc. ,10.88,883385008.0,517391,Consumer Discretionary
SMPL,The Simply Good Foods Company Common Stock,9.94,879297817.0,2484847,Consumer Staples
BHFAL,Brighthouse Financial Inc. 6.25% Junior Subordinated Debentures due 2058,15.2501,877057087.0,17542,Finance
EIG,Employers Holdings Inc Common Stock,48.79,876293088.0,128270,Finance
GLUE,Monte Rosa Therapeutics Inc. Common Stock,10.27,876168628.0,1749282,Health Care
BKSY,BlackSky Technology Inc. Class A Common Stock,21.37,874563959.0,934626,Technology
MTUS,Metallus Inc. Common Shares,21.04,872092935.0,601003,Industrials
RPC,Ridgepost Capital Inc. Class A Common Stock,7.89,869781292.0,707365,Finance
BTGO,BitGo Holdings Inc. Class A Common Stock,7.38,867486690.0,580736,Finance
ITG,ITG Inc. Class A Common Stock,6.98,866617389.0,370385,Industrials
NX,Quanex Building Products Corporation Common Stock,18.91,866573593.0,512427,Industrials
GSBC,Great Southern Bancorp Inc. Common Stock,79.47,866024881.0,87729,Finance
LANDP,Gladstone Land Corporation 6.00% Series C Cumulative Redeemable Preferred Stock,20.07,865751020.0,25488,Real Estate
ACDC,ProFrac Holding Corp. Class A Common Stock,4.75,865083120.0,1159959,Energy
SMBK,SmartFinancial Inc. Common Stock,50.59,865011749.0,67431,Finance
EGBN,Eagle Bancorp Inc. Common Stock,28.32,863306115.0,262327,Finance
MBINN,Merchants Bancorp Depositary Shares Preferred Series C,18.7835,862877832.0,18514,Finance
SANA,Sana Biotechnology Inc. Common Stock,2.88,862158635.0,5394115,Health Care
LANDO,Gladstone Land Corporation 6.00% Series B Cumulative Redeemable Preferred Stock,19.96,861005997.0,18568,Real Estate
FMN,Federated Hermes Premier Municipal Income Fund,9.97,859960855.0,125277,Finance
BLZE,Backblaze Inc. Class A Common Stock,13.88,859172000.0,1212532,Technology
RMIX,Suncrete Inc. Class A Common Stock,11.69,859049399.0,310201,Industrials
QNST,QuinStreet Inc. Common Stock,14.99,857778646.0,952682,Consumer Discretionary
DAKT,Daktronics Inc. Common Stock,17.8,856049170.0,281533,Consumer Discretionary
SGP,SpyGlass Pharma Inc. Common Stock,25.59,855933783.0,133114,Health Care
OI,O-I Glass Inc. Common Stock,5.57,855884791.0,4561743,Consumer Discretionary
LWLG,Lightwave Logic Inc. Common Stock,5.55,855628265.0,4175363,Industrials
OBX,Obsidian Therapeutics Inc. Common Stock,13.84,854936604.0,199196,Health Care
TRNS,Transcat Inc. Common Stock,90.57,850297788.0,91735,Industrials
HIPO,Hippo Holdings Inc. Common Stock,32.2,849738068.0,118850,Finance
MTW,Manitowoc Company Inc. (The) Common Stock,23.51,847816891.0,491964,Industrials
NAVI,Navient Corporation Common Stock,9.04,847805805.0,1124946,Finance
BH,Biglari Holdings Inc. Class B Common Stock,364.4,847794820.0,61736,Consumer Discretionary
PUBM,PubMatic Inc. Class A Common Stock,18.6,847231135.0,646381,Technology
HMH,HMH Holding Inc. Class A Common Stock,19.18,845706675.0,259357,Consumer Discretionary
ARDX,Ardelyx Inc. Common Stock,3.39,844745869.0,4253074,Health Care
CCBG,Capital City Bank Group Common Stock,49.31,843856675.0,50517,Finance
SXC,SunCoke Energy Inc. Common Stock,9.94,843656009.0,1450421,Industrials
SAFE,Safehold Inc. New Common Stock ,11.9,842713732.0,855595,Real Estate
NABL,N-able Inc. Common Stock,4.46,842520983.0,1906827,Technology
CVLG,Covenant Logistics Group Inc. Class A Common Stock,33.19,842288452.0,129670,Industrials
BW,Babcock & Wilcox Enterprises Inc. Common Stock,5.64,840162972.0,5114893,Industrials
IMMX,Immix Biopharma Inc. Common Stock,10.13,839806894.0,1597527,Health Care
KBDC,Kayne Anderson BDC Inc. Common Stock,12.7,838680187.0,410543,Uncategorized
INR,Infinity Natural Resources Inc. Class A Common Stock,13.21,837808028.0,190815,Energy
PAYS,Paysign Inc. Common Stock,14.81,836204530.0,697380,Technology
SMP,Standard Motor Products Inc. Common Stock,37.42,835973764.0,144106,Consumer Discretionary
RPD,Rapid7 Inc. Common Stock,12.36,833071910.0,1430572,Technology
NNE,Nano Nuclear Energy Inc. Common Stock,15.51,832858244.0,2203946,Utilities
QDEL,QuidelOrtho Corporation Common Stock,12.14,832505684.0,2693243,Health Care
CODI,D/B/A Compass Diversified Holdings Shares of Beneficial Interest,11.06,832109784.0,863612,Consumer Discretionary
CAPL,CrossAmerica Partners LP Common Units representing limited partner interests,21.68,827596168.0,27291,Energy
SVC,Service Properties Trust Common Shares of Beneficial Interest,6.38,826270533.0,1258238,Real Estate
WRLD,World Acceptance Corporation Common Stock,176.28,822025370.0,64426,Finance
MCS,Marcus Corporation (The) Common Stock,26.66,821985359.0,215540,Consumer Discretionary
PCT,PureCycle Technologies Inc. Common stock,4.09,821700673.0,9552612,Industrials
ATTO,Attovia Therapeutics Inc. Common Stock,17.995,821494460.0,455966,Health Care
TCBIO,Texas Capital Bancshares Inc. Depositary Shares 5.75% Fixed Rate Non-Cumulative Perpetual Preferred Stock Series B,18.875,820578715.0,11797,Finance
GYRE,Gyre Therapeutics Inc. Common Stock,7.35,819597390.0,181471,Health Care
ORRF,Orrstown Financial Services Inc. Common Stock,41.4,814322516.0,85355,Finance
APEI,American Public Education Inc. Common Stock,44.41,812771525.0,207450,Real Estate
EVLV,Evolv Technologies Holdings Inc. Class A Common Stock,4.48,811445134.0,2170386,Technology
FOXF,Fox Factory Holding Corp. Common Stock,19.23,808256149.0,910580,Consumer Discretionary
JBGS,JBG SMITH Properties Common Shares ,10.83,808117792.0,1277577,Real Estate
ALRS,Alerus Financial Corporation Common Stock,32.395,807527205.0,165604,Finance
DSP,Viant Technology Inc. Class A Common Stock,12.14,807295638.0,633909,Technology
ABX,Abacus Global Management Inc. Class A Common Stock,8.24,805808132.0,493479,Finance
SPFI,South Plains Financial Inc. Common Stock,42.73,804994957.0,100060,Finance
WEST,Westrock Coffee Company Common Stock,8.22,802497121.0,327984,Consumer Staples
GRPN,Groupon Inc. Common Stock,19.71,801512984.0,667833,Consumer Discretionary
ARI,Apollo Commercial Real Estate Finance Inc,6.23,798761339.0,4119100,Real Estate
RJET,Republic Airways Holdings Inc. Common Stock,17.06,798740670.0,78077,Consumer Discretionary
MITK,Mitek Systems Inc. Common Stock,17.7,798666020.0,381006,Technology
IBCP,Independent Bank Corporation Common Stock,35.91,797176683.0,181732,Finance
BHFAO,Brighthouse Financial Inc. Depositary Shares 6.75% Non-Cumulative Preferred Stock Series B,13.8499,796529396.0,32074,Finance
ANNX,Annexon Inc. Common Stock,4.2,796232363.0,3448862,Health Care
MLAB,Mesa Laboratories Inc. Common Stock,142.23,795900448.0,148012,Industrials
DC,Dakota Gold Corp. Common Stock,5.93,795645837.0,1116190,Basic Materials
JBSS,John B. Sanfilippo & Son Inc. Common Stock,68.03,795507512.0,141132,Consumer Staples
SMBC,Southern Missouri Bancorp Inc. Common Stock,71.9,791854760.0,75431,Finance
CTKB,Cytek Biosciences Inc. Common Stock,6.09,791598011.0,1788141,Industrials
PGC,Peapack-Gladstone Financial Corporation Common Stock,44.34,786057392.0,107250,Finance
AVTX,Avalo Therapeutics Inc. Common Stock,14.6,782997839.0,736850,Health Care
CADL,Candel Therapeutics Inc. Common Stock,10.23,782784920.0,980913,Health Care
BHFAP,Brighthouse Financial Inc. Depositary Shares 6.6% Non-Cumulative Preferred Stock Series A,13.61,782732372.0,12845,Finance
AHCO,AdaptHealth Corp. Common Stock,5.74,782615685.0,3264151,Health Care
FISI,Financial Institutions Inc. Common Stock,39.63,780963047.0,118755,Finance
SABR,Sabre Corporation Common Stock,1.93,778915603.0,5810849,Technology
KELYB,Kelly Services Inc. Class B Common Stock,22.4,777995523.0,298,Consumer Discretionary
GERN,Geron Corporation Common Stock,1.21,777392825.0,6366767,Health Care
DSGN,Design Therapeutics Inc. Common Stock,12.42,777264105.0,680786,Health Care
ANGX,Angel Studios Inc. Class A Common Stock,4.16,776906287.0,1538871,Consumer Discretionary
VREX,Varex Imaging Corporation Common Stock,18.45,776745000.0,298084,Technology
HTB,HomeTrust Bancshares Inc. Common Stock,46.53,776733665.0,129374,Finance
LYTS,LSI Industries Inc. Common Stock,20.84,776526242.0,330267,Consumer Discretionary
LXRX,Lexicon Pharmaceuticals Inc. Common Stock,1.74,774223325.0,2716420,Health Care
RCBC,River City Bank Common stock,54.45,773173883.0,160754,Finance
TXO,TXO Partners L.P. Common Units Representing Limited Partner Interests,13.91,771259521.0,79518,Energy
CIM,Chimera Investment Corporation Common Stock,9.18,768474489.0,1853874,Real Estate
SKYH,Sky Harbour Group Corporation Class A Common Stock,9.34,762419605.0,143649,Finance
SHBI,Shore Bancshares Inc Common Stock,22.83,761889061.0,228012,Finance
RILYG,BRC Group Holdings Inc. 5.00% Senior Notes due 2026,24.94,760596826.0,21395,Finance
CTO,CTO Realty Growth Inc. Common Stock,20.29,760579862.0,307987,Real Estate
LPTH,LightPath Technologies Inc. Class A Common Stock,10.81,757091884.0,2252830,Technology
SLDB,Solid Biosciences Inc. Common Stock,7.06,757010180.0,1372190,Health Care
BBSI,Barrett Business Services Inc. Common Stock,31.23,756864671.0,258879,Consumer Discretionary
WLKP,Westlake Chemical Partners LP Common Units representing limited partner interests,21.42,754966728.0,16485,Industrials
MNTN,MNTN Inc. Class A Common Stock,10.08,754015883.0,537155,Consumer Discretionary
SWIM,Latham Group Inc. Common Stock,6.39,751758490.0,558182,Industrials
MOV,Movado Group Inc. Common Stock,33.45,746344595.0,192587,Consumer Discretionary
MITN,TPG Mortgage Investment Trust Inc. 9.500% Senior Notes due 2029,25.25,744697846.0,21806,Real Estate
APOG,Apogee Enterprises Inc. Common Stock,35.66,744163364.0,402615,Consumer Discretionary
MITP,TPG Mortgage Investment Trust Inc. 9.500% Senior Notes due 2029,25.23,744107986.0,15535,Real Estate
MFA,MFA Financial Inc.,7.35,742996344.0,3188918,Real Estate
BWMN,Bowman Consulting Group Ltd. Common Stock,42.76,741266493.0,330837,Consumer Discretionary
TASK,TaskUs Inc. Class A Common Stock,8.08,740831130.0,223742,Technology
HYLN,Hyliion Holdings Corp. Class A Common Stock,4.14,739392483.0,2327341,Consumer Discretionary
SSYS,Stratasys Ltd. Ordinary Shares (Israel),8.58,739360385.0,601744,Technology
AVR,Anteris Technologies Global Corp. Common Stock,7.55,735811479.0,1892825,Health Care
ROOT,Root Inc. Class A Common Stock,47.42,734690010.0,152738,Finance
CCNEP,CNB Financial Corporation Depositary Shares each representing a 1/40th ownership interest in a share of 7.125% Series A Fixed-Rate Non-Cumulative Perpetual Preferred Stock,24.75,733116904.0,1319,Finance
LXU,LSB Industries Inc. Common Stock,10.18,732934591.0,506098,Basic Materials
PRAA,PRA Group Inc. Common Stock,19.41,730747796.0,417221,Finance
BFS,Saul Centers Inc. Common Stock,29.55,730390335.0,157421,Real Estate
ESRT,Empire State Realty Trust Inc. Class A Common Stock,4.23,728260670.0,7444315,Real Estate
WASH,Washington Trust Bancorp Inc. Common Stock,38.12,727113117.0,102258,Finance
CGBD,Carlyle Secured Lending Inc. Common Stock,10.56,726576375.0,484649,Finance
FDUS,Fidus Investment Corporation Common Stock,19.13,726066983.0,210615,Finance
VSTM,Verastem Inc. Common Stock,8.0,724507528.0,2217169,Health Care
OLMA,Olema Pharmaceuticals Inc. Common Stock,8.25,721855258.0,1006148,Health Care
ACHV,Achieve Life Sciences Inc. Common Shares,7.01,721346455.0,1704601,Health Care
CWBC,Community West Bancshares Common Stock,26.58,721144053.0,136082,Finance
VTS,Vitesse Energy Inc. Common Stock,17.05,717878605.0,387251,Energy
LUCK,Lucky Strike Entertainment Corporation Class A Common Stock,5.26,717085385.0,37927,Consumer Discretionary
OABI,OmniAb Inc. Common Stock,4.92,715320758.0,1216138,Health Care
TCBX,Third Coast Bancshares Inc. Common Stock,42.89,714331663.0,74517,Finance
FDMT,4D Molecular Therapeutics Inc. Common Stock,12.92,713755206.0,2110626,Health Care
GDOT,Green Dot Corporation Class A Common Stock $0.001 par value,12.52,713454441.0,345473,Finance
GEGGL,Great Elm Group Inc.  7.25% Notes due 2027,24.56,712161089.0,1376,Technology
COLL,Collegium Pharmaceutical Inc. Common Stock,21.87,711991256.0,975404,Health Care
RGR,Sturm Ruger & Company Inc. Common Stock,44.41,709594349.0,287030,Industrials
BLMN,Bloomin' Brands Inc. Common Stock,8.28,708941193.0,2748012,Consumer Discretionary
BCSF,Bain Capital Specialty Finance Inc. Common Stock,10.9,707066726.0,623644,Finance
WGO,Winnebago Industries Inc. Common Stock,25.0,706722325.0,900766,Industrials
LINC,Lincoln Educational Services Corporation Common Stock,22.2,704216834.0,778487,Real Estate
NRGV,Energy Vault Holdings Inc. Common Stock,3.87,703719136.0,3996610,Miscellaneous
QVCG,QVC Group Inc. Common Stock,14.07,703498551.0,138837,Consumer Discretionary
MFIC,MidCap Financial Investment Corporation Common Stock,8.51,700991064.0,712645,Finance
FTH,Faeth Therapeutics Inc. Common Stock,27.1,700275518.0,412856,Health Care
BCAL,California BanCorp Common Stock,21.7,697666740.0,178931,Finance
NVCT,Nuvectis Pharma Inc. Common Stock,21.39,697614872.0,194291,Health Care
ADAM,Adamas Trust Inc. Common Stock,7.72,697152639.0,1328815,Real Estate
BALY,Bally's Corporation Common Stock,13.79,695974708.0,85267,Consumer Discretionary
NGVC,Natural Grocers by Vitamin Cottage Inc. Common Stock,30.16,695070828.0,115232,Consumer Staples
LEGH,Legacy Housing Corporation Common Stock (TX),29.2,694464710.0,78801,Consumer Discretionary
CASS,Cass Information Systems Inc Common Stock,54.15,693452968.0,48570,Consumer Discretionary
NEWTP,NewtekOne Inc. Depositary Shares Non-Cumulative Perpetual Preferred Stock Series B,24.0,693233544.0,810,Finance
AROW,Arrow Financial Corporation Common Stock,37.38,692416766.0,63500,Finance
PKOH,Park-Ohio Holdings Corp. Common Stock,47.76,692042878.0,60496,Industrials
PFIS,Peoples Financial Services Corp. Common Stock,69.08,691516152.0,40483,Finance
FINV,FinVolution Group American Depositary Shares,2.92,689394486.0,351744,Finance
SCHL,Scholastic Corporation Common Stock,37.41,688697300.0,544662,Consumer Discretionary
NIE,Virtus Equity & Convertible Income Fund Common Shares of Beneficial Interest,24.83,688013601.0,134383,Finance
BSTZ,BlackRock Science and Technology Term Trust Common Shares of Beneficial Interest,31.0,686892730.0,104417,Finance
PMT,PennyMac Mortgage Investment Trust Common Shares of Beneficial Interest,7.87,686282589.0,2913862,Real Estate
OFRM,Once Upon a Farm PBC Common Stock,16.31,684867550.0,243997,Consumer Staples
MSBI,Midland States Bancorp Inc. Common Stock,33.0,684819696.0,113028,Finance
XFLT,XAI Floating Rate & Alternative Income Trust Common Shares of Beneficial Interest,19.3,684542668.0,113922,Finance
EVER,EverQuote Inc. Class A Common Stock,19.41,684003567.0,992287,Technology
OSPN,OneSpan Inc. Common Stock,18.42,678817027.0,297264,Technology
WYFI,WhiteFiber Inc. Ordinary Shares,17.46,678288140.0,1044683,Finance
RRBI,Red River Bancshares Inc. Common Stock,102.97,677965395.0,68241,Finance
KE,Kimball Electronics Inc. Common Stock,28.23,677294019.0,183978,Technology
CARE,Carter Bankshares Inc. Common Stock,30.55,677108092.0,121697,Finance
DGICA,Donegal Group Inc. Class A Common Stock,18.24,677055704.0,93829,Finance
PSTL,Postal Realty Trust Inc. Class A Common Stock,22.38,676969778.0,307250,Real Estate
CNNE,Cannae Holdings Inc. Common Stock,15.59,676204199.0,341989,Consumer Discretionary
INDI,indie Semiconductor Inc. Class A Common Stock,2.91,674563850.0,3008637,Technology
VLGEA,Village Super Market Inc. Class A Common Stock,45.46,673239461.0,34943,Consumer Staples
PFLT,PennantPark Floating Rate Capital Ltd. Common Stock,6.78,672697335.0,924678,Finance
MATV,Mativ Holdings Inc. Common Stock,12.11,668352087.0,406816,Basic Materials
CCSI,Consensus Cloud Solutions Inc. Common Stock,36.38,666660662.0,99333,Technology
SOC,Sable Offshore Corp. Common Stock,3.47,665787415.0,6695871,Energy
HOV,Hovnanian Enterprises Inc. Class A Common Stock,111.69,665660114.0,88285,Consumer Discretionary
MDXG,MiMedx Group Inc Common Stock,4.55,663210129.0,894735,Health Care
NSLRL,Neostellar Capital Corp. 6.00% Notes due 2026,25.01,662095282.0,19481,Finance
FPH,Five Point Holdings LLC Class A Common Shares,4.46,659543301.0,116151,Finance
SWBI,Smith & Wesson Brands Inc. Common Stock,14.7,659143296.0,498964,Industrials
BHB,Bar Harbor Bankshares Inc. Common Stock,39.24,657900979.0,80061,Finance
HNRG,Hallador Energy Company Common Stock,13.95,657649830.0,590882,Utilities
NEWTG,NewtekOne Inc. 8.50% Fixed Rate Senior Notes due 2029,24.98,657519863.0,11890,Finance
RILYT,BRC Group Holdings Inc. 6.00% Senior Notes Due 2028,21.55,657211772.0,18020,Finance
EVC,Entravision Communications Corporation Common Stock,7.12,657092732.0,986351,Industrials
MG,Mistras Group Inc Common Stock,20.63,657063293.0,435048,Consumer Discretionary
NEWTI,NewtekOne Inc. 8.00% Fixed Rate Senior Notes due 2028,24.95,656730207.0,4627,Finance
CUBB,Customers Bancorp Inc 5.375% Subordinated Notes Due 2034,20.725,655396830.0,3234,Finance
YEXT,Yext Inc. Common Stock,6.62,655239020.0,822148,Technology
PKE,Park Aerospace Corp. Common Stock,30.05,653623891.0,180387,Industrials
STTK,Shattuck Labs Inc. Common Stock,6.5,652361145.0,1239363,Health Care
CBNK,Capital Bancorp Inc. Common Stock,40.02,651944049.0,233805,Finance
SMC,Summit Midstream Corporation Common Stock,32.07,651280286.0,131953,Utilities
DGICB,Donegal Group Inc. Class B Common Stock,17.49,649216242.0,1348,Finance
ACNB,ACNB Corporation Common Stock,63.78,648638135.0,71057,Finance
FWRG,First Watch Restaurant Group Inc. Common Stock,10.51,648597692.0,1575751,Consumer Discretionary
ELMT,The Elmet Group Co. Common Stock,21.29,648482712.0,587071,Industrials
ABR,Arbor Realty Trust Common Stock,3.47,647356409.0,8134944,Real Estate
NMFC,New Mountain Finance Corporation Common Stock,6.85,646998872.0,732868,Finance
AGNT,AGNT Inc. Common Stock,3.87,646746416.0,2516031,Finance
INN,Summit Hotel Properties Inc. Common Stock,5.99,646042243.0,980090,Real Estate
TIPT,Tiptree Inc. Common Stock,17.34,645736259.0,263334,Finance
AURA,Aura Biosciences Inc. Common Stock,6.22,645043912.0,589829,Health Care
NUAI,New Era Energy & Digital Inc. Common Stock,6.05,644684001.0,6968923,Energy
PHR,Phreesia Inc. Common Stock,10.37,643675689.0,504162,Consumer Discretionary
PZZA,Papa John's International Inc. Common Stock,19.54,643289764.0,2511726,Consumer Discretionary
ANGO,AngioDynamics Inc. Common Stock,15.54,642305325.0,636202,Health Care
STLN,Starling Oncology Inc. Common Stock,6.3,642071525.0,1336794,Health Care
PRTH,Priority Technology Holdings Inc. Common Stock,7.78,641386094.0,771861,Consumer Discretionary
TRON,Tron Inc. Common Stock,1.35,640415786.0,528452,Finance
TBLD,Thornburg Income Builder Opportunities Trust Common Stock,19.95,640033566.0,142372,Finance
CLDT,Chatham Lodging Trust (REIT) Common Shares of Beneficial Interest,13.72,638880224.0,283651,Real Estate
WCCB,West Coast Community Bancorp Common Stock,60.7,638811838.0,81193,Finance
HTZ,Hertz Global Holdings Inc Common Stock,1.79,638047993.0,15663063,Consumer Discretionary
BHFAN,Brighthouse Financial Inc. Depositary shares each representing a 1/1000th interest in a share of 5.375% Non-Cumulative Preferred Stock Series C,11.0799,637222367.0,40742,Finance
SGMT,Sagimet Biosciences Inc. Series A Common Stock,9.03,636912484.0,1528765,Health Care
GDYN,Grid Dynamics Holdings Inc. Class A Common Stock,7.84,636034747.0,757381,Technology
ZVRA,Zevra Therapeutics Inc. Common Stock,10.7,635406457.0,1977811,Health Care
CLYM,Climb Bio Inc. Common Stock,11.05,634670618.0,1206434,Health Care
ABTC,American Bitcoin Corp. Class A Common Stock,8.71,634259700.0,895400,Finance
DLY,DoubleLine Yield Opportunities Fund Common Shares of Beneficial Interest,13.22,633843198.0,347491,Finance
BLSM,BlossomHill Therapeutics Inc. Common Stock,19.94,633791085.0,201562,Health Care
RMT,Royce Micro-Cap Trust Inc. Common Stock,13.66,632036002.0,84049,Finance
RSVR,Reservoir Media Inc. Common Stock,9.55,629638596.0,52772,Consumer Discretionary
CLMB,Climb Global Solutions Inc. Common Stock,33.73,629423353.0,148871,Technology
ACRS,Aclaris Therapeutics Inc. Common Stock,4.27,628539273.0,7015548,Health Care
CCB,Coastal Financial Corporation Common Stock,40.95,625975091.0,190616,Finance
TROX,Tronox Holdings plc Ordinary Shares (UK),3.91,624427113.0,1593742,Basic Materials
WOOF,Petco Health and Wellness Company Inc. Class A Common Stock,2.18,624394198.0,3044001,Consumer Discretionary
SLRC,SLR Investment Corp. Common Stock,11.44,624105013.0,321183,Finance
NTGR,NETGEAR Inc. Common Stock,22.94,623486742.0,271517,Utilities
GOOD,Gladstone Commercial Corporation Real Estate Investment Trust,12.79,619131938.0,704039,Real Estate
GAIN,Gladstone Investment Corporation Business Development Company,15.54,618833367.0,98637,Finance
FWDI,Forward Industries Inc. Common Stock,8.11,618697424.0,2207932,Finance
GEMI,Gemini Space Station Inc. Class A Common Stock,4.77,618441004.0,1423208,Finance
FLGT,Fulgent Genetics Inc. Common Stock,22.45,617718328.0,308008,Health Care
SPT,Sprout Social Inc Class A Common Stock,10.19,617434640.0,657642,Technology
MLR,Miller Industries Inc. Common Stock,54.3,616423591.0,101741,Consumer Discretionary
IVR,INVESCO MORTGAGE CAPITAL INC Common Stock,5.7,613550377.0,3761754,Real Estate
ETRA,Electra Therapeutics Inc. Common stock,9.74,611350142.0,334456,Health Care
HPP,Hudson Pacific Properties Inc. Common Stock,11.25,610523336.0,489199,Finance
NXP,Nuveen Select Tax Free Income Portfolio Common Stock,13.04,610260434.0,319375,Finance
HIFS,Hingham Institution for Savings Common Stock,283.84,609518016.0,43946,Finance
EGY,VAALCO Energy Inc.  Common Stock,5.79,609060395.0,1371112,Energy
MGRE,Affiliated Managers Group Inc. 6.750% Junior Subordinated Notes due 2064,21.38,607449907.0,37434,Finance
PAR,PAR Technology Corporation Common Stock,14.62,604722791.0,869328,Miscellaneous
MAMA,Mama's Creations Inc. Common Stock,12.82,604430553.0,442093,Consumer Staples
FBIOP,Fortress Biotech Inc. 9.375% Series A Cumulative Redeemable Perpetual Preferred Stock,18.1,603652973.0,30169,Health Care
MATW,Matthews International Corporation Class A Common Stock,19.33,603350634.0,2813071,Telecommunications
IRWD,Ironwood Pharmaceuticals Inc. Class A Common Stock,3.65,603125807.0,2227120,Health Care
FOF,Cohen & Steers Closed-End Opportunity Fund Inc. Common Stock,12.27,602930966.0,109395,Finance
KRNY,Kearny Financial Corp Common Stock,9.27,601895371.0,495150,Finance
MPLT,MapLight Therapeutics Inc. Common Stock,9.275,600775196.0,262153,Health Care
ARRY,Array Technologies Inc. Common Stock,3.9,600629999.0,6320260,Technology
RILYZ,BRC Group Holdings Inc. 5.25% Senior Notes due 2028,19.6,597742494.0,9126,Finance
SHEN,Shenandoah Telecommunications Co Common Stock,11.2,597684416.0,1156393,Telecommunications
KIDS,OrthoPediatrics Corp. Common Stock,22.89,597653047.0,304793,Health Care
TITN,Titan Machinery Inc. Common Stock,25.33,596088281.0,175522,Consumer Discretionary
LMB,Limbach Holdings Inc. Common Stock,49.94,595534150.0,196216,Consumer Discretionary
GRNT,Granite Ridge Resources Inc. Common Stock,4.51,594870091.0,1243410,Energy
EVEX,Eve Holding Inc. Common Stock,1.7,592426766.0,1022697,Industrials
JBI,Janus International Group Inc. Common Stock,4.34,592131329.0,1637933,Industrials
DDD,3D Systems Corporation Common Stock,3.56,591483416.0,3043990,Technology
UAMY,United States Antimony Corporation Common Stock,3.95,591194067.0,5808609,Industrials
FBIZ,First Business Financial Services Inc. Common Stock,70.64,591138125.0,60723,Finance
MAX,MediaAlpha Inc. Class A Common Stock,9.64,590584748.0,1048189,Consumer Discretionary
WEAV,Weave Communications Inc. Common Stock,7.36,588793516.0,786960,Technology
BXC,Bluelinx Holdings Inc. Common Stock,74.6,586372188.0,255875,Consumer Discretionary
ENVX,Enovix Corporation Common Stock,2.67,585927588.0,4629426,Miscellaneous
FAC,Factorial Energy Inc. Class A Common Stock,5.47,585417150.0,345222,Miscellaneous
GCBC,Greene County Bancorp Inc. Common Stock,34.33,584484900.0,29416,Finance
WHFCL,WhiteHorse Finance Inc. 7.875% Notes due 2028,25.079,582913404.0,844,Uncategorized
ADTN,ADTRAN Holdings Inc. Common Stock,7.15,582592060.0,1782076,Utilities
PRME,Prime Medicine Inc. Common Stock,3.21,582219708.0,4716953,Health Care
EFSCP,Enterprise Financial Services Corporation Depositary Shares Each Representing a 1/40th Interest in a Share of 5% Fixed Rate Non-Cumulative Perpetual Preferred Stock Series A,16.02,579804170.0,8799,Finance
OOMA,Ooma Inc. Common Stock,21.0,579600000.0,475923,Technology
VEL,Velocity Financial Inc. Common Stock,14.63,577613716.0,160672,Finance
IIIN,Insteel Industries Inc. Common Stock,29.77,576295013.0,101304,Industrials
SFST,Southern First Bancshares Inc. Common Stock,60.67,574651376.0,50873,Finance
AQST,Aquestive Therapeutics Inc. Common Stock,4.57,573588231.0,1092987,Health Care
HY,Hyster-Yale Inc. Class A common stock,31.94,572696561.0,112620,Industrials
BME,Blackrock Health Sciences Trust,42.85,571319821.0,49711,Finance
EBF,Ennis Inc. Common Stock,22.58,571234982.0,160553,Consumer Discretionary
WNC,Wabash National Corporation Common Stock,13.99,569913050.0,1145910,Industrials
BWB,Bridgewater Bancshares Inc. Common Stock,20.43,569666504.0,142615,Finance
CRMD,CorMedix Inc. Common Stock,7.26,565875792.0,1257362,Health Care
XMAX,XMAX Inc. Common Stock,8.71,565066702.0,399109,Consumer Discretionary
NRDS,NerdWallet Inc. Class A Common Stock,8.83,564441626.0,727779,Technology
IPX,IperionX Limited American Depositary Share,16.61,563716940.0,151635,Basic Materials
BHFAM,Brighthouse Financial Inc. Depositary shares each representing a 1/1000th Interest in a Share of 4.625% Non-Cumulative Preferred Stock Series D,9.79,563038202.0,11571,Finance
ALOY,REalloys Inc. Common Stock,8.11,562987530.0,882459,Basic Materials
CTMX,CytomX Therapeutics Inc. Common Stock,2.58,562180153.0,1767328,Health Care
VMO,Invesco Municipal Opportunity Trust Common Stock,8.33,561780906.0,438237,Finance
CTGO,Contango Silver & Gold Inc. Common Stock,16.78,561134795.0,273467,Basic Materials
RMR,The RMR Group Inc. Class A Common Stock,17.44,559479141.0,140327,Consumer Discretionary
PANL,Pangaea Logistics Solutions Ltd. Common Shares,8.53,558491275.0,581175,Consumer Discretionary
CIVB,Civista Bancshares Inc. Common Stock,26.82,557701463.0,93087,Finance
BTBT,Bit Digital Inc. Ordinary Shares,1.54,555375595.0,18970497,Finance
ITIC,Investors Title Company Common Stock,293.39,553919146.0,37860,Finance
HNST,The Honest Company Inc. Common Stock,5.15,552514552.0,1092673,Consumer Discretionary
NVEC,NVE Corporation Common Stock,114.13,552065756.0,90496,Technology
DCTH,Delcath Systems Inc. Common Stock,15.87,550669877.0,428019,Health Care
TLRY,Tilray Brands Inc. Common Stock ,3.72,549749565.0,4367250,Health Care
SBC,SBC Medical Group Holdings Incorporated Common Stock,5.34,549202676.0,344029,Health Care
UNTY,Unity Bancorp Inc. Common Stock,54.67,549027739.0,34789,Finance
MEI,Methode Electronics Inc. Common Stock,15.4,548933816.0,428782,Technology
NRIM,Northrim BanCorp Inc Common Stock,24.67,548778377.0,111482,Finance
KELYA,Kelly Services Inc. Class A Common Stock,15.8,548764699.0,203602,Consumer Discretionary
SENS,Senseonics Holdings Inc. Common Stock,10.31,545131486.0,709611,Health Care
TMS,Teamshares Inc. Common Stock,7.4,545087818.0,85020,Uncategorized
WTI,W&T Offshore Inc. Common Stock,3.6,543394627.0,3509669,Energy
PHAT,Phathom Pharmaceuticals Inc. Common Stock,6.7,542036258.0,1104749,Health Care
MGR,Affiliated Managers Group Inc. 5.875% Junior Subordinated Notes due 2059,19.06,541533921.0,47600,Finance
NCDL,Nuveen Churchill Direct Lending Corp. Common Stock,10.94,540294491.0,286886,Uncategorized
BWBBP,Bridgewater Bancshares Inc. Depositary Shares Each Representing a 1/100th Interest in a Share of 5.875% Non-Cumulative Perpetual Preferred Stock Series A,19.3499,539549187.0,699,Finance
ETD,Ethan Allen Interiors Inc. Common Stock,21.08,531268763.0,510274,Consumer Discretionary
BSVN,Bank7 Corp. Common stock,55.77,531256989.0,28345,Finance
NPB,Northpointe Bancshares Inc. Common Stock,15.36,531177093.0,214121,Finance
HBCP,Home Bancorp Inc. Common Stock,67.37,530252428.0,87113,Finance
MASS,908 Devices Inc. Common Stock,12.8,529071424.0,419471,Industrials
SWRD,Stewards Inc Common Stock,2.34,527963967.0,269478,Finance
BWFG,Bankwell Financial Group Inc. Common Stock,66.15,527345948.0,53555,Finance
MNPR,Monopar Therapeutics Inc. Common Stock,78.29,525495946.0,128274,Health Care
MSBIP,Midland States Bancorp Inc. Depositary Shares Each Representing a 1/40th Interest in a Share of 7.750% Fixed-Rate Reset Non-Cumulative Perpetual Preferred Stock Series A,25.32,525443476.0,5842,Finance
SLDP,Solid Power Inc. Class A Common Stock,2.3,524816788.0,1958221,Miscellaneous
GENVR,Gen Digital Inc. Contingent Value Rights,0.87,520770718.0,3042,Technology
ALT,Altimmune Inc. Common Stock,2.67,519362262.0,3839581,Health Care
CARS,Cars.com Inc. Common Stock ,9.7,519267326.0,1034498,Technology
HUYA,HUYA Inc. American depositary shares each  representing one Class A ordinary share,2.27,518391031.0,528580,Technology
ALLO,Allogene Therapeutics Inc. Common Stock,1.5,518236322.0,4443340,Health Care
CBIO,Crescent Biopharma Inc. Common Stock,13.94,517786524.0,187020,Health Care
OPFI,OppFi Inc. Class A Common Stock,6.04,514657812.0,634966,Finance
UHT,Universal Health Realty Income Trust Common Stock,36.92,513139413.0,245964,Real Estate
CSV,Carriage Services Inc. Common Stock,32.28,512680515.0,148294,Consumer Discretionary
FBRT,Franklin BSP Realty Trust Inc. Common Stock,6.17,512390217.0,1716161,Real Estate
RGNX,REGENXBIO Inc. Common Stock,7.76,512262370.0,2353649,Health Care
SDHC,Smith Douglas Homes Corp. Class A Common Stock,10.07,511841797.0,47028,Consumer Discretionary
OIS,Oil States International Inc. Common Stock,8.48,511535809.0,1046340,Consumer Discretionary
BSRR,Sierra Bancorp Common Stock,39.39,510628208.0,61974,Finance
METC,Ramaco Resources Inc. Class A Common Stock,7.995,509147776.0,2196579,Energy
FWRD,Forward Air Corporation Common Stock,15.07,509077590.0,525750,Industrials
TCMD,Tactile Systems Technology Inc. Common Stock,22.47,508996866.0,352830,Health Care
SD,SandRidge Energy Inc. Common Stock,13.72,508673061.0,273472,Energy
RFI,Cohen & Steers Total Return Realty Fund Inc. Common Stock,10.34,508093414.0,130668,Finance
NB,NioCorp Developments Ltd. Common Stock,3.46,504639720.0,2201938,Basic Materials
IIM,Invesco Value Municipal Income Trust Common Stock,10.71,504102982.0,305793,Finance
OBT,Orange County Bancorp Inc. Common Stock,37.58,503871250.0,57068,Finance
YDES,YD Bio Limited Ordinary Shares,7.11,503610870.0,258547,Health Care
WTBA,West Bancorporation Common Stock,29.45,501938231.0,76117,Finance
DNUT,Krispy Kreme Inc. Common Stock,2.89,501415000.0,1772179,Consumer Staples
AII,American Integrity Insurance Group Inc. Common Stock,25.49,499480807.0,107144,Finance
YORW,York Water Company (The) Common Stock,30.775,499434580.0,173722,Utilities
PBYI,Puma Biotechnology Inc Common Stock,9.67,499166038.0,297659,Health Care
ONT,Onterris Inc. Common Stock,14.21,499018595.0,816698,Consumer Discretionary
ETO,Eaton Vance Tax-Advantage Global Dividend Opp Common Stock,30.31,496724463.0,46597,Finance
BBCP,Concrete Pumping Holdings Inc. Common Stock,9.83,495367319.0,71694,Consumer Discretionary
PBAM,Private Bancorp of America Inc. Common Stock,86.35,494767194.0,96833,Finance
COFS,ChoiceOne Financial Services Inc. Common Stock,33.05,494279936.0,51527,Finance
EOLS,Evolus Inc. Common Stock,7.47,493396787.0,786447,Health Care
SGHT,Sight Sciences Inc. Common Stock,8.92,491384871.0,564950,Health Care
PDLB,Ponce Financial Group Inc. Common Stock,20.28,490530632.0,95662,Finance
KRUS,Kura Sushi USA Inc. Class A Common Stock,40.37,490488879.0,389843,Consumer Discretionary
HBB,Hamilton Beach Brands Holding Company Class A Common Stock ,36.37,488897615.0,108308,Consumer Discretionary
QUAD,Quad Graphics Inc Class A Common Stock,9.5,488882369.0,242184,Consumer Discretionary
CMCO,Columbus McKinnon Corporation Common Stock,16.92,488383008.0,294352,Industrials
ARVN,Arvinas Inc. Common Stock,7.46,487780985.0,628608,Health Care
FMAO,Farmers & Merchants Bancorp Inc. Common Stock,35.37,487156740.0,64572,Finance
FPI,Farmland Partners Inc. Common Stock,11.15,486482550.0,1058358,Real Estate
TKNO,Alpha Teknova Inc. Common Stock,9.0,483194214.0,480139,Health Care
MCFT,MasterCraft Boat Holdings Inc. Common Stock,19.71,479729002.0,121478,Industrials
WEYS,Weyco Group Inc. Common Stock,50.19,479363837.0,31782,Consumer Staples
CTNM,Contineum Therapeutics Inc. Class A Common Stock,12.72,478540799.0,508404,Health Care
GFUZ,General Fusion Group Ltd. Common Shares,7.53,478521869.0,157351,Utilities
OLP,One Liberty Properties Inc. Common Stock,21.92,478404526.0,98779,Real Estate
PROK,ProKidney Corp. Class A Ordinary Shares,1.58,477669795.0,985944,Health Care
BRSP,BrightSpire Capital Inc. Class A Common Stock,3.77,476996159.0,1861853,Real Estate
GTN,Gray Media Inc. Common Stock,4.63,476817693.0,1007913,Industrials
BDN,Brandywine Realty Trust Common Stock,2.73,476594929.0,1526180,Real Estate
NXRT,NexPoint Residential Trust Inc. Common Stock,18.61,475482020.0,781703,Real Estate
ILPT,Industrial Logistics Properties Trust Common Shares of Beneficial Interest,7.11,474563214.0,317126,Real Estate
ARKO,ARKO Corp. Common Stock,4.21,472301885.0,485886,Consumer Staples
ASPN,Aspen Aerogels Inc. Common Stock,5.69,472206181.0,778045,Consumer Discretionary
CIX,CompX International Inc. Common Stock,38.23,471630397.0,11820,Consumer Discretionary
CERS,Cerus Corporation Common Stock,2.34,471568261.0,1843127,Health Care
VGM,Invesco Trust for Investment Grade Municipals Common Stock (DE),8.68,470733482.0,318248,Finance
CWH,Camping World Holdings Inc. Class A Common Stock,4.55,469991868.0,7792407,Consumer Discretionary
PUSA,Powerus Corporation Common Stock,2.895,469695170.0,2963594,Consumer Discretionary
RYAM,Rayonier Advanced Materials Inc. Common Stock,6.94,469450804.0,1219058,Basic Materials
JOUT,Johnson Outdoors Inc. Class A Common Stock,44.5,466345315.0,45802,Consumer Discretionary
ULH,Universal Logistics Holdings Inc. Common Stock,17.63,464864402.0,109622,Industrials
VKQ,Invesco Municipal Trust Common Stock,8.4,464818326.0,413368,Finance
FTHY,First Trust High Yield Opportunities 2027 Term Fund Common Stock,12.63,464442851.0,190655,Finance
ORBS,Eightco Holdings Inc. Common Stock,1.08,464159592.0,12398112,Finance
ASMB,Assembly Biosciences Inc. Common Stock,22.74,462999953.0,241761,Health Care
SPCE,Virgin Galactic Holdings Inc. Common Stock,3.05,462367504.0,5754775,Consumer Discretionary
TRTX,TPG RE Finance Trust Inc. Common Stock,6.02,462149434.0,1368742,Real Estate
IQI,Invesco Quality Municipal Income Trust Common Stock,8.73,461675548.0,306613,Finance
TYG,Tortoise Energy Infrastructure Corporation Common Stock,38.66,461132730.0,142237,Finance
ALTI,AlTi Global Inc. Class A Common Stock,2.95,460033124.0,104223,Finance
NRC,NRC Health Common Stock,20.78,459644581.0,117698,Health Care
AMCX,AMC Global Media Inc. Class A Common Stock,11.14,459524677.0,610371,Telecommunications
CZNC,Citizens & Northern Corp Common Stock,25.5,457339109.0,54340,Finance
OVID,Ovid Therapeutics Inc. Common Stock,2.34,456996985.0,1200117,Health Care
CCOI,Cogent Communications Holdings Inc.,8.88,454795736.0,2434000,Consumer Discretionary
DMAC,DiaMedica Therapeutics Inc. Common Stock,8.42,454054369.0,231393,Health Care
HQL,abrdn Life Sciences Investors Shares of Beneficial Interest,17.68,454015964.0,156934,Finance
NPCE,Neuropace Inc. Common Stock,13.22,453766902.0,149448,Health Care
CAPR,Capricor Therapeutics Inc. Common Stock,7.78,452321334.0,6772021,Health Care
MGRB,Affiliated Managers Group Inc. 4.750% Junior Subordinated Notes due 2060,15.91,452035922.0,21698,Finance
ETB,Eaton Vance Tax-Managed Buy-Write Income Fund Eaton Vance Tax-Managed Buy-Write Income Fund Common Shares of Beneficial Interest,15.39,452025815.0,54921,Finance
TECX,Tectonic Therapeutic Inc. Common Stock,23.11,451785848.0,312668,Health Care
OPTU,Optimum Communications Inc. Class A common stock,0.9889,450527863.0,848237,Telecommunications
TWI,Titan International Inc. (DE) Common Stock,6.98,450505617.0,347330,Industrials
CLFD,Clearfield Inc. Common Stock,33.16,450443948.0,136210,Utilities
ASPI,ASP Isotopes Inc. Common Stock,2.93,449196483.0,5265373,Industrials
IPI,Intrepid Potash Inc Common Stock,33.38,449183778.0,171686,Industrials
MBUU,Malibu Boats Inc. Class A Common Stock,22.78,448248347.0,294054,Industrials
XRN,Chiron Real Estate Inc. Common Stock,33.81,447571032.0,127659,Real Estate
ASIX,AdvanSix Inc. Common Stock ,16.48,444979545.0,261490,Industrials
FRBA,First Bank Common Stock,17.69,444627589.0,117876,Finance
AHRT,AH Realty Trust Inc. Common Stock,5.96,444574232.0,806436,Finance
BMRC,Bank of Marin Bancorp Common Stock,27.42,444046280.0,85958,Finance
MRAM,Everspin Technologies Inc. Common Stock,18.22,443657164.0,787674,Technology
RBB,RBB Bancorp Common Stock,26.22,443536576.0,74083,Finance
SPIR,Spire Global Inc. Class A Common Stock,10.89,442377620.0,641663,Consumer Discretionary
IDR,Idaho Strategic Resources Inc. Common Stock,27.87,441075358.0,281933,Basic Materials
ACIC,American Coastal Insurance Corporation Common Stock,9.28,438682564.0,261153,Finance
LOCO,El Pollo Loco Holdings Inc. Common Stock,14.4,438234293.0,212911,Consumer Discretionary
MYGN,Myriad Genetics Inc. Common Stock,4.58,438075374.0,2759940,Health Care
AVBC,Avidia Bancorp Inc. Common Stock,21.93,437948811.0,121478,Finance
TRC,Tejon Ranch Co Common Stock,16.18,437206964.0,80082,Finance
VRRM,Verra Mobility Corporation Class A Common Stock,2.87,436190647.0,7650791,Consumer Discretionary
HVT,Haverty Furniture Companies Inc. Common Stock,27.89,434906229.0,116496,Consumer Discretionary
RLGT,Radiant Logistics Inc. Common Stock,9.25,433771998.0,156393,Industrials
NGS,Natural Gas Services Group Inc. Common Stock,33.58,433124410.0,159545,Energy
CBAN,Colony Bankcorp Inc. Common Stock,20.41,433119896.0,112631,Finance
ATNI,ATN International Inc. Common Stock,28.1,432834332.0,96555,Telecommunications
RWT,Redwood Trust Inc. Common Stock,3.44,432106766.0,2749245,Real Estate
GLAD,Gladstone Capital Corporation Common Stock,19.12,431979479.0,161525,Consumer Discretionary
AMSF,AMERISAFE Inc. Common Stock,23.28,431519430.0,475627,Finance
PBFS,Pioneer Bancorp Inc. Common Stock,17.37,431499686.0,32879,Finance
PLBC,Plumas Bancorp,61.76,429788828.0,32366,Finance
CBK,Commercial Bancgroup Inc. Common Stock,31.275,428507219.0,32826,Finance
EDIT,Editas Medicine Inc. Common Stock,2.79,428488298.0,3019236,Health Care
RILYL,BRC Group Holdings Inc. Depositary Shares each representing 1/1000th in a share of 7.375% Series B Cumulative Perpetual Preferred Stock par value $0.0001,10.63,427323396.0,760,Finance
FOSL,Fossil Group Inc. Common Stock,7.22,426976735.0,1613971,Consumer Discretionary
SPRY,ARS Pharmaceuticals Inc. Common Stock,4.29,426629101.0,1621634,Health Care
MNRO,Monro Inc. Common Stock,13.64,426441778.0,817800,Consumer Discretionary
SRTA,Strata Critical Medical Inc. Class A Common Stock,4.81,425525337.0,1160896,Health Care
EVGO,EVgo Inc. Class A Common Stock,1.35,424596222.0,3024986,Consumer Discretionary
PRTA,Prothena Corporation plc Ordinary Shares,8.27,424556775.0,714541,Health Care
GNE,Genie Energy Ltd. Class B Common Stock Stock,16.11,424009127.0,125338,Utilities
VCV,Invesco California Value Municipal Income Trust Common Stock,8.84,423352241.0,316219,Finance
SGU,Star Group L.P. Common Stock,12.9,423264686.0,20146,Consumer Discretionary
SERV,Serve Robotics Inc. Common Stock,4.88,423132634.0,2687728,Industrials
CAL,Caleres Inc. Common Stock,12.25,422685968.0,380911,Consumer Discretionary
GUT,Gabelli Utility Trust (The) Common Stock,5.72,419842446.0,191569,Finance
ACTG,Acacia Research Corporation (Acacia Tech) Common Stock,4.3,419623262.0,101620,Miscellaneous
RZLT,Rezolute Inc. Common Stock (NV),4.33,418807702.0,4197572,Health Care
CTEV,Claritev Corporation Class A Common Stock,24.68,418263387.0,223346,Consumer Discretionary
MAGN,Magnera Corporation Common Stock,11.68,418144000.0,457588,Basic Materials
MEC,Mayville Engineering Company Inc. Common Stock,16.39,417950425.0,431282,Industrials
VHI,Valhi Inc. Common Stock,14.75,417737597.0,11571,Basic Materials
CARL,Carlsmed Inc. Common Stock,15.3,417731968.0,130674,Health Care
LAND,Gladstone Land Corporation Common Stock,9.68,417562027.0,553998,Real Estate
TWIN,Twin Disc Incorporated Common Stock,28.72,417557668.0,89227,Industrials
BLW,Blackrock Limited Duration Income Trust,11.68,417107435.0,482841,Consumer Discretionary
NATH,Nathan's Famous Inc. Common Stock,101.52,415994545.0,26294,Consumer Discretionary
USCB,USCB Financial Holdings Inc. Class A Common Stock,22.44,414567107.0,85845,Finance
MNTK,Montauk Renewables Inc. Common Stock,2.91,414212714.0,1811791,Utilities
AVIR,Atea Pharmaceuticals Inc. Common Stock,5.13,411450106.0,293617,Health Care
RCEL,Avita Medical Inc. Common Stock,13.25,409780723.0,420822,Health Care
RILYP,BRC Group Holdings Inc. Depositary Shares each representing a 1/1000th fractional interest in a share of Series A Cumulative Perpetual Preferred Stock,10.1899,409631483.0,638,Finance
EIKN,Eikon Therapeutics Inc. Common Stock,7.54,408404326.0,485367,Health Care
EVH,Evolent Health Inc Class A Common Stock,3.61,408144199.0,1341873,Consumer Discretionary
SI,Shoulder Innovations Inc. Common Stock,19.6,408051557.0,148107,Health Care
USDE,StablecoinX Inc. Class A Common Stock,14.96,406719450.0,4776585,Finance
ISTR,Investar Holding Corporation Common Stock,29.36,404493483.0,69770,Finance
MGRD,Affiliated Managers Group Inc. 4.200% Junior Subordinated Notes due 2061,14.1916,403212633.0,10079,Finance
ACCO,Acco Brands Corporation Common Stock,4.34,400614845.0,538421,Consumer Discretionary
BNED,Barnes & Noble Education Inc Common Stock,11.54,400033869.0,147881,Consumer Discretionary
HCMA,HCM III Acquisition Corp. Class A Ordinary Share,10.3,399768750.0,10217,Consumer Discretionary
CTRN,Citi Trends Inc. Common Stock,47.86,399125933.0,77013,Consumer Discretionary
TCI,Transcontinental Realty Investors Inc. Common Stock,45.46,398864449.0,18274,Real Estate
BOC,Boston Omaha Corporation Class A Common Stock,13.22,398273203.0,211077,Finance
GREEL,Vulcan Infrastructure and Power Inc. 8.50% Senior Notes due 2026,25.38,397791323.0,9691,Finance
IMSR,Terrestrial Energy Inc. Common Stock  ,3.75,397257203.0,1197120,Industrials
VITL,Vital Farms Inc. Common Stock,9.25,397116579.0,1777523,Consumer Staples
XRX,Xerox Holdings Corporation Common Stock,3.02,396569823.0,3016971,Technology
FVR,FrontView REIT Inc. Common Stock,16.2,396186439.0,235070,Real Estate
SAZ,Saratoga Investment Corp 8.50% Notes due 2028,25.27,395933670.0,9355,Finance
SAJ,Saratoga Investment Corp 8.00% Notes due 2027,25.24,395463626.0,116,Finance
CHMG,Chemung Financial Corp Common Stock,81.91,394926772.0,97095,Finance
SAY,Saratoga Investment Corp 8.125% Notes due 2027,25.2034,394890173.0,4453,Finance
OPTX,Syntec Optics Holdings Inc. Class A Common Stock,9.8,394742804.0,1002484,Technology
STRZ,Starz Entertainment Corp. Common Shares,23.03,394369658.0,133562,Consumer Discretionary
AGEN,Agenus Inc. Common Stock,8.73,394263527.0,956492,Health Care
IIIV,i3 Verticals Inc. Class A Common Stock,14.97,394040475.0,380983,Technology
PCB,PCB Bancorp Common Stock,28.03,393670194.0,31575,Finance
CPS,Cooper-Standard Holdings Inc. Common Stock,22.03,391455652.0,167587,Consumer Discretionary
KYTX,Kyverna Therapeutics Inc. Common Stock,6.32,390850566.0,813501,Health Care
RMNI,Rimini Street Inc. (DE) Common Stock,4.18,390228080.0,322566,Consumer Discretionary
CYH,Community Health Systems Inc. Common Stock,2.76,389185825.0,1168612,Health Care
FSTR,L.B. Foster Company Common Stock,36.95,388705243.0,121139,Industrials
MVBF,MVB Financial Corp. Common Stock,29.92,387987809.0,71456,Finance
RR,Richtech Robotics Inc. Class B Common Stock,1.72,387175342.0,4518888,Industrials
FNLC,First Bancorp Inc  (ME) Common Stock,34.21,385968851.0,76146,Finance
GCO,Genesco Inc. Common Stock,35.66,385846620.0,142204,Consumer Discretionary
OPRT,Oportun Financial Corporation Common Stock,8.38,385373180.0,844907,Finance
PKBK,Parke Bancorp Inc. Common Stock,32.76,385305757.0,40278,Finance
FRST,Primis Financial Corp. Common Stock,15.51,384633607.0,92729,Finance
FRPH,FRP Holdings Inc. Common Stock,20.03,384541969.0,116249,Finance
CHCT,Community Healthcare Trust Incorporated Common Stock,13.36,382815329.0,593945,Real Estate
ATLCL,Atlanticus Holdings Corporation 6.125% Senior Notes due 2026,25.306,382764612.0,3335,Finance
CZFS,Citizens Financial Services Inc. Common Stock,79.52,382479670.0,27645,Finance
KPLT,Katapult Holdings Inc. Common Stock,4.5,381820748.0,182883,Consumer Discretionary
TACO,Berto Acquisition Corp. Ordinary Shares,10.46,381185747.0,34992,Finance
VGZ,Vista Gold Corp Common Stock,2.61,380985213.0,4130267,Basic Materials
VALU,Value Line Inc. Common Stock,40.6,380913179.0,2070,Finance
GLOO,Gloo Holdings Inc. Class A Common Stock,4.16,380769131.0,718361,Technology
ATLCZ,Atlanticus Holdings Corporation 9.25% Senior Notes due 2029,25.14,380253788.0,15341,Finance
OXM,Oxford Industries Inc. Common Stock,25.38,380148594.0,925908,Industrials
AIOT,PowerFleet Inc. Common Stock,2.82,378517089.0,1358135,Telecommunications
DIN,Dine Brands Global Inc. Common Stock,29.86,378002219.0,1051748,Consumer Discretionary
GALT,Galectin Therapeutics Inc. Common Stock,3.73,376905847.0,280848,Health Care
SVIA,Silvia Inc. Common Stock,4.47,376867667.0,2633233,Finance
SOR,Source Capital Inc. Cmn Shs of BI,44.96,375167956.0,10397,Finance
ORN,Orion Group Holdings Inc. Common,9.26,374986385.0,323877,Industrials
RNGR,Ranger Energy Services Inc. Class A Common Stock,15.99,374198348.0,155934,Energy
SLP,Simulations Plus Inc. Common Stock,18.5,374159503.0,625332,Technology
FENC,Fennec Pharmaceuticals Inc. Common Stock,10.62,372061080.0,118034,Health Care
EBS,Emergent BioSolutions Inc. Common Stock,7.24,371218953.0,2347665,Health Care
RLMD,Relmada Therapeutics Inc. Common Stock,3.48,371211064.0,1282555,Health Care
TTRX,Turn Therapeutics Inc. Common Stock,12.36,368180174.0,111354,Health Care
NWFL,Norwood Financial Corp. Common Stock,33.76,368054018.0,31417,Finance
CCCC,C4 Therapeutics Inc. Common Stock,2.99,367845157.0,1463604,Health Care
NUAIW,New Era Energy & Digital Inc. Warrants,3.45,367629720.0,1437,Energy
ENTA,Enanta Pharmaceuticals Inc. Common Stock,12.6,366980065.0,218891,Health Care
JILL,J. Jill Inc. Common Stock,24.62,365926494.0,466742,Consumer Discretionary
NECB,NorthEast Community Bancorp Inc. Common Stock,26.51,364938224.0,32549,Finance
MCI,Barings Corporate Investors Common Stock,18.0,364710942.0,17230,Finance
IRD,Opus Genetics Inc. Common Stock,4.38,364397705.0,2537874,Health Care
SUJA,Suja Life Inc. Class A Common Stock,9.43,364233863.0,236875,Consumer Staples
OBIO,Orchestra BioMed Holdings Inc. Ordinary Shares,6.03,362433445.0,284809,Health Care
CRNC,Cerence Inc. Common Stock,8.0,361842056.0,856701,Technology
FLXS,Flexsteel Industries Inc. Common Stock,88.05,360277795.0,49969,Consumer Discretionary
EVN,Eaton Vance Municipal Income Trust Common Stock,9.07,359781168.0,277346,Finance
GBLI,Global Indemnity Group LLC Class A Common Stock ,24.515,358914652.0,8013,Finance
MOVE,Corvex Inc. Common Stock,11.35,358118321.0,93232,Technology
SFIX,Stitch Fix Inc. Class A Common Stock,2.68,358057881.0,3590171,Consumer Discretionary
WSBF,Waterstone Financial Inc. Common Stock (MD),19.9,357742857.0,66990,Finance
ATLCP,Atlanticus Holdings Corporation 7.625% Series B Cumulative Perpetual Preferred Stock no par value per share,23.532,356981334.0,4576,Finance
KREF,KKR Real Estate Finance Trust Inc. Common Stock,6.08,356153924.0,810400,Real Estate
IMXI,International Money Express Inc. Common Stock,11.78,355892966.0,686502,Consumer Discretionary
BCBP,BCB Bancorp Inc. (NJ) Common Stock,8.46,353220414.0,529872,Finance
OCGN,Ocugen Inc. Common Stock,1.04,352674817.0,5495798,Health Care
CABA,Cabaletta Bio Inc. Common Stock,2.08,352654526.0,5407247,Health Care
BRBS,Blue Ridge Bankshares Inc. Common Stock,3.93,352477192.0,1623429,Finance
VMD,Viemed Healthcare Inc. Common Shares,9.24,351935227.0,217819,Health Care
CLPT,ClearPoint Neuro Inc. Common Stock,11.52,351408695.0,760012,Health Care
TSBK,Timberland Bancorp Inc. Common Stock,45.17,351226924.0,28805,Finance
ADV,Advantage Solutions Inc. Class A Common Stock,27.37,350944435.0,68058,Consumer Discretionary
RPAY,Repay Holdings Corporation Class A Common Stock,3.9,350456523.0,276138,Consumer Discretionary
CV,CapsoVision Inc. Common Stock,6.585,350292973.0,90371,Health Care
NNBR,NN Inc. Common Stock,4.24,350142863.0,3192606,Industrials
FSBW,FS Bancorp Inc. Common Stock,44.43,349315236.0,31811,Finance
REI,Ring Energy Inc. Common Stock,1.34,349123073.0,1811531,Energy
ERII,Energy Recovery Inc. Common Stock,6.83,348636496.0,872178,Technology
ARTV,Artiva Biotherapeutics Inc. Common Stock,7.13,348586563.0,473212,Health Care
SHOE,Shoe Station Group Inc. Common Stock,12.82,348496508.0,810579,Consumer Discretionary
KDK,Kodiak AI Inc. Common Stock ,1.73,347069434.0,9276002,Technology
BRCB,Black Rock Coffee Bar Inc. Class A Common Stock,6.92,346502939.0,334091,Consumer Discretionary
CUB,Lionheart Holdings Class A Ordinary Shares,10.89,345959793.0,53292,Industrials
RCKY,Rocky Brands Inc. Common Stock,46.14,345676774.0,39027,Consumer Discretionary
ARTNA,Artesian Resources Corporation Class A Common Stock,33.44,345338926.0,38325,Utilities
AVBH,Avidbank Holdings Inc. Common stock,31.34,344222263.0,48859,Finance
TREE,LendingTree Inc. Common Stock,24.51,344109640.0,261375,Finance
CLNE,Clean Energy Fuels Corp. Common Stock,1.56,343894223.0,664917,Utilities
NL,NLI Holdings Inc. Common Stock,7.01,342780125.0,13389,Basic Materials
SRZN,Surrozen Inc. Common Stock,29.13,342381145.0,439219,Health Care
IA,Innovative Solutions and Support Inc. Common Stock,19.12,342232188.0,177960,Technology
CYPH,Cypherpunk Technologies Inc. Common Stock,3.17,341613091.0,14389935,Health Care
BKKT,Bakkt Inc. Class A Common Stock,7.57,341175797.0,921912,Finance
CION,CION Investment Corporation Common Stock,6.93,340974739.0,303168,Finance
LEO,BNY Mellon Strategic Municipals Inc. Common Stock,5.47,340730971.0,306265,Finance
FNKO,Funko Inc. Class A Common Stock,6.07,339894300.0,762422,Consumer Discretionary
PACK,Ranpak Holdings Corp Class A Common Stock,3.96,339602824.0,464636,Consumer Discretionary
BCML,BayCom Corp Common Stock,31.01,338632828.0,51323,Finance
OPI,Office Properties Income Trust Common shares of beneficial interest,15.4,338085086.0,62460,Finance
BMBL,Bumble Inc. Class A Common Stock,2.55,336519201.0,1760880,Technology
VKI,Invesco Advantage Municipal Income Trust II Common Shares of Beneficial Interest (DE),7.57,336153571.0,412854,Finance
INDP,Indaptus Therapeutics Inc. Common Stock,2.51,334438233.0,361501,Health Care
LTRX,Lantronix Inc. Common Stock,7.13,334250122.0,615938,Telecommunications
TCPC,BlackRock TCP Capital Corp. Common Stock,3.98,333933045.0,990712,Finance
EMBC,Embecta Corp. Common Stock,5.88,333158442.0,1044813,Health Care
CCAP,Crescent Capital BDC Inc. Common stock,9.02,332350487.0,315616,Finance
PNRG,PrimeEnergy Resources Corporation Common Stock,209.67,331823742.0,56006,Energy
TLS,Telos Corporation Common Stock,4.43,331083975.0,1100459,Technology
MPTI,M-tron Industries Inc. Common Stock,75.94,330071387.0,119961,Technology
PESI,Perma-Fix Environmental Services Inc. Common Stock,15.49,328672257.0,169968,Industrials
RDIB,Reading International Inc Class B Common Stock,14.29,327099915.0,10434,Consumer Discretionary
PPT,Franklin Premier Income Trust Shares of Beneficial Interest,3.27,325457420.0,180011,Finance
CLW,Clearwater Paper Corporation Common Stock,20.14,324813167.0,133360,Basic Materials
JMSB,John Marshall Bancorp Inc. Common Stock,23.0,324579082.0,69097,Finance
EGHT,8x8 Inc Common Stock,2.24,323535522.0,975723,Technology
CFFI,C&F Financial Corporation Common Stock,99.46,323413187.0,81040,Finance
COSO,CoastalSouth Bancshares Inc. Common Stock,26.95,322172320.0,162651,Finance
NEWT,NewtekOne Inc. Common Stock,11.15,322064751.0,174648,Finance
BNTC,Benitec Biopharma Inc. Common Stock,9.23,321967561.0,584258,Health Care
SMTI,Sanara MedTech Inc. Common Stock,35.0,321581225.0,228602,Health Care
OFSSH,OFS Capital Corporation 4.95% Notes due 2028,23.98,321285910.0,2,Finance
HTZWW,Hertz Global Holdings Inc Warrant,0.9,320806254.0,30886,Consumer Discretionary
BBW,Build-A-Bear Workshop Inc. Common Stock,26.0,320302710.0,295335,Consumer Discretionary
FIP,FTAI Infrastructure Inc. Common Stock ,2.71,320272507.0,821598,Industrials
CHSCP,CHS Inc. 8%  Cumulative Redeemable Preferred Stock,26.09,320176558.0,15910,Industrials
FDBC,Fidelity D & D Bancorp Inc. Common Stock,55.1,320048791.0,14469,Finance
MOBI,Mobia Medical Inc. Common Stock,9.59,319261611.0,159891,Health Care
FVCB,FVCBankcorp Inc. Common Stock,17.7,319205429.0,53527,Finance
GEVO,Gevo Inc. Common Stock,1.29,318935864.0,2465578,Industrials
PRHIZ,Presurance Holdings Inc. 9.75% Senior Unsecured Notes due 2028,26.04,318283821.0,1973,Finance
PPHC,Public Policy Holding Company Inc. Common Stock,10.64,318085875.0,100713,Uncategorized
JAKK,JAKKS Pacific Inc. Common Stock,27.78,317942433.0,102616,Consumer Discretionary
KTF,DWS Municipal Income Trust,8.04,317587542.0,758052,Finance
LWAY,Lifeway Foods Inc. Common Stock,21.0,317241687.0,154810,Consumer Staples
FISN,Deep Fission Inc. Common Stock,5.375,316619417.0,198152,Utilities
CHSCO,CHS Inc. Class B Cumulative Redeemable Preferred Stock,25.65,314776877.0,42888,Industrials
PINE,Alpine Income Property Trust Inc. Common Stock,17.55,314766393.0,164355,Real Estate
LE,Lands' End Inc. Common Stock,10.63,314054357.0,202109,Consumer Discretionary
ELA,Envela Corporation Common Stock,12.05,312859886.0,72643,Consumer Discretionary
ASYS,Amtech Systems Inc. Common Stock,17.83,312169441.0,223140,Technology
MLP,Maui Land & Pineapple Company Inc. Common Stock,15.69,311590142.0,9597,Finance
OPAL,OPAL Fuels Inc. Class A Common Stock,1.78,310948200.0,257334,Utilities
MKTW,MarketWise Inc. Class A Common Stock,19.69,310599610.0,20666,Technology
SES,SES AI Corporation Class A Common Stock,0.8358,310322009.0,20091567,Miscellaneous
ABAT,American Battery Technology Company Common Stock,2.17,309393735.0,2640994,Industrials
CHAD,DeFi Development Corp. Variable Rate Series C Perpetual Preferred Stock,9.46,308592673.0,42581,Finance
CBNA,Chain Bridge Bancorp Inc. Class A Common Stock,47.02,308536635.0,5570,Finance
PMO,Franklin Municipal Opportunities Trust Shares of Beneficial Interest,9.07,308212813.0,202664,Finance
CHSCL,CHS Inc Class B Cumulative Redeemable Preferred Stock Series 4,25.11,308149995.0,22051,Industrials
VELO,Velo3D Inc. Common stock,9.57,307667059.0,7554946,Technology
HRZN,Horizon Technology Finance Corporation Common Stock,4.58,307015303.0,389396,Finance
SCTX,Scribe Therapeutics Inc. Common Stock,16.21,306882533.0,1107830,Health Care
BDSX,Biodesix Inc. Common Stock,29.06,306615489.0,181236,Health Care
FCCO,First Community Corporation Common Stock,32.58,306243236.0,39058,Finance
EFT,Eaton Vance Floating Rate Income Trust Common Shares of Beneficial Interest,10.52,306031166.0,122662,Finance
FTW,Presidio Production Company Class A Common Stock,9.71,305857591.0,134525,Energy
NODK,NI Holdings Inc. Common Stock,14.96,305254656.0,37922,Finance
DBI,Designer Brands Inc. Class A Common Stock,5.97,305206722.0,636354,Consumer Discretionary
SWKHL,SWK Holdings Corporation 9.00% Senior Notes due 2027,25.06,304413618.0,8896,Uncategorized
FRD,Friedman Industries Inc. Common Stock,42.2,304379780.0,36866,Industrials
RBBN,Ribbon Communications Inc. Common Stock,1.7,303999698.0,3948809,Technology
RM,Regional Management Corp. Common Stock,32.77,302329269.0,130137,Finance
CDZI,CADIZ Inc. Common Stock,3.57,302297158.0,777233,Utilities
LVWR,LiveWire Group Inc. Common Stock,1.47,301956312.0,120864,Consumer Discretionary
SVCO,Silvaco Group Inc. Common Stock,8.89,301244389.0,273140,Technology
PRLD,Prelude Therapeutics Incorporated Common Stock,3.77,300859138.0,325285,Health Care
LAB,Standard BioTools Inc. Common Stock,0.763,299537631.0,1178437,Industrials
CHSCN,CHS Inc Preferred Class B Series 2 Reset Rate,24.35,298823273.0,38082,Industrials
LRMR,Larimar Therapeutics Inc. Common Stock,2.86,297105200.0,886159,Health Care
ZIP,ZipRecruiter Inc. Class A Common Stock,3.61,296836448.0,615392,Technology
BPRN,Princeton Bancorp Inc. Common Stock (PA),43.44,295965451.0,26577,Finance
RCMT,RCM Technologies Inc. Common Stock,41.59,295736467.0,42358,Consumer Discretionary
MTRX,Matrix Service Company Common Stock,10.42,294801817.0,369588,Consumer Discretionary
ALTO,Alto Ingredients Inc. Common Stock,3.79,293981068.0,1094160,Industrials
CATX,Perspective Therapeutics Inc. Common Stock,2.57,293369774.0,3560793,Health Care
MYFW,First Western Financial Inc. Common Stock,30.01,293051521.0,22779,Finance
ABEO,Abeona Therapeutics Inc. Common Stock,5.11,292210327.0,1403683,Health Care
BIOA,BioAge Labs Inc. Common Stock,6.36,291904341.0,783375,Health Care
NREF,NexPoint Real Estate Finance Inc. Common Stock,15.47,291579009.0,53167,Real Estate
CHSCM,CHS Inc Class B Reset Rate Cumulative Redeemable Preferred Stock Series 3,23.75,291460071.0,41774,Industrials
TMCI,Treace Medical Concepts Inc. Common Stock,4.48,291354793.0,210751,Health Care
FATE,Fate Therapeutics Inc. Common Stock,2.43,291163849.0,3381462,Health Care
FNRN,First Northern Community Bancorp Common stock,17.73,290688722.0,76393,Finance
OCCIN,OFS Credit Company Inc. 5.25% Series E Term Preferred Stock Due 2026,25.0,290412750.0,2585,Finance
NPWR,NET Power Inc. Class A Common Stock,1.29,290067544.0,689581,Energy
GOGO,Gogo Inc. Common Stock,2.14,289986825.0,4006991,Consumer Discretionary
DUOT,Duos Technologies Group Inc. Common Stock,9.19,289232266.0,545483,Technology
ISBA,Isabella Bank Corporation Common stock,37.87,288905421.0,53123,Finance
BBOT,BridgeBio Oncology Therapeutics Inc. Common Stock  ,3.6,288627361.0,481669,Health Care
OVLY,Oak Valley Bancorp (CA) Common Stock,34.28,288387630.0,29954,Finance
SEG,Seaport Entertainment Group Inc. Common Stock,22.5,288214560.0,168844,Consumer Discretionary
XFOR,X4 Pharmaceuticals Inc. Common Stock,2.9,287525555.0,698117,Health Care
FUND,Sprott Focus Trust Inc. Common Stock,9.68,286852832.0,12802,Finance
RCKT,Rocket Pharmaceuticals Inc. Common Stock,2.61,286511698.0,1659102,Health Care
BKTI,BK Technologies Corporation Common Stock,75.94,286247401.0,28932,Technology
PMTS,CPI Card Group Inc. Common Stock,24.69,286206036.0,115031,Consumer Discretionary
TDUP,ThredUp Inc. Class A Common Stock,2.17,284994021.0,1380808,Consumer Discretionary
ALCO,Alico Inc. Common Stock,38.39,284798557.0,19279,Consumer Staples
AIRJ,AirJoule Technologies Corporation Class A Common Stock,3.78,284282074.0,845894,Industrials
FGBIP,First Guaranty Bancshares Inc. 6.75% Series A Fixed-Rate Non-Cumulative Perpetual Preferred Stock,17.183,284191252.0,20248,Finance
TSSI,TSS Inc. Common Stock,10.05,283601654.0,555801,Consumer Discretionary
OSUR,OraSure Technologies Inc. Common Stock,4.11,283461057.0,423182,Health Care
FRAF,Franklin Financial Services Corporation Common Stock,62.96,283293683.0,40333,Finance
ATLO,Ames National Corporation Common Stock,31.98,283253896.0,26474,Finance
FULC,Fulcrum Therapeutics Inc. Common Stock,3.71,283062823.0,1062220,Health Care
SABS,SAB Biotherapeutics Inc. Common Stock,3.1,282057741.0,866280,Health Care
III,Information Services Group Inc. Common Stock,5.82,281766349.0,422457,Consumer Discretionary
METCB,Ramaco Resources Inc. Class B Common Stock,4.42,281480071.0,37281,Energy
GPRO,GoPro Inc. Class A Common Stock,1.36,280644655.0,10309101,Consumer Discretionary
HWBK,Hawthorn Bancshares Inc. Common Stock,38.35,280483425.0,24034,Finance
QSI,Quantum-Si Incorporated Class A Common Stock,1.28,280171407.0,19185138,Industrials
FUNC,First United Corporation Common Stock,43.37,279902867.0,22443,Finance
LXEO,Lexeo Therapeutics Inc. Common Stock,3.41,279777730.0,1858579,Health Care
GBAB,Guggenheim Taxable Municipal Bond & Investment Grade Debt Trust Common Shares of Beneficial Interest,12.47,279289405.0,164073,Finance
RELL,Richardson Electronics Ltd. Common Stock,18.78,279150014.0,285365,Technology
IKT,Inhibikase Therapeutics Inc. Common Stock,2.0,279071800.0,407496,Health Care
HLLY,Holley Inc. Common Stock,2.29,277626187.0,823994,Consumer Discretionary
WNEB,Western New England Bancorp Inc. Common Stock,13.84,277434868.0,42271,Finance
NC,NACCO Industries Inc. Common Stock,36.7,276963707.0,26100,Energy
VNDA,Vanda Pharmaceuticals Inc. Common Stock,4.58,276919106.0,726814,Health Care
USNA,USANA Health Sciences Inc. Common Stock,14.85,274376530.0,163747,Health Care
IHRT,iHeartMedia Inc. Class A Common Stock,2.05,274083210.0,1124198,Consumer Discretionary
NXDT,NexPoint Diversified Real Estate Trust Common Stock,5.16,274027099.0,139470,Real Estate
NKSH,National Bankshares Inc. Common Stock,42.97,273745541.0,48052,Finance
MGPI,MGP Ingredients Inc.,12.77,273457751.0,389541,Consumer Staples
AIV,Apartment Investment and Management Company Common Stock,1.88,273045368.0,1928525,Real Estate
QNBC,QNB Corp. Common Stock,45.11,272851850.0,45903,Finance
FBLA,FB Bancorp Inc. Common Stock,17.07,272235398.0,68180,Finance
EYPT,EyePoint Inc. Common Stock,3.15,271568235.0,2763951,Industrials
LAW,CS Disco Inc. Common Stock,4.18,271364618.0,156512,Technology
MFIN,Medallion Financial Corp. Common Stock,11.81,271160541.0,113446,Finance
TBI,TrueBlue Inc. Common Stock,8.9,270954662.0,167984,Consumer Discretionary
FXNC,First National Corporation Common Stock,29.96,270917165.0,19595,Finance
SOUNW,SoundHound AI Inc. Warrant,0.5631,270853737.0,9273,Technology
RWAY,Runway Growth Finance Corp. Common Stock,6.44,269899782.0,404015,Finance
LCNB,LCNB Corporation Common Stock,18.92,269704373.0,30336,Finance
TLSI,TriSalus Life Sciences Inc. Common Stock,4.38,269696748.0,132718,Health Care
PTLO,Portillo's Inc. Class A Common Stock,3.55,269598445.0,1157111,Consumer Discretionary
HCKT,Hackett Group Inc (The). Common Stock,10.82,269178586.0,152444,Consumer Discretionary
INFU,InfuSystems Holdings Inc. Common Stock,13.49,268682772.0,137760,Health Care
KINS,Kingstone Companies Inc. Common Stock,18.55,268532267.0,75895,Finance
IPSC,Century Therapeutics Inc. Common Stock,1.48,267991475.0,773858,Health Care
SAR,Saratoga Investment Corp New,16.61,267104015.0,251764,Finance
PYXS,Pyxis Oncology Inc. Common Stock,2.24,266745938.0,1516959,Health Care
PMM,Franklin Managed Municipal Income Trust Shares of Beneficial Interest,5.47,266601285.0,304760,Finance
CMRC,Commerce.com Inc. Series 1 Common Stock,3.21,265977361.0,517438,Technology
UPB,Upstream Bio Inc. Common Stock,4.85,265639549.0,1010599,Health Care
HQI,HireQuest Inc. Common Stock (DE),19.07,265073000.0,21146,Consumer Discretionary
XPER,Xperi Inc. Common Stock ,5.43,264830993.0,427392,Technology
OIA,Invesco Municipal Income Opportunities Trust Common Stock,5.56,264687075.0,272027,Finance
AVNW,Aviat Networks Inc. Common Stock,20.54,264116281.0,99073,Technology
ANIK,Anika Therapeutics Inc. Common Stock,19.73,264045919.0,122293,Health Care
TTGT,TechTarget Inc. Common Stock,3.65,264014209.0,661714,Telecommunications
ZNTL,Zentalis Pharmaceuticals Inc. Common Stock,2.78,263178619.0,2994973,Health Care
STRT,STRATTEC SECURITY CORPORATION Common Stock,65.92,262692057.0,42552,Consumer Discretionary
PPIH,Perma-Pipe International Holdings Inc. Common Stock,32.02,262409632.0,63673,Industrials
MIN,Aberdeen Intermediate Income Fund Common Shares of Beneficial Interest,2.28,261966918.0,284235,Finance
PCYO,Pure Cycle Corporation Common Stock,10.86,261697438.0,103753,Utilities
ESCA,Escalade Incorporated Common Stock,19.0,261555406.0,53111,Consumer Discretionary
IMRX,Immuneering Corporation Class A Common Stock,4.04,261377504.0,482788,Health Care
POWW,Outdoor Holding Company Common Stock,2.24,259976485.0,707583,Industrials
ARDC,Ares Dynamic Credit Allocation Fund Inc. Common Shares,11.33,259626259.0,216176,Finance
GENC,Gencor Industries Inc. Common Stock,17.68,259148171.0,78426,Industrials
OFLX,Omega Flex Inc. Common Stock,25.64,258818416.0,33273,Industrials
VABK,Virginia National Bankshares Corporation Common Stock,47.45,257429631.0,8491,Finance
FCNCN,First Citizens BancShares Inc. Depositary Shares each representing a 1/40th interest in a share of 6.625% Non-Cumulative Perpetual Preferred Stock Series E,22.76,257031411.0,87093,Finance
RMBI,Richmond Mutual Bancorporation Inc. Common Stock,15.32,256748585.0,65395,Finance
GBFH,GBank Financial Holdings Inc. Common Stock,17.66,256360631.0,42854,Finance
CNDT,Conduent Incorporated Common Stock ,1.64,255054112.0,850283,Consumer Discretionary
VOGX,Vogenx Inc Common Stock,17.15,254764742.0,60974,Health Care
ARL,American Realty Investors Inc. Common Stock,15.77,254717718.0,4112,Finance
PALI,Palisade Bio Inc. Common Stock,1.46,254435015.0,1600948,Health Care
SLNH,Soluna Holdings Inc. Common Stock,1.03,254103108.0,9120214,Technology
VPV,Invesco Pennsylvania Value Municipal Income Trust Common Stock (DE),10.66,254022939.0,20921,Finance
ALMU,Aeluma Inc. Common Stock,13.08,252639193.0,459483,Technology
PDYN,Palladyne AI Corp. Common Stock,5.12,252613171.0,1246682,Technology
AKBA,Akebia Therapeutics Inc. Common Stock,0.9105,252305236.0,7505310,Health Care
SSP,E.W. Scripps Company (The) Class A Common Stock,2.72,252059656.0,714821,Industrials
PAMT,PAMT CORP Common Stock,12.02,251725929.0,10902,Industrials
CAMP,CAMP4 Therapeutics Corporation Common Stock,4.01,251640332.0,381165,Health Care
VUZI,Vuzix Corporation Common Stock,2.98,251554405.0,950292,Technology
REFI,Chicago Atlantic Real Estate Finance Inc. Common Stock,9.81,251343442.0,237816,Real Estate
SWMR,Swarmer Inc Common Stock,15.68,250954308.0,711566,Technology
STRO,Sutro Biopharma Inc. Common Stock,15.13,250873117.0,160495,Health Care
MMT,Aberdeen Multi-Market Income Fund Common Shares of Beneficial Interest,4.21,250698364.0,325689,Finance
ACV,Virtus Diversified Income & Convertible Fund Common Shares of Beneficial Interest,24.14,250161710.0,36810,Finance
SIGA,SIGA Technologies Inc. Common Stock,3.48,250037012.0,964054,Health Care
SNFCA,Security National Financial Corporation Class A Common Stock,9.13,249954649.0,34813,Finance
BNC,BNB Standard Corporation Common Stock,6.07,249925270.0,702683,Consumer Staples
BRT,BRT Apartments Corp. (MD) Common Stock,13.29,249762651.0,89112,Real Estate
QTTB,Q32 Bio Inc. Common Stock,8.37,249170430.0,955801,Health Care
MSB,Mesabi Trust Common Stock,18.97,248886590.0,26312,Industrials
TBCH,Turtle Beach Corporation Common Stock,13.86,248228594.0,289537,Telecommunications
GLSI,Greenwich LifeSciences Inc. Common Stock,16.91,248208497.0,98743,Health Care
IVVD,Invivyd Inc. Common Stock,0.8392,247361540.0,5425544,Health Care
LFCR,Lifecore Biomedical Inc. Common Stock,6.52,246801951.0,840600,Health Care
EVI,EVI Industries Inc.  Common Stock,19.15,246623888.0,67126,Consumer Discretionary
EFSI,Eagle Financial Services Inc Common Stock,45.55,246499063.0,35871,Finance
CPZ,Calamos Long/Short Equity & Dynamic Income Trust Common Stock,12.55,246384035.0,107997,Finance
BLND,Blend Labs Inc. Class A Common Stock,1.04,245973852.0,1532631,Technology
ANGI,Angi Inc. Class A Common Stock,6.06,245770881.0,778202,Consumer Discretionary
CURV,Torrid Holdings Inc. Common Stock,2.46,245309810.0,176158,Consumer Discretionary
AIAI,AIAI Holdings Corporation Class A Common Stock,3.46,245126080.0,251288,Technology
TG,Tredegar Corporation Common Stock,7.0,244609148.0,148392,Industrials
ACU,Acme United Corporation. Common Stock,63.7,244214525.0,38311,Consumer Discretionary
IMMR,Immersion Corporation Common Stock,7.27,241407918.0,261801,Technology
EVMN,Evommune Inc. Common Stock,6.65,241342551.0,1365188,Health Care
MGNX,MacroGenics Inc. Common Stock,3.77,240149705.0,605954,Health Care
CHPT,ChargePoint Holdings Inc. Common Stock,8.93,239773393.0,841336,Miscellaneous
GWRS,Global Water Resources Inc. Common Stock,8.01,239701621.0,39870,Utilities
AENT,Alliance Entertainment Holding Corporation Class A Common Stock,4.69,239094465.0,34277,Consumer Discretionary
LTBR,Lightbridge Corporation Common Stock,6.36,238233459.0,563511,Basic Materials
EOT,Eaton Vance Municipal Income Trust EATON VANCE NATIONAL MUNICIPAL OPPORTUNITIES TRUST,15.24,238123796.0,65097,Finance
PEBK,Peoples Bancorp of North Carolina Inc. Common Stock,43.58,238011734.0,10383,Finance
NAUT,Nautilus Biotechnology Inc. Common Stock,1.87,237967267.0,29556130,Industrials
JACK,Jack In The Box Inc. Common Stock,12.36,237056519.0,359266,Consumer Discretionary
MVST,Microvast Holdings Inc. Common Stock,0.6156,236719430.0,3000037,Miscellaneous
BRCC,BRC Inc. Class A Common Stock,9.45,236521650.0,83419,Consumer Staples
ASLE,AerSale Corporation Common Stock,4.95,236247477.0,932445,Consumer Discretionary
USAU,U.S. Gold Corp. Common Stock,14.28,236029308.0,154496,Basic Materials
SMHI,SEACOR Marine Holdings Inc. Common Stock ,8.69,235784258.0,86148,Consumer Discretionary
CMTV,Community Bancorp. Common Stock,42.06,235573938.0,16513,Finance
PLAY,Dave & Buster's Entertainment Inc. Common Stock,6.76,235455153.0,2604463,Consumer Discretionary
ALIT,Alight Inc. Class A Common Stock,8.74,235447673.0,414418,Consumer Discretionary
ELMD,Electromed Inc. Common Stock,28.32,234690247.0,69580,Health Care
LCTX,Lineage Cell Therapeutics Inc. Common Stock,0.9274,234546382.0,1386604,Health Care
INBK,First Internet Bancorp Common Stock,26.83,234321790.0,28673,Finance
FOA,Finance of America Companies Inc. Class A Common Stock,13.51,233816084.0,49193,Finance
UTMD,Utah Medical Products Inc. Common Stock,73.31,233405698.0,33866,Health Care
KGEI,Kolibri Global Energy Inc. Common stock,6.42,230808598.0,207259,Energy
EAF,GrafTech International Ltd. Common Stock,8.82,230132886.0,375284,Energy
SMRT,SmartRent Inc. Class A Common Stock,1.2,229934159.0,487824,Technology
ONIT,Onity Group Inc. Common Stock,27.5,229749300.0,134025,Finance
SPOK,Spok Holdings Inc. Common Stock,10.97,229471963.0,210978,Telecommunications
XPOF,Xponential Fitness Inc. Class A Common Stock,4.64,228863360.0,947884,Consumer Discretionary
KROS,Keros Therapeutics Inc. Common Stock,11.52,228409206.0,132420,Health Care
MBI,MBIA Inc. Common Stock,4.47,228043505.0,301730,Finance
ASUR,Asure Software Inc Common Stock,7.89,227857898.0,128956,Technology
OPBK,OP Bancorp Common Stock,15.2,226975748.0,53524,Finance
SND,Smart Sand Inc. Common Stock,5.35,226834976.0,194258,Industrials
RGCO,RGC Resources Inc. Common Stock,21.64,225479192.0,15357,Utilities
NUS,Nu Skin Enterprises Inc. Common Stock,4.63,225372815.0,458945,Health Care
MRBK,Meridian Corporation Common Stock,18.88,225220426.0,61972,Finance
FF,FutureFuel Corp.  Common shares,5.1,223702922.0,189053,Industrials
EICA,Eagle Point Income Company 5.00% Series A Term Preferred Shares due 2026,25.0,222702700.0,1912,Finance
LYEL,Lyell Immunopharma Inc. Common Stock,9.07,222261629.0,129467,Health Care
ALEC,Alector Inc. Common Stock,1.99,222197269.0,89984877,Health Care
RAIL,FreightCar America Inc. Common Stock,6.76,221669053.0,107334,Industrials
CFBK,CF Bankshares Inc. Common Stock,34.55,221655940.0,28044,Finance
BMEZ,BlackRock Health Sciences Term Trust Common Shares of Beneficial Interest,16.54,220528118.0,134827,Finance
INBKZ,First Internet Bancorp 6.0% Fixed-to-Floating Rate Subordinated Notes Due 2029,25.205,219613534.0,126,Finance
HDSN,Hudson Technologies Inc. Common Stock,5.215,219491773.0,303718,Consumer Discretionary
SION,Sionna Therapeutics Inc. Common Stock,4.85,219280135.0,1097431,Health Care
LIEN,Chicago Atlantic BDC Inc. Common Stock,9.57,218393046.0,77338,Finance
NATR,Nature's Sunshine Products Inc. Common Stock,12.4,218184448.0,126940,Health Care
LMNR,Limoneira Co Common Stock,11.98,217221444.0,193711,Consumer Staples
GSIT,GSI Technology Common Stock,5.64,216759808.0,378462,Technology
AMWL,American Well Corporation Class A Common Stock,12.72,216351402.0,82269,Consumer Discretionary
RNAC,Cartesian Therapeutics Inc. Common Stock,7.14,216023213.0,226273,Health Care
FTF,Franklin Limited Duration Income Trust Common Shares of Beneficial Interest,5.32,214956590.0,277758,Finance
KLC,KinderCare Learning Companies Inc. Common Stock,1.81,214515830.0,942005,Consumer Discretionary
FCNCO,First Citizens BancShares Inc. 5.625% Non-Cumulative Perpetual Preferred Stock Series C,18.9845,214394237.0,16599,Finance
EXFY,Expensify Inc. Class A Common Stock,2.35,214288660.0,514369,Technology
AMOD,Alpha Modus Holdings Inc. Class A Common Stock,3.78,213977575.0,28692346,Miscellaneous
LOVE,The Lovesac Company Common Stock,14.83,213899511.0,214058,Consumer Discretionary
FORR,Forrester Research Inc. Common Stock,11.23,213807970.0,88650,Industrials
QUIK,QuickLogic Corporation Common Stock,11.65,213401683.0,185513,Technology
TRDA,Entrada Therapeutics Inc. Common Stock,5.48,213372946.0,463822,Health Care
FCAP,First Capital Inc. Common Stock,63.74,213186398.0,15181,Finance
NAGE,Niagen Bioscience Inc. Common Stock,2.68,212057685.0,865153,Health Care
ZSQR,Z Squared Inc. Common Stock,4.0,212001588.0,360712,Finance
ANTX,AN2 Therapeutics Inc. Common Stock,5.61,211700290.0,299959,Health Care
WHWK,Whitehawk Therapeutics Inc. Common Stock,3.7,210933337.0,289144,Health Care
PNNT,PennantPark Investment Corporation Common Stock,3.23,210906384.0,605414,Finance
ALTG,Alta Equipment Group Inc. Class A Common Stock,6.45,210701324.0,216549,Industrials
OVBC,Ohio Valley Banc Corp. Common Stock,44.72,210675965.0,12696,Finance
ZUMZ,Zumiez Inc. Common Stock,13.73,210489316.0,300597,Consumer Discretionary
USBC,USBC Inc. Common Stock,0.54,209597992.0,245749,Finance
PDEX,Pro-Dex Inc. Common Stock,65.405,209514060.0,45166,Health Care
AOUT,American Outdoor Brands Inc. Common Stock ,16.6,209512335.0,139015,Consumer Discretionary
SCM,Stellus Capital Investment Corporation Common Stock,7.35,209327537.0,107900,Finance
BAFN,BayFirst Financial Corp. Common Stock,7.75,208961816.0,126584,Finance
FIRY,Firy Inc. Class A Common Stock,12.57,208941770.0,121711,Technology
DHX,DHI Group Inc. Common Stock,4.81,208870354.0,181463,Consumer Discretionary
LCUT,Lifetime Brands Inc. Common Stock,9.06,208278854.0,261252,Consumer Discretionary
CMT,Core Molding Technologies Inc Common Stock,23.5,207952299.0,32128,Industrials
EU,enCore Energy Corp. Common Shares,1.07,207880639.0,1802214,Basic Materials
OSS,One Stop Systems Inc. Common Stock,8.33,207751283.0,1002016,Technology
SGC,Superior Group of Companies Inc. Common Stock,13.0,207287613.0,29725,Consumer Discretionary
EXOD,Exodus Movement Inc. Class A Common Stock,6.85,206892317.0,80090,Finance
RBKB,Rhinebeck Bancorp Inc. Common Stock,13.23,206863830.0,89970,Finance
ECC,Eagle Point Credit Company Common Share of Beneficial Interest,3.41,206859207.0,563010,Finance
BGS,B&G Foods Inc. Common Stock,2.54,206440204.0,4301384,Consumer Staples
OSG,Octave Specialty Group Inc. Common Stock,4.58,206335806.0,493206,Finance
QMLS,QumulusAI Inc. Common Stock,6.16,206104452.0,298289,Technology
CZWI,Citizens Community Bancorp Inc. Common Stock,21.31,205646423.0,24853,Finance
ACRE,Ares Commercial Real Estate Corporation Common Stock,3.7,205280118.0,1084748,Real Estate
ESOA,Energy Services of America Corporation Common Stock,11.0,205250991.0,69403,Industrials
XGN,Exagen Inc. Common Stock,8.46,204946368.0,291783,Health Care
LDI,loanDepot Inc. Class A Common Stock,0.6058,204854461.0,2348764,Finance
AIRO,AIRO Group Holdings Inc. Common Stock,6.49,204797901.0,368205,Industrials
SDEV,Stablecoin Development Corporation Common Stock,3.94,203900354.0,87543099,Health Care
FCNCP,First Citizens BancShares Inc. Depositary Shares,18.031,203626247.0,9471,Finance
ELDN,Eledon Pharmaceuticals Inc. Common Stock,2.5,203152880.0,725934,Health Care
KLTR,Kaltura Inc. Common Stock,1.32,201367614.0,163338,Technology
NCMI,National CineMedia Inc. Common Stock,2.14,201310748.0,1898717,Consumer Discretionary
MPAA,Motorcar Parts  of America Inc. Common Stock,10.62,201070658.0,79960,Consumer Discretionary
CXDO,Crexendo Inc. Common Stock,6.02,200187816.0,217682,Telecommunications
AP,Ampco-Pittsburgh Corporation Common Stock,9.65,199355693.0,90085,Industrials
RICK,RCI Hospitality Holdings Inc. Common Stock,26.03,198986335.0,30535,Consumer Discretionary
NSLR,Neostellar Capital Corp. Common Stock,7.5,198549165.0,288988,Finance
APC,ARKO Petroleum Corp. Class A Common Stock,15.77,198232417.0,266290,Energy
RXST,RxSight Inc. Common Stock,4.76,197983899.0,483765,Health Care
TONX,TON Strategy Company Common Stock,3.59,197708441.0,162289,Finance
CPSS,Consumer Portfolio Services Inc. Common Stock,9.01,197365717.0,31179,Finance
CHCI,Comstock Holding Companies Inc. Class A Common Stock,19.17,197105020.0,32640,Finance
MFM,Aberdeen Municipal Income Fund Common Shares of Beneficial Interest,4.78,196876876.0,689692,Finance
NXH,Neighborhood Intelligence Inc. Common Stock,2.06,196725227.0,11797481,Consumer Discretionary
TPVG,TriplePoint Venture Growth BDC Corp. Common Stock,4.83,196627962.0,187110,Consumer Discretionary
RILY,BRC Group Holdings Inc. Common Stock,4.88,196174804.0,798389,Finance
FC,Franklin Covey Company Common Stock,17.35,195948697.0,40114,Consumer Discretionary
FEAM,5E Advanced Materials Inc. Common Stock,3.92,194568694.0,1184518,Industrials
RDNW,RideNow Group Inc. Class B Common Stock,4.95,193104886.0,116106,Technology
INTT,inTest Corporation Common Stock,15.04,192899821.0,386630,Industrials
GCTS,GCT Semiconductor Holding Inc. Common Stock,2.09,192216727.0,1270196,Technology
LARK,Landmark Bancorp Inc. Common Stock,31.26,190702693.0,7035,Finance
TAYD,Taylor Devices Inc. Common Stock,58.57,189173193.0,57984,Industrials
YARW,Yarrow Bioscience Inc. Common Stock,20.3,188878528.0,102530,Health Care
DERM,Journey Medical Corporation Common Stock,6.69,188821203.0,88747,Health Care
CBFV,CB Financial Services Inc. Common Stock,37.01,188069424.0,5595,Finance
ESP,Espey Mfg. & Electronics Corp. Common Stock,61.91,188012746.0,45123,Technology
AUC,ATIF Holdings Limited Ordinary Shares,8.45,186984794.0,778,Consumer Discretionary
SRI,Stoneridge Inc. Common Stock,6.53,186254367.0,147523,Consumer Discretionary
AREC,American Resources Corporation Class A Common Stock,1.74,186130013.0,1700119,Energy
CNTN,Canton Strategic Holdings Inc. Common Stock,2.33,185657571.0,739362,Health Care
NUCL,Eagle Nuclear Energy Corp. Common stock,6.25,184873738.0,139464,Basic Materials
AMPY,Amplify Energy Corp. Common Stock,4.43,183652074.0,522504,Energy
STRW,Strawberry Fields REIT Inc. Common Stock,12.97,183620648.0,41443,Real Estate
VTN,Invesco Trust for Investment Grade New York Municipals Common Stock,9.42,183557922.0,28259,Finance
EPSN,Epsilon Energy Ltd. Common Share,6.06,183519701.0,125596,Energy
ECBK,ECB Bancorp Inc. Common Stock,20.95,183054857.0,10511,Finance
BVFL,BV Financial Inc. Common Stock,21.47,181863868.0,21696,Finance
RC,Ready Capital Corporation Common Stock,1.1,181710091.0,1628729,Real Estate
WHG,Westwood Holdings Group Inc Common Stock,19.03,181606183.0,14264,Finance
FNWD,Finward Bancorp Common Stock,41.9,181552784.0,17132,Finance
SBFG,SB Financial Group Inc. Common Stock,29.01,181399298.0,16487,Finance
NKTX,Nkarta Inc. Common Stock,2.53,181210721.0,522114,Health Care
HNVR,Hanover Bancorp Inc. Common Stock,25.68,181183288.0,38097,Finance
BSET,Bassett Furniture Industries Incorporated Common Stock,20.94,181159499.0,48450,Consumer Discretionary
ATOM,Atomera Incorporated Common Stock,4.62,180291074.0,480992,Technology
CIA,Citizens Inc. Class A Common Stock ($1.00 Par),3.56,180289464.0,106365,Finance
QTRX,Quanterix Corporation Common Stock,3.81,180186578.0,1032206,Industrials
ANNA,AleAnna Inc. Class A Common Stock,2.69,180053536.0,122784,Energy
NAKA,Nakamoto Inc. Common Stock,10.05,179844177.0,289382,Health Care
MITT,TPG Mortgage Investment Trust Inc. Common Stock,5.63,179053564.0,434889,Real Estate
DFDV,DeFi Development Corp. Common Stock,5.47,178435721.0,1554309,Finance
GPJA,Georgia Power Company Series 2017A 5.00% Junior Subordinated Notes due October 1 2077,19.2,177820800.0,19574,Utilities
PAAC,Proem Acquisition Corp I Ordinary Shares,10.01,177410563.0,208767,Finance
SIDU,Sidus Space Inc. Class A Common Stock,1.75,177144321.0,4475479,Telecommunications
MNSB,MainStreet Bancshares Inc. Common Stock,24.86,177029949.0,57668,Finance
CUE,Cue Biopharma Inc. Common Stock,24.36,176961125.0,272697,Health Care
MNSBP,MainStreet Bancshares Inc. Depositary Shares,24.82,176745106.0,980,Finance
FT,Franklin Universal Trust Common Stock,7.03,176677215.0,91670,Finance
NEOV,NeoVolta Inc. Common Stock,2.96,174679211.0,1458385,Miscellaneous
DTIL,Precision BioSciences Inc. Common Stock,6.31,174165806.0,219048,Health Care
CURI,CuriosityStream Inc. Class A Common Stock,2.92,173267042.0,269128,Consumer Discretionary
LODE,Comstock Inc. Common Stock,2.28,173264147.0,1441691,Industrials
CHRS,Coherus Oncology Inc. Common Stock,1.12,173041082.0,2009502,Health Care
CMPX,Compass Therapeutics Inc. Common Stock,0.9606,172992451.0,15831999,Health Care
MPV,Barings Participation Investors Common Stock,16.25,172277625.0,11781,Finance
SJT,San Juan Basin Royalty Trust Common Stock,3.69,171986457.0,394913,Energy
PED,Pedevco Corp. Common Stock,12.93,171865728.0,7514,Energy
HSDT,Solana Company Class A Common Stock (DE),2.65,171794356.0,296085,Health Care
SITC,SITE Centers Corp. Common Stock,3.24,170020098.0,1521262,Real Estate
UIS,Unisys Corporation New Common Stock,2.32,169165016.0,1208271,Technology
AOMR,Angel Oak Mortgage REIT Inc. Common Stock,7.25,168307858.0,113037,Finance
STIM,Neuronetics Inc. Common Stock,2.2,167633888.0,812080,Health Care
ALXO,ALX Oncology Holdings Inc. Common Stock,1.21,167315166.0,1788744,Health Care
EBMT,Eagle Bancorp Montana Inc. Common Stock,20.91,166557162.0,28020,Finance
CMTG,Claros Mortgage Trust Inc. Common Stock,1.18,166479363.0,2504262,Finance
ORGO,Organogenesis Holdings Inc. Class A Common Stock,1.29,165990167.0,1834563,Health Care
ATER,Aterian Inc. Common Stock,0.6356,165147236.0,195518,Consumer Discretionary
DMRC,Digimarc Corporation Common Stock,6.1,164995551.0,208846,Technology
OPRX,OptimizeRx Corporation Common Stock,8.72,164249493.0,166715,Consumer Discretionary
PEPG,PepGen Inc. Common Stock,2.36,163452460.0,607439,Health Care
FLWS,1-800-FLOWERS.COM Inc. Common Stock,2.54,163030144.0,354092,Consumer Discretionary
GLND,Greenland Energy Company Common Stock,3.71,162239020.0,4564740,Energy
ONEW,OneWater Marine Inc. Class A Common Stock,9.67,161156536.0,68285,Consumer Discretionary
GRX,The Gabelli Healthcare & Wellness Trust Common Shares of Beneficial Interest,9.39,160503016.0,7107,Finance
MRLN,Merlin Inc. Common Stock,1.57,158676421.0,3184278,Technology
NERV,Minerva Neurosciences Inc Common Stock,3.32,158521896.0,72364,Health Care
INGN,Inogen Inc Common Stock,5.94,157637722.0,348992,Health Care
LEE,Lee Enterprises Incorporated Common Stock,7.07,157604751.0,25949,Consumer Discretionary
GNT,GAMCO Natural Resources Gold & Income Trust,8.53,157595495.0,71072,Finance
EGAN,eGain Corporation Common Stock,5.97,156243658.0,705328,Technology
DLTH,Duluth Holdings Inc. Class B Common Stock,4.1,155820504.0,133319,Consumer Discretionary
SKYX,SKYX Platforms Corp. Common Stock,1.15,155745643.0,322220,Consumer Discretionary
ELME,Elme Communities Common Stock,1.75,155501295.0,2991775,Real Estate
TARA,Protara Therapeutics Inc.  Common Stock,2.63,155421133.0,1397610,Health Care
SEVN,Seven Hills Realty Trust Common Stock,6.84,154971185.0,304107,Real Estate
ABOS,Acumen Pharmaceuticals Inc. Common Stock,2.13,154035817.0,713998,Health Care
FINW,FinWise Bancorp Common Stock,11.02,152987134.0,26379,Finance
JELD,JELD-WEN Holding Inc. Common Stock,1.76,152703552.0,1272095,Basic Materials
AVXL,Anavex Life Sciences Corp. Common Stock,1.645,152486305.0,2031628,Health Care
CDXS,Codexis Inc. Common Stock,1.39,152213013.0,894346,Industrials
RRGB,Red Robin Gourmet Burgers Inc. Common Stock,8.05,152175204.0,246741,Consumer Discretionary
DVLT,Datavault AI Inc. Common Stock,0.16,151956577.0,18944754,Consumer Discretionary
WHF,WhiteHorse Finance Inc. Common Stock,7.07,151838650.0,159464,Finance
VYGR,Voyager Therapeutics Inc. Common Stock,2.46,151580152.0,1391976,Health Care
AGPU,Axe Compute Inc. Common Stock,12.99,150568701.0,340157,Health Care
TRAK,ReposiTrak Inc. Common Stock,8.08,150313557.0,69967,Technology
OCC,Optical Cable Corporation Common Stock,16.99,150225988.0,181637,Industrials
HUCK,Huckleberry.ai Inc. Class B Common Stock,3.19,150045354.0,707289,Technology
COOK,Traeger Inc. Common Stock,53.44,149537091.0,36820,Consumer Discretionary
PIM,Franklin Master Intermediate Income Trust Shares of Beneficial Interest,2.97,149252580.0,347024,Finance
EML,Eastern Company (The) Common Stock,24.79,149175263.0,9254,Consumer Discretionary
WW,WW International Inc.  Common Stock,14.87,148681561.0,88732,Consumer Discretionary
SSTK,Shutterstock Inc. Common Stock,4.01,148160213.0,904057,Technology
VNCE,Vince Holding Corp. Common Stock,11.435,148023205.0,332067,Consumer Discretionary
OWLT,Owlet Inc. Class A Common Stock,5.06,147861686.0,163668,Industrials
SRBK,SR Bancorp Inc. Common stock,18.56,147206710.0,29910,Finance
KRRO,Korro Bio Inc. Common Stock,9.97,146814691.0,112235,Health Care
MRDN,Meridian Holdings Inc. Common Stock,11.55,146471706.0,48621,Technology
NXG,NXG NextGen Infrastructure Income Fund Common Shares of Beneficial Interest,56.01,145722001.0,60420,Uncategorized
OTLK,Outlook Therapeutics Inc. Common Stock,0.5955,144973018.0,4687761,Health Care
HURC,Hurco Companies Inc. Common Stock,22.37,144875323.0,13830,Industrials
KLXE,KLX Energy Services Holdings Inc. Common Stock,1.37,144777720.0,469091,Energy
VRA,Vera Bradley Inc. Common Stock,5.02,144017093.0,413034,Consumer Discretionary
FGBI,First Guaranty Bancshares Inc. Common Stock,8.7,143890118.0,57273,Finance
SIF,SIFCO Industries Inc. Common Stock,23.0,143844944.0,41139,Industrials
BANX,ArrowMark Financial Corp. Common Stock,20.17,143259966.0,30432,Finance
EPM,Evolution Petroleum Corporation Inc. Common Stock,3.56,143013125.0,346182,Energy
DH,Definitive Healthcare Corp. Class A Common Stock,0.9862,142969459.0,164481,Technology
BRLT,Brilliant Earth Group Inc. Class A Common Stock,1.4,142551913.0,67115,Consumer Discretionary
LSBK,Lake Shore Bancorp Inc. Common Stock,18.07,141917949.0,36329,Finance
DOUG,Douglas Elliman Inc. Common Stock,1.56,141789138.0,732621,Finance
NLOP,Net Lease Office Properties Common Shares of Beneficial Interest,9.57,141770698.0,206723,Real Estate
TLYS,Tilly's Inc. Common Stock,4.61,141007292.0,233487,Consumer Discretionary
HOFT,Hooker Furnishings Corporation Common Stock,13.01,139105483.0,34135,Consumer Discretionary
KRMD,KORU Medical Systems Inc. Common Stock (DE),3.01,138977425.0,206412,Health Care
HUMA,Humacyte Inc. Common Stock,0.5,138899053.0,6449418,Health Care
PCTTW,PureCycle Technologies Inc. Warrant,0.69,138624319.0,35,Industrials
BYND,Beyond Meat Inc. Common Stock,8.06,138583366.0,836215,Consumer Staples
TNXP,Tonix Pharmaceuticals Holding Corp. Common Stock,8.07,138408764.0,1143068,Health Care
AIRS,AirSculpt Technologies Inc. Common Stock,1.91,137701849.0,832391,Health Care
EARN,Ellington Credit Company Common Shares of Beneficial Interest,3.66,137466654.0,1008636,Real Estate
OXSQ,Oxford Square Capital Corp. Common Stock,1.27,136788874.0,738111,Finance
TUSK,Mammoth Energy Services Inc. Common Stock,2.84,136682341.0,79352,Energy
RNA,Atrium Therapeutics Inc. Common Stock,7.97,136331975.0,268299,Health Care
ARMP,Armata Pharmaceuticals Inc. Common Stock,3.66,136086043.0,56688,Health Care
NEN,New England Realty Associates Limited Partnership Class A Depositary Receipts Evidencing Units of Limited Partnership,49.01,135966189.0,69,Real Estate
DIBS,1stdibs.com Inc. Common Stock,4.03,135469631.0,101920,Consumer Discretionary
CEPL,Capstone Energy Plus Inc. Common Stock,4.15,135338094.0,403780,Industrials
ONL,Orion Properties Inc. Common Stock,2.36,134625525.0,342814,Real Estate
PMVP,PMV Pharmaceuticals Inc. Common Stock,1.78,134417469.0,1185476,Health Care
HYNE,Hoyne Bancorp Inc. Common Stock,16.58,134247232.0,5258,Finance
RTB,RTB Digital Inc. Common Stock,8.89,132982612.0,51940,Consumer Discretionary
HCAT,Health Catalyst Inc Common Stock,1.76,132451231.0,230266,Technology
CLAR,Clarus Corporation Common Stock,3.45,132094135.0,71578,Consumer Discretionary
LFMD,LifeMD Inc. Common Stock,2.72,131106277.0,802530,Health Care
SPRB,Spruce Biosciences Inc. Common Stock,45.42,130537670.0,65108,Health Care
MED,MEDIFAST INC Common Stock,11.67,130478804.0,65800,Consumer Staples
TISI,Team Inc. Common Stock,28.38,130071471.0,27286,Consumer Discretionary
RGP,Resources Connection Inc. Common Stock,3.74,129782869.0,279196,Consumer Discretionary
SUIG,Sui Group Holdings Limited Common Stock,1.68,129028825.0,1201257,Finance
SEER,Seer Inc. Class A Common Stock,2.33,129016795.0,595891,Industrials
SHIM,Shimmick Corporation Common Stock,3.11,128554410.0,45317,Industrials
CBUS,Cibus Inc. Class A Common Stock,1.68,128400660.0,231409,Industrials
CRBU,Caribou Biosciences Inc. Common Stock,1.19,127576940.0,1546900,Health Care
AMTX,Aemetis Inc. (DE) Common Stock,1.76,127018485.0,556200,Industrials
TNYA,Tenaya Therapeutics Inc. Common Stock,0.5641,126488150.0,2869390,Health Care
KVHI,KVH Industries Inc. Common Stock,6.96,126261096.0,71087,Consumer Discretionary
SAFX,XCF Global Inc. Class A Common Stock,0.3004,124755188.0,4111426,Industrials
SAMG,Silvercrest Asset Management Group Inc. Class A Common Stock,10.52,124638509.0,80099,Finance
NRXP,NRX Pharmaceuticals Inc. Common Stock,2.87,124258851.0,680846,Health Care
BOTJ,Bank of the James Financial Group Inc. Common Stock,27.34,124214861.0,57905,Finance
GHI,Greystone Housing Impact Investors LP Beneficial Unit Certificates representing assignments of limited partnership interests,5.24,123467552.0,90309,Finance
PLBY,Playboy Inc. Common Stock,1.03,123401919.0,343608,Consumer Discretionary
ACNT,Ascent Industries Co. Common Stock,13.68,123249317.0,22459,Industrials
OESX,Orion Energy Systems Inc. Common Stock,30.05,122883044.0,43818,Consumer Discretionary
CODA,Coda Octopus Group Inc. Common stock,10.88,122760139.0,37087,Industrials
CVGI,Commercial Vehicle Group Inc. Common Stock,3.0,121898046.0,213587,Consumer Discretionary
MGYR,Magyar Bancorp Inc. Common Stock,18.75,121038431.0,3746,Finance
RVSB,Riverview Bancorp Inc Common Stock,5.99,120762072.0,71613,Finance
USDEW,StablecoinX Inc. Warrants,4.44,120710853.0,369909,Finance
LUCD,Lucid Diagnostics Inc. Common Stock,0.5933,120584647.0,1833016,Health Care
IMDX,Insight Molecular Diagnostics Inc. Common Stock,3.67,120098122.0,408375,Health Care
WSBK,Winchester Bancorp Inc. Common Stock,12.92,120096258.0,12614,Finance
JHS,John Hancock Income Securities Trust Common Stock,10.3,119959826.0,8704,Finance
BOOM,DMC Global Inc. Common Stock,5.84,119959142.0,152276,Industrials
VTVT,vTv Therapeutics Inc. Class A Common Stock,30.33,119922636.0,14862,Health Care
IMSRW,Terrestrial Energy Inc. Warrant,1.13,119706837.0,1370,Industrials
UFI,Unifi Inc. New Common Stock,6.42,119340334.0,76393,Consumer Discretionary
HURA,TuHURA Biosciences Inc. Common Stock,1.87,119168774.0,335559,Health Care
INO,Inovio Pharmaceuticals Inc. Common Stock,1.15,118907146.0,2960320,Health Care
FHTX,Foghorn Therapeutics Inc. Common Stock,2.0,118770630.0,988036,Health Care
BEEP,Mobile Infrastructure Corporation Common Stock,2.87,118531000.0,128818,Finance
SRFM,Surf Air Mobility Inc. Common Stock,0.8906,118315079.0,7508408,Consumer Discretionary
STXS,Stereotaxis Inc. Common Stock,1.18,118238570.0,505246,Health Care
KULR,KULR Technology Group Inc. Common Stock,2.55,118014821.0,708867,Technology
GNLX,Genelux Corporation Common Stock,2.6,117637871.0,317355,Health Care
LAKE,Lakeland Industries Inc. Common Stock,11.77,116891942.0,320974,Health Care
UNCY,Unicycive Therapeutics Inc. Common Stock,4.19,116713527.0,681411,Health Care
OPENW,Opendoor Technologies Inc  Series K Warrants each whole warrant exercisable to purchase one share of Common Stock at an exercise price of $9.00 per warrant,0.12,116530926.0,155588,Finance
SMID,Smith-Midland Corporation Common Stock,21.95,116436102.0,20551,Industrials
BSBK,Bogota Financial Corp. Common Stock,9.08,115872722.0,5659,Finance
FGCPP,FG Communities Holdings Inc. 8.00% Cumulative Preferred Stock,24.5,115336568.0,332,Finance
AARD,Aardvark Therapeutics Inc. Common Stock,5.22,114238896.0,62266,Health Care
COYA,Coya Therapeutics Inc. Common Stock,4.85,113770568.0,117257,Health Care
PROV,Provident Financial Holdings Inc. Common Stock,18.23,113645054.0,11861,Finance
UNB,Union Bankshares Inc. Common Stock,22.93,113408753.0,4509,Finance
CRBP,Corbus Pharmaceuticals Holdings Inc. Common Stock,5.85,113146564.0,793539,Health Care
LENZ,LENZ Therapeutics Inc. Common Stock,3.59,112799031.0,777441,Health Care
AXR,AMREP Corporation Common Stock,21.18,112780302.0,6031,Real Estate
BXBL,BOXABL Inc. Common stock,3.25,112440744.0,75046,Consumer Discretionary
EP,Empire Petroleum Corporation Common Stock,2.68,111494274.0,50464,Energy
MXCT,MaxCyte Inc. Common Stock,1.08,111462702.0,194913,Health Care
BDTX,Black Diamond Therapeutics Inc. Common Stock,1.94,111460269.0,839154,Health Care
SFBC,Sound Financial Bancorp Inc. Common Stock,43.05,110554251.0,3337,Finance
SSTI,SoundThinking Inc. Common Stock,8.32,110161060.0,69906,Technology
IMUX,Immunic Inc. Common Stock,8.07,110110849.0,491290,Health Care
VANI,Vivani Medical Inc. Common Stock (DE),1.22,110048094.0,95591,Health Care
GGT,Gabelli Multi-Media Trust Inc. (The) Common Stock,3.99,109867646.0,192115,Finance
PNBK,Patriot National Bancorp Inc. Common Stock,0.925,109836535.0,52049,Finance
APYX,Apyx Medical Corporation Common Stock,2.6,109522460.0,68397,Health Care
HOVR,New Horizon Aircraft Ltd. Class A Ordinary Share,1.63,109412024.0,568907,Industrials
OPHC,OptimumBank Holdings Inc. Common Stock,8.6,108553242.0,104896,Finance
RANI,Rani Therapeutics Holdings Inc. Class A Common Stock,0.7749,108017433.0,582542,Health Care
BYFC,Broadway Financial Corporation Class A Common Stock,11.61,107723907.0,4636,Finance
ULBI,Ultralife Corporation Common Stock,6.43,107144820.0,21232,Miscellaneous
VIRC,Virco Manufacturing Corporation Common Stock,6.79,107036304.0,38090,Consumer Discretionary
SOTK,Sono-Tek Corporation Common Stock,6.81,107030884.0,269220,Technology
HOVNP,Hovnanian Enterprises Inc Dep Shr Srs A Pfd,17.9488,106972874.0,5851,Consumer Discretionary
OKUR,OnKure Therapeutics Inc. Class A Common Stock,2.63,106505293.0,632348,Health Care
BHR,Braemar Hotels & Resorts Inc. Common Stock,1.55,106452943.0,420293,Real Estate
CPIX,Cumberland Pharmaceuticals Inc. Common Stock,7.09,106230229.0,57065,Health Care
STHO,Star Holdings Shares of Beneficial Interest,8.77,105953290.0,95987,Real Estate
GLU,Gabelli Global Utility Common Shares of Beneficial Ownership,17.66,105410968.0,13178,Finance
JHI,John Hancock Investors Trust Common Stock,12.01,105022009.0,40580,Finance
INSE,Inspired Entertainment Inc. Common Stock,3.98,104906321.0,737214,Technology
BZFD,BuzzFeed Inc. Class A Common Stock,1.16,103628290.0,681797,Consumer Discretionary
PLYX,Polaryx Therapeutics Inc. Common Stock,2.07,103181206.0,40076,Health Care
ANIX,Anixa Biosciences Inc. Common Stock,2.95,102553216.0,369487,Health Care
ILLU,Illumination Acquisition Corp I Class A Ordinary Shares,9.98,102442145.0,50,Finance
JYNT,The Joint Corp. Common Stock,7.185,101618561.0,141860,Miscellaneous
VATE,INNOVATE Corp. Common Stock,7.44,101495483.0,57664,Industrials
UPXI,Upexi Inc. Common Stock,1.15,101405226.0,2169851,Finance
RDZN,Roadzen Inc. Ordinary Shares,1.19,101346425.0,239551,Finance
PAL,Proficient Auto Logistics Inc. Common Stock,3.59,100709994.0,475064,Consumer Discretionary
PARK,Park Dental Partners Inc. Common Stock,21.09,100288897.0,13509,Health Care
GFUZW,General Fusion Group Ltd. Warrant,1.57,99771492.0,34995,Utilities
SPWR,SunPower Inc. Common Stock,0.3113,99709497.0,3095174,Technology
PZG,Paramount Gold Nevada Corp. Common Stock,1.15,99147688.0,194144,Basic Materials
NMRA,Neumora Therapeutics Inc. Common Stock,0.5253,98701723.0,2989641,Health Care
OPTXW,Syntec Optics Holdings Inc. Warrant,2.45,98685701.0,71490,Technology
SRG,Seritage Growth Properties Class A Common Stock,1.75,98568062.0,125963,Finance
BWEN,Broadwind Inc. Common Stock,4.16,98414672.0,102511,Telecommunications
GRML,Greenland Mines Ltd. Common Stock,7.34,97967949.0,4742020,Health Care
KEQU,Kewaunee Scientific Corporation Common Stock,33.82,97920636.0,7586,Industrials
NFE,New Fortress Energy Inc. Class A Common Stock,5.87,95807880.0,988605,Utilities
ATRA,Atara Biotherapeutics Inc. Common Stock,9.4,94354474.0,39338,Health Care
BMEA,Biomea Fusion Inc. Common Stock,1.3,94229008.0,1044395,Health Care
LINK,Interlink Electronics Inc. Common Stock,5.98,94205386.0,37201,Technology
FNWB,First Northwest Bancorp Common Stock,9.845,93641850.0,46574,Finance
WRAP,Wrap Technologies Inc. Common Stock,1.45,93636029.0,498007,Industrials
HYPR,Hyperfine Inc. Class A Common Stock,0.8829,93630370.0,897815,Health Care
ZVIA,Zevia PBC Class A Common Stock,1.21,93587935.0,292732,Consumer Staples
SLNG,Stabilis Solutions Inc. Common Stock,5.01,93167468.0,16154,Utilities
USGO,U.S. GoldMining Inc. Common stock,6.58,92355143.0,85337,Basic Materials
SIEB,Siebert Financial Corp. Common Stock,2.24,92066097.0,65325,Finance
EQ,Equillium Inc. Common Stock,1.45,91941719.0,795627,Health Care
GRWG,GrowGeneration Corp. Common Stock,1.56,91915900.0,206706,Consumer Discretionary
NIOBW,NioCorp Developments Ltd. Warrant,0.6299,91870682.0,32110,Basic Materials
AUBN,Auburn National Bancorporation Inc. Common Stock,26.36,91845937.0,6177,Finance
RFIL,RF Industries Ltd. Common Stock,8.42,91338148.0,119467,Technology
ECOR,electroCore Inc. Common Stock,10.13,91330915.0,32002,Health Care
NTRB,Nutriband Inc. Common Stock,7.47,90802952.0,19485,Health Care
FDSB,Fifth District Bancorp Inc. Common Stock,17.33,90733953.0,9222,Finance
NRXS,Neuraxis Inc. Common Stock,7.15,89788020.0,53783,Health Care
FLNT,Fluent Inc. Common Stock,2.84,89764124.0,21934,Consumer Discretionary
RLYB,Rallybio Corporation Common Stock,16.9,89747433.0,4638,Health Care
AMPG,Amplitech Group Inc. Common Stock,2.97,89230344.0,1102514,Telecommunications
CGTX,Cognition Therapeutics Inc. Common Stock,0.9381,89207443.0,331813,Health Care
SPAI,Safe Pro Group Inc. Common Stock,4.38,89189336.0,43092,Technology
XLAB,Exascale Labs Holdings Inc. Class A Common Stock,1.385,89103683.0,116618,Technology
FJET,Starfighters Space Inc. Common Stock,1.62,89093551.0,1660017,Consumer Discretionary
HFFG,HF Foods Group Inc. Common Stock,1.6,88964506.0,71571,Consumer Discretionary
CRDF,Cardiff Oncology Inc. Common Stock,1.14,88686584.0,451962,Health Care
ICCC,ImmuCell Corporation Common Stock,9.75,88551421.0,11265,Health Care
VERI,Veritone Inc. Common Stock,0.7259,88289857.0,20067136,Technology
ARQ,Arq Inc. Common Stock,2.02,88210336.0,218486,Industrials
NRDY,Nerdy Inc. Class A Common Stock,6.89,88012812.0,16721,Real Estate
CNXU,Conexeu Sciences Inc. Common Stock,3.12,88004898.0,171278,Health Care
MGF,Aberdeen Government Markets Income Fund Common Shares of Beneficial Interest,2.69,87686987.0,24543,Finance
LGL,LGL Group Inc. (The) Common Stock,6.9,87030728.0,13008,Technology
PDSB,PDS Biotechnology Corporation Common Stock,1.2,86969050.0,78551244,Health Care
NTHI,NeOnc Technologies Holdings Inc. Common Stock,2.92,86916997.0,197318,Health Care
EMPD,Empery Digital Inc. Common stock,3.09,86860243.0,55346,Industrials
FUSB,First US Bancshares Inc. Common Stock,15.75,86699167.0,5193,Finance
CCLD,CareCloud Inc. Common Stock,2.04,86687472.0,132180,Technology
PFX,PhenixFIN Corporation Common Stock,44.87,86656220.0,6255,Finance
MDIA,Mediaco Holding Inc. Class A Common Stock ,1.03,86540454.0,3564,Consumer Discretionary
BDL,Flanigan's Enterprises Inc. Common Stock,46.5,86427086.0,54331,Consumer Discretionary
MNOV,Medicinova Inc Common Stock,1.755,86383287.0,216994,Health Care
DWSN,Dawson Geophysical Company Common Stock,2.77,86024062.0,110851,Energy
HDRN,Hadron Energy Inc. Common Stock  ,1.2,85798610.0,44975,Utilities
RPT,Rithm Property Trust Inc. Common stock,10.95,85109576.0,24409,Real Estate
FTLF,FitLife Brands Inc. Common Stock,9.06,85083112.0,9096,Health Care
BCIC,BCP Investment Corporation Common Stock,6.87,85075689.0,25278,Finance
BYRN,Byrna Technologies Inc. Common Stock,3.63,84959257.0,676580,Miscellaneous
EVF,Eaton Vance Senior Income Trust Common Stock,4.84,84888073.0,108753,Finance
ACRV,Acrivon Therapeutics Inc. Common Stock,1.98,84849657.0,402190,Health Care
AEYE,AudioEye Inc. Common Stock,6.73,84593906.0,59983,Technology
FACWW,Factorial Energy Inc. Warrant,0.79,84548364.0,1183,Miscellaneous
VENU,Venu Holding Corporation Common Stock,1.43,84183155.0,295115,Consumer Discretionary
DTI,Drilling Tools International Corporation Common Stock,2.36,83266049.0,64202,Consumer Discretionary
TELO,Telomir Pharmaceuticals Inc. Common Stock,1.21,83217697.0,134379,Health Care
MHH,Mastech Digital Inc Common Stock,6.92,83127061.0,3712,Consumer Discretionary
PBHC,Pathfinder Bancorp Inc. Common Stock (MD),16.89,82733300.0,1929,Finance
CPBI,Central Plains Bancshares Inc. Common Stock,19.75,82401661.0,9406,Finance
AVAT,Avalanche Treasury Corporation Class A Common Stock,1.88,82194435.0,850957,Finance
MMLP,Martin Midstream Partners L.P. Limited Partnership,2.1,82161841.0,13124,Energy
LNSR,LENSAR Inc. Common Stock,6.67,81946720.0,51541,Health Care
SSBI,Summit State Bank Common Stock,12.21,81478917.0,11564,Finance
CTOR,Citius Oncology Inc. Common Stock,0.8735,81219082.0,85514,Health Care
HNNA,Hennessy Advisors Inc. Common Stock,10.26,81099247.0,5775,Finance
AIRT,Air T Inc. Common Stock,30.21,81015607.0,18859,Consumer Discretionary
TSQ,Townsquare Media Inc. Class A Common Stock,4.44,80948477.0,76809,Consumer Discretionary
EIC,Eagle Point Income Company Common Shares of Beneficial Interest,9.08,80885621.0,246318,Finance
SKYA,SkyAI Inc. Common Stock,1.87,80872836.0,500920,Health Care
ETS,Elite Express Holding Inc. Class A Common Stock,1.66,80869676.0,75421,Industrials
CPHC,Canterbury Park Holding Corporation 'New' Common Stock,15.6,80860946.0,2711,Consumer Discretionary
MAYS,J. W. Mays Inc. Common Stock,40.1,80832778.0,362,Real Estate
LUNG,Pulmonx Corporation Common Stock,1.88,80742746.0,283679,Health Care
UBCP,United Bancorp Inc. Common Stock,14.06,80641383.0,6684,Finance
SUNS,Sunrise Realty Trust Inc. Common Stock,5.94,80284155.0,123577,Real Estate
CHGG,Chegg Inc. Common Stock,0.7204,79984198.0,402879,Real Estate
USIO,Usio Inc. Common Stock,2.8,79787159.0,104305,Finance
BLNK,Blink Charging Co. Common Stock,0.55,79716294.0,778859,Miscellaneous
OPNW,OpenWorld Inc. Common Stock,5.93,79505645.0,116599,Technology
BTCS,BTCS Inc. Common Stock,1.51,79232631.0,1188856,Finance
SERA,Sera Prognostics Inc. Class A Common Stock,2.0,78898932.0,22910,Health Care
DTF,DTF Tax-Free Income 2028 Term Fund Inc. Common Stock,11.22,78871742.0,15539,Finance
MNTS,Momentus Inc. Class A Common Stock,3.58,78628976.0,591590,Industrials
SKIN,SkinHealth Systems Inc. Class A Common Stock,0.6,78084458.0,344368,Health Care
GCV,Gabelli Convertible and Income Securities Fund Inc. (The) Common Stock,4.1,78064119.0,92580,Finance
NDLS,Noodles & Company Class A Common Stock,13.08,78043913.0,28885,Consumer Discretionary
OPENL,Opendoor Technologies Inc  Series A Warrants each whole warrant exercisable to purchase one share of Common Stock at an exercise price of $13.00 per warrant,0.08,77687284.0,396675,Finance
FATN,FatPipe Inc. Common Stock,5.48,77424005.0,30410,Technology
LNZA,LanzaTech Global Inc. Common Stock,5.91,77356953.0,84169,Industrials
ATLX,Atlas Lithium Corporation Common Stock,2.57,77356499.0,248150,Industrials
OM,Outset Medical Inc. Common Stock,4.1,77068372.0,203100,Health Care
ACR,ACRES Commercial Realty Corp. Common Stock,10.29,76953374.0,39204,Real Estate
TGEN,Tecogen Inc. Common Stock,2.54,76677068.0,105100,Industrials
BSIN,Big Sky Industrial Inc. Common Stock,1.46,76640405.0,314006,Energy
JRSH,Jerash Holdings (US) Inc. Common Stock,6.03,76580638.0,164292,Consumer Discretionary
RFL,Rafael Holdings Inc. Class B Common Stock,1.47,76439994.0,106081,Health Care
NRT,North European Oil Royality Trust Common Stock,8.31,76373803.0,29877,Energy
CSPI,CSP Inc. Common Stock,7.54,76008063.0,13771,Technology
LFVN,Lifevantage Corporation Common Stock (Delaware),6.03,75914347.0,27856,Health Care
INSG,Inseego Corp. Common Stock,4.62,75863135.0,315857,Telecommunications
ROC,Rank One Computing Corporation Common stock,3.96,75557303.0,12827,Technology
BLUW,Blue Water Acquisition Corp. III Class A Ordinary Shares,10.39,75275550.0,5136,Uncategorized
AFCG,Advanced Flower Capital Inc. Common Stock,3.32,75270771.0,39636,Finance
ISPR,Ispire Technology Inc. Common Stock,1.3,75080812.0,35185,Health Care
SLQT,SelectQuote Inc. Common Stock,0.4188,75074842.0,627272,Finance
ASRV,AmeriServ Financial Inc. Common Stock,4.42,75048360.0,14732,Finance
VRCA,Verrica Pharmaceuticals Inc. Common Stock,4.31,74040568.0,35053,Health Care
DTCX,Datacentrex Inc. Common Stock,1.84,73864272.0,123740,Technology
GANX,Gain Therapeutics Inc. Common Stock,1.69,73757716.0,351063,Health Care
NTWK,NetSol Technologies Inc. Common  Stock,6.17,73747345.0,344976,Technology
GLV,Clough Global Dividend and Income Fund Common Shares of beneficial interest,5.8,73715581.0,25416,Finance
TENX,Tenax Therapeutics Inc. Common Stock,1.96,73350877.0,1468393,Health Care
HFBL,Home Federal Bancorp Inc. of Louisiana Common Stock,24.16,73219151.0,2039,Finance
RGS,Regis Corporation Common Stock,29.28,73204597.0,7351,Consumer Discretionary
BARK,BARK Inc. Class A Common Stock,8.1,73171002.0,21525,Consumer Discretionary
NTIC,Northern Technologies International Corporation Common Stock,7.7,73122580.0,4589,Industrials
GOAI,Eva Live Inc. Common Stock,1.82,72789335.0,36233,Technology
WYY,WidePoint Corporation Common Stock,7.23,72287384.0,152928,Technology
CEV,Eaton Vance California Municipal Income Trust Shares of Beneficial Interest,10.27,72234815.0,61526,Finance
AIRJW,AirJoule Technologies Corporation Warrant,0.96,72198622.0,717,Industrials
IBIO,iBio Inc. Common Stock,1.12,72024127.0,1126818,Health Care
OPENZ,Opendoor Technologies Inc  Series Z Warrants each whole warrant exercisable to purchase one share of Common Stock at an exercise price of $17.00 per warrant,0.074,71860738.0,193016,Finance
OPXS,Optex Systems Holdings Inc. Common Stock,10.32,71825889.0,12326,Technology
RNTX,Rein Therapeutics Inc. Common Stock,0.825,71170301.0,336297,Health Care
WATT,Energous Corporation Common Stock,12.81,70801780.0,100410,Technology
UEIC,Universal Electronics Inc. Common Stock,5.49,70738990.0,44970,Consumer Staples
RSSS,Research Solutions Inc Common Stock,2.09,70563978.0,33461,Technology
CPSH,CPS Technologies Corp. Common Stock,3.63,70378229.0,301275,Consumer Discretionary
HRTX,Heron Therapeutics Inc. Common Stock,0.37,70245354.0,2935879,Health Care
TMSWW,Teamshares Inc. Warrants,0.95,69977490.0,1020,Uncategorized
FBIO,Fortress Biotech Inc. Common Stock,2.09,69703575.0,553842,Health Care
AISP,Airship AI Holdings Inc. Class A Common Stock,2.02,69567915.0,2450426,Technology
CSBR,Champions Oncology Inc. Common Stock,4.97,69175288.0,11137,Health Care
GECC,Great Elm Capital Corp. Common Stock,4.98,69170955.0,76778,Finance
IOR,Income Opportunity Realty Investors Inc. Common Stock,17.0,69125026.0,93,Real Estate
CRT,Cross Timbers Royalty Trust Common Stock,11.52,69120000.0,10721,Energy
CING,Cingulate Inc. Common Stock,4.75,69073674.0,139946,Health Care
STEX,Streamex Corp. Common Stock,0.5925,69005760.0,856455,Finance
AMCI,AMC Robotics Corporation Common Stock,2.97,68923076.0,33441,Consumer Discretionary
PRTS,CarParts.com Inc. Common Stock,8.52,68717481.0,32281,Consumer Discretionary
PODC,PodcastOne Inc. Common Stock,2.27,68673620.0,85478,Technology
TTEC,TTEC Holdings Inc. Common Stock,1.38,68028397.0,188566,Consumer Discretionary
CVU,CPI Aerostructures Inc. Common Stock,5.1,67573643.0,56379,Industrials
CLST,Catalyst Bancorp Inc. Common Stock,16.75,67565999.0,1580,Finance
SPRO,Spero Therapeutics Inc. Common Stock,1.16,67552399.0,942730,Health Care
APLM,Apollomics Inc. Class A Ordinary Shares,23.266,67379569.0,305,Health Care
KLRS,Kalaris Therapeutics Inc. Common Stock,2.83,67368096.0,27394,Health Care
GEG,Great Elm Group Inc. Common Stock,2.15,66854014.0,13137,Technology
XBIT,XBiotech Inc. Common Stock,2.18,66463254.0,32746,Health Care
RNXT,RenovoRx Inc. Common Stock,1.47,66340377.0,618045,Health Care
TYGO,Tigo Energy Inc. Common Stock,0.8627,66232680.0,293375,Technology
THRY,Thryv Holdings Inc. Common Stock,1.49,66214275.0,409762,Consumer Discretionary
MYO,Myomo Inc. Common Stock,1.67,66145116.0,272928,Health Care
DIT,AMCON Distributing Company Common Stock,67.73,66106376.0,4672,Consumer Discretionary
SCOR,comScore Inc. Common Stock,4.3,65292602.0,34372,Consumer Discretionary
AIFC,AI Financial Corporation Common Stock,0.4667,65261700.0,595590,Finance
GOSS,Gossamer Bio Inc. Common Stock,10.65,65139564.0,391100,Health Care
GNSS,Genasys Inc. Common Stock,1.43,65125073.0,41650,Consumer Staples
IPWR,Ideal Power Inc. Common Stock,3.95,64916887.0,89627,Technology
SEV,Aptera Motors Corp. Class B Common Stock,1.58,64673347.0,423961,Industrials
NMAD,Nomad Power Solutions Inc. Common Stock,4.015,64645788.0,177780,Health Care
BOF,BranchOut Food Inc. Common Stock,3.96,64388436.0,55261,Consumer Staples
HOUR,Hour Loop Inc. Common Stock,1.82,64063672.0,18906,Consumer Discretionary
CABO,Cable One Inc. Common Stock,11.25,63831656.0,566054,Telecommunications
PLRX,Pliant Therapeutics Inc. Common Stock,1.03,63779554.0,295625,Health Care
WFCF,Where Food Comes From Inc. Common Stock,12.76,63540500.0,16698,Technology
BZAI,Blaize Holdings Inc. Common Stock,0.4359,63132286.0,2846350,Technology
ESYN,EnerSyn Global Inc. Common Stock,2.12,63019968.0,19478,Health Care
FRMM,Forum Markets Incorporated Common Stock,4.75,62695003.0,89188,Finance
INKT,MiNK Therapeutics Inc. Common Stock,12.2,62256624.0,28693,Health Care
ELOX,Eloxx Pharmaceuticals Inc. Common Stock,15.41,62201833.0,26173,Health Care
KDKRW,Kodiak AI Inc. Warrants,0.31,62191633.0,76192,Technology
DXR,Daxor Corporation Common Stock,10.63,62060321.0,30318,Health Care
WWR,Westwater Resources Inc. Common Stock,0.48,61711120.0,960826,Basic Materials
CIRC,Circle8 Group Inc. Common Stock,0.5383,61585247.0,1119262,Industrials
GEOS,Geospace Technologies Corporation Common Stock (Texas),4.75,61444114.0,202284,Industrials
INTG,Intergroup Corporation (The) Common Stock,28.245,60693195.0,36490,Real Estate
ACET,Adicet Bio Inc. Common Stock,6.47,60568840.0,152788,Health Care
GUTS,Fractyl Health Inc. Common Stock,4.56,60488341.0,291635,Health Care
TLPH,Talphera Inc. Common Stock,1.16,60210723.0,587129,Health Care
BATL,Battalion Oil Corporation Common Stock,1.05,60146263.0,2295286,Energy
HYPD,Hyperion DeFi Inc. Common Stock,3.89,60071255.0,362747,Health Care
XLO,Xilio Therapeutics Inc. Common Stock,9.11,59945157.0,7161,Health Care
CAST,FreeCast Inc. Class A Common Stock,1.17,59421274.0,553958,Technology
BOLD,Boundless Bio Inc. Common Stock,2.6,59144761.0,55066,Health Care
DLHC,DLH Holdings Corp.,4.08,59131583.0,41003,Consumer Discretionary
PVL,Permianville Royalty Trust Units of Beneficial Interest,1.79,59070000.0,79091,Energy
CLSKW,CleanSpark Inc. Warrant,0.23,59067927.0,65968,Finance
IH,iHuman Inc. American depositary shares each representing five Class A ordinary shares,1.15,58779791.0,1349,Real Estate
VIP,Vulcan Infrastructure and Power Inc. Class A Common Stock,1.52,58187343.0,165171,Finance
VOC,VOC Energy Trust Units of Beneficial Interest,3.42,58140000.0,63316,Energy
AUROW,Aurora Innovation Inc. Warrant,0.0286,57318841.0,27472,Technology
SLSN,Solesence Inc. Common Stock,0.8095,57188783.0,29661,Consumer Discretionary
MYPS,PLAYSTUDIOS Inc.  Class A Common Stock,4.75,57057656.0,40635,Technology
INVE,INVE Technologies Inc. Common Stock,2.35,56954020.0,93047,Technology
MCHX,Marchex Inc. Class B Common Stock,1.28,56752499.0,31722,Technology
OABIW,OmniAb Inc. Warrant,0.39,56702255.0,1,Health Care
GENK,GEN Restaurant Group Inc. Class A Common Stock,1.61,56187301.0,20451,Consumer Discretionary
SELF,Global Self Storage Inc. Common Stock,4.9,55964958.0,46539,Real Estate
FBDT,First Breach Inc. Common Stock,1.0,55776201.0,260655,Industrials
ALDX,Aldeyra Therapeutics Inc. Common Stock,0.9237,55723515.0,7027957,Health Care
CLNN,Clene Inc. Common Stock,3.91,55576666.0,278254,Health Care
TEAD,Teads Holding Co. Common Stock,0.5664,55544108.0,270556,Technology
CELU,Celularity Inc. Class A Common Stock,1.71,55489102.0,282146,Health Care
UAVS,AgEagle Aerial Systems Inc. Common Stock,0.882,55482833.0,1093143,Industrials
ONEN,ONE Nuclear Energy Inc. Common Stock  ,2.13,55429699.0,2588312,Utilities
AIRG,Airgain Inc. Common Stock,4.2,55020983.0,128935,Technology
TZOO,Travelzoo Common Stock,5.38,54888573.0,65799,Consumer Discretionary
XPL,Solitario Resources Corp. Common Stock,0.575,54443566.0,85014,Basic Materials
MDAI,Spectral AI Inc. Class A Common Stock,1.69,54392528.0,132443,Health Care
TPCS,TechPrecision Corporation Common stock,5.33,54010281.0,24664,Industrials
INMB,INmune Bio Inc. Common stock,1.94,53842351.0,267263,Health Care
HIT,Health In Tech Inc. Class A Common Stock,0.82,53546648.0,129781,Finance
IMA,ImageneBio Inc. Common Stock,4.7,53351843.0,8537,Health Care
SGA,Saga Communications Inc. Class A Common Stock (FL),8.36,53152780.0,5376,Consumer Discretionary
EDSA,Edesa Biotech Inc. Common Shares,3.91,52799557.0,69961,Health Care
LONA,LeonaBio Inc. Common Stock,5.58,52572880.0,296098,Health Care
RENT,Rent the Runway Inc. Class A Common Stock,1.55,52349888.0,125924,Consumer Discretionary
SCWO,374Water Inc. Common Stock,2.95,52268575.0,80301,Consumer Discretionary
SER,Serina Therapeutics Inc. Common Stock,2.04,51816965.0,25281,Health Care
DWTX,Dogwood Therapeutics Inc. Common Stock,1.52,51668681.0,99980,Health Care
FTEK,Fuel Tech Inc. Common Stock,1.65,51507702.0,71104,Industrials
TELA,TELA Bio Inc. Common Stock,1.14,51463487.0,225680,Health Care
BSEM,BioStem Technologies Inc. Common Stock,2.755,51441704.0,120989,Health Care
EXOZ,eXoZymes Inc. Common Stock,5.52,51361950.0,4455,Health Care
LIDR,AEye Inc. Class A Common Stock,1.1,51339386.0,559689,Consumer Discretionary
SKIL,Skillsoft Corp. Class A Common Stock,5.64,51326504.0,18700,Technology
ANVS,Annovis Bio Inc. Common Stock,1.2,51214871.0,657653,Health Care
BGSF,BGSF Inc. Common Stock,4.78,51049277.0,17451,Consumer Discretionary
DOMH,Dominari Holdings Inc. Common Stock,2.1,50911657.0,86071,Finance
AVD,American Vanguard Corporation Common Stock ($0.10 Par Value),1.72,50741087.0,231020,Industrials
CLPR,Clipper Realty Inc. Common Stock,3.14,50734757.0,40937,Real Estate
PAAI,Paradium.AI Inc. Common Stock,1.06,50467292.0,409149,Technology
ELTX,Elicio Therapeutics Inc. Common Stock,1.92,50461213.0,202857,Health Care
AIRTP,Air T Inc. Air T Funding Alpha Income Trust Preferred Securities,18.8,50416862.0,1215,Consumer Discretionary
COCH,Envoy Medical Inc. Class A Common Stock,0.651,50253681.0,73316,Health Care
FLL,Full House Resorts Inc. Common Stock,1.37,50202938.0,196589,Consumer Discretionary
REKR,Rekor Systems Inc. Common Stock,0.364,50099684.0,1471980,Telecommunications
SCYX,SCYNEXIS Inc. Common Stock,5.03,50046533.0,356486,Health Care
CRVO,CervoMed Inc. Common Stock,3.31,50044208.0,648773,Health Care
NEOVW,NeoVolta Inc. Warrant,0.8438,49795378.0,26333,Miscellaneous
RPID,Rapid Micro Biosystems Inc. Class A Common Stock,0.9764,48975790.0,444790,Industrials
POCI,Precision Optics Corporation Inc. Common stock,4.46,48938652.0,34425,Health Care
TCBS,Texas Community Bancshares Inc. Common Stock,17.0,48836359.0,2408,Finance
STKS,The ONE Group Hospitality Inc. Common Stock,1.54,48801097.0,21593,Consumer Discretionary
VGAS,Verde Clean Fuels Inc. Class A Common Stock,1.09,48559087.0,30909,Industrials
BRID,Bridgford Foods Corporation Common Stock,5.34,48470283.0,1745,Consumer Staples
LASE,Laser Photonics Corporation Common Stock,0.797,48360140.0,1234240,Miscellaneous
SOWG,Sow Good Inc. Common Stock,2.4,48239743.0,18337,Consumer Staples
CULP,Culp Inc. Common Stock,3.78,48139525.0,70469,Consumer Discretionary
SRTS,Sensus Healthcare Inc. Common Stock,2.92,48069212.0,16443,Health Care
PFXNZ,PhenixFIN Corporation  5.25% Notes due 2028,23.94,47972624.0,717,Finance
WHLRD,Wheeler Real Estate Investment Trust Inc. Series D Cumulative Preferred Stock,36.26,47796010.0,2,Real Estate
OFS,OFS Capital Corporation Common Stock,3.56,47697158.0,63689,Finance
CATO,Cato Corporation (The) Class A Common Stock,2.39,47589558.0,50651,Consumer Discretionary
VHC,VirnetX Holding Corp Common Stock,11.32,47498822.0,14235,Miscellaneous
STI,Solidion Technology Inc. Common Stock,5.43,47386567.0,197727,Miscellaneous
XOS,Xos Inc. Common Stock,3.33,47345447.0,155944,Consumer Discretionary
VRM,Vroom Inc. Common Stock,9.02,47213864.0,13154,Consumer Discretionary
TIL,Instil Bio Inc. Common Stock,6.95,47134733.0,12951,Health Care
ACFN,Acorn Energy Inc. Common Stock,18.72,46980049.0,16160,Consumer Discretionary
TACT,TransAct Technologies Incorporated Common Stock,4.53,46769854.0,16541,Technology
HAIN,Hain Celestial Group Inc. (The) Common Stock,0.513,46684164.0,1001320,Consumer Staples
CNVS,Cineverse Corp. Class A Common Stock,1.94,46116491.0,85044,Consumer Discretionary
XTNT,Xtant Medical Holdings Inc. Common Stock,0.3286,46098624.0,180354,Health Care
KFFB,Kentucky First Federal Bancorp Common Stock,5.67,45851674.0,1683,Finance
IDN,Intellicheck Inc. Common Stock,2.26,45802839.0,157178,Technology
SPWH,Sportsman's Warehouse Holdings Inc. Common Stock,1.16,45404099.0,263298,Consumer Discretionary
MBBC,Marathon Bancorp Inc. Common Stock,15.08,45389337.0,5601,Finance
SVIAW,Silvia Inc. Warrant,0.5369,45266275.0,27823,Finance
HOWL,Werewolf Therapeutics Inc. Common Stock,0.93,45197131.0,239087,Health Care
HGBL,Heritage Global Inc. Common Stock,1.3,45031279.0,59325,Consumer Discretionary
PIII,P3 Health Partners Inc. Class A Common Stock,6.17,44800259.0,2308,Health Care
MVIS,MicroVision Inc. Common Stock,1.47,44320540.0,658100,Technology
LOAN,Manhattan Bridge Capital Inc,3.87,44216720.0,29672,Real Estate
YDESW,YD Bio Limited Warrants,0.6203,43936684.0,18115,Health Care
BNAI,Brand Engagement Network Inc. Common Stock,5.84,43818595.0,97002,Technology
INV,Innventure Inc. Common Stock,0.5156,43626286.0,3585992,Finance
VERU,Veru Inc. Common Stock,2.55,43478316.0,88797,Health Care
XBP,XBP Global Holdings Inc. Common Stock,3.06,43319147.0,9504,Technology
SACH,Sachem Capital Corp. Common Shares,0.9,43159169.0,71116,Real Estate
PROP,Prairie Operating Co. Common Stock,0.3824,43133959.0,664310,Energy
TVGN,Tevogen Inc. Common Stock,6.6,42976164.0,3486,Health Care
PRPO,Precipio Inc.  Common Stock,24.0,42964512.0,43481,Industrials
LITS,Lite Strategy Inc. Common Stock,1.4,42570175.0,435162,Health Care
CVM,Cel-Sci Corporation Common Stock,2.42,42565349.0,796322,Health Care
PLCE,Children's Place Inc. (The) Common Stock,1.91,42472798.0,273038,Consumer Discretionary
AGIG,Abundia Global Impact Group Inc. Common stock,0.96,42384308.0,126892,Energy
RDI,Reading International Inc Class A Common Stock,1.85,42346735.0,24040,Consumer Discretionary
VHUB,VenHub Global Inc. Common Stock,0.4346,42342147.0,159385,Technology
IZEA,IZEA Worldwide Inc. Common Stock,2.43,42321575.0,30270,Consumer Discretionary
FLNA,Filana Therapeutics Inc. Common Stock,0.8698,42018208.0,1034938,Health Care
SYPR,Sypris Solutions Inc. Common Stock,1.82,41908108.0,30318,Industrials
RYM,RYTHM Inc. Common Stock,19.0,41800000.0,4237,Consumer Staples
VTIX,Virtuix Holdings Inc. Class A Common Stock,1.23,41784759.0,141018,Technology
CVRX,CVRx Inc. Common Stock,1.56,41560891.0,577811,Health Care
PXLW,Pixelworks Inc.  Common Stock,6.82,41256860.0,12569,Technology
MIND,MIND Technology Inc. Common Stock (DE),4.53,41173419.0,83314,Industrials
SBCWW,SBC Medical Group Holdings Incorporated Warrants,0.4,41138777.0,49342,Health Care
STEM,Stem Inc. Class A Common Stock,4.25,40913662.0,102043,Technology
ELWT,Elauwit Connection Inc. Common Stock,6.12,40513152.0,19004,Consumer Discretionary
SNWV,SANUWAVE Health Inc. Common Stock,4.7,40430852.0,38510,Health Care
BIRD,Smartbird Inc. Class A Common Stock,3.41,40269348.0,434861,Consumer Discretionary
BTMD,Biote Corp. Class A Common Stock,1.12,40238764.0,205208,Health Care
GAME,GameSquare Holdings Inc. Common Stock,3.06,39976825.0,193303,Consumer Discretionary
MAMO,Massimo Group Common Stock,0.95,39558903.0,13228,Consumer Discretionary
MLGO,MicroAlgo Inc. Class A Ordinary Shares,3.18,39551126.0,18618,Technology
MGX,Metagenomi Therapeutics Inc. Common Stock,1.04,39288189.0,163212,Health Care
HCMAW,HCM III Acquisition Corp. Warrants,0.4931,39074661.0,4,Consumer Discretionary
BAER,Bridger Aerospace Group Holdings Inc. Common Stock,0.659,38766426.0,470612,Industrials
HBIO,Harvard Bioscience Inc. Common Stock,8.5,38694593.0,22983,Industrials
ATHR,Aether Holdings Inc. Common Stock,3.16,38672266.0,8922,Technology
GLNDW,Greenland Energy Company Warrant,0.882,38570031.0,237604,Energy
NEPH,Nephros Inc. Common Stock,3.55,38553426.0,17845,Health Care
SEAT,Vivid Seats Inc. Class A Common Stock,3.28,38415875.0,200645,Consumer Discretionary
QTI,QT Imaging Holdings Inc. Common Stock,2.61,38201328.0,33017,Health Care
XRXDW,Xerox Holdings Corporation Warrants,0.2875,37752922.0,42248,Technology
AIFA,All In FutureTech Alliance Inc. Common Stock,5.88,37751458.0,688989,Consumer Discretionary
ATNM,Actinium Pharmaceuticals Inc. (Delaware) Common Stock,1.2,37729723.0,115033,Health Care
OMEX,Odyssey Marine Exploration Inc. Common Stock,0.6417,37662264.0,280824,Consumer Discretionary
RMCO,Royalty Management Holding Corporation Class A Common Stock,2.48,37628316.0,7236,Miscellaneous
CMTL,Comtech Telecommunications Corp. Common Stock,1.25,37451789.0,471092,Technology
MLCI,Mount Logan Capital Inc. Common Stock,3.33,37258597.0,17834,Finance
NNVC,NanoViricides Inc. Common Stock,1.45,37011250.0,708559,Health Care
KOSS,Koss Corporation Common Stock,3.9,36919108.0,43474,Consumer Staples
BEAT,Heartbeam Inc. Common Stock,0.6542,36863628.0,404235463,Health Care
ELUT,Elutia Inc. Class A Common Stock,0.8216,36388031.0,256246,Health Care
LVO,LiveOne Inc. Common Stock,2.65,36336241.0,90831,Consumer Discretionary
STRR,Star Equity Holdings Inc. Common Stock,9.8,36156149.0,3827,Consumer Discretionary
DCGO,DocGo Inc. Common Stock,0.365,36108855.0,235327,Health Care
PPSI,Pioneer Power Solutions Inc. Common Stock,3.25,36072615.0,42245,Miscellaneous
ARAY,Accuray Incorporated Common Stock,0.3017,36034839.0,2213147,Health Care
SLND,Southland Holdings Inc. Common Stock,0.66,35927270.0,633521,Industrials
GPMT,Granite Point Mortgage Trust Inc. Common Stock,0.7431,35816057.0,334865,Real Estate
GROW,U.S. Global Investors Inc. Class A Common Stock,2.9,35664768.0,13531,Finance
LVLU,Lulu's Fashion Lounge Holdings Inc. Common Stock,12.4,35607542.0,28126,Consumer Discretionary
GAIA,Gaia Inc. Class A Common Stock,1.4,35596110.0,55488,Consumer Discretionary
NTIP,Network-1 Technologies Inc. Common Stock,1.55,35437931.0,11866,Miscellaneous
AERT,Aeries Technology Inc. Class A Ordinary Share,6.75,35423001.0,11677,Consumer Discretionary
HOLO,MicroCloud Hologram Inc. Ordinary Shares,1.54,35285034.0,144998,Technology
SDOT,Sadot Group Inc. Common Stock,11.08,35070172.0,48709,Consumer Discretionary
BODI,The Beachbody Company Inc. Class A Common Stock,4.82,34997933.0,9273,Consumer Discretionary
COSM,Cosmos Health Inc. Common Stock,0.3457,34789095.0,3741824,Health Care
ACH,Accendra Health Inc. Common Stock,0.451,34684022.0,1558896,Health Care
STRRP,Star Equity Holdings Inc. 10% Series A Cumulative Perpetual Preferred Stock,9.305,34329895.0,6045,Consumer Discretionary
TOON,Kartoon Studios Inc. Common Stock,0.5507,34255801.0,255479,Consumer Discretionary
HHS,Harte Hanks Inc. Common Stock,4.54,33842250.0,50217,Consumer Discretionary
ALGS,Aligos Therapeutics Inc. Common Stock,5.4,33720613.0,48619,Health Care
CREX,Creative Realities Inc. Common Stock,2.48,33545735.0,27341,Technology
RMTI,Rockwell Medical Inc. Common Stock,8.23,33170727.0,10097,Health Care
TAOX,Tao Synergies Inc. Common Stock,4.43,33150762.0,141141,Finance
MLSS,Milestone Scientific Inc. Common Stock,0.362,32813274.0,277476,Health Care
RAVE,Rave Restaurant Group Inc. Common Stock,2.29,32544486.0,29984,Consumer Discretionary
SCLX,Scilex Holding Company Common Stock,3.82,32443260.0,59643,Health Care
FGC,FG Communities Holdings Inc. Common Stock ,6.875,32364853.0,11963,Finance
BYSI,BeyondSpring Inc. Ordinary Shares,0.786,32320179.0,94297,Health Care
WKHS,Workhorse Group Inc. Common Stock,2.95,32239326.0,31714,Industrials
UG,United-Guardian Inc. Common Stock,7.0,32160233.0,18551,Consumer Discretionary
VTSI,VirTra Inc. Common Stock,2.84,32147732.0,41612,Consumer Discretionary
FTCI,FTC Solar Inc. Common Stock,1.94,32051508.0,628830,Technology
COHN,Cohen & Company Inc.,9.9,31966803.0,9981,Finance
FSP,Franklin Street Properties Corp. Common Stock,0.3033,31546751.0,1260265,Real Estate
NSYS,Nortech Systems Incorporated Common Stock,11.05,31534114.0,2035,Technology
FIEE,FiEE Inc Common Stock,3.69,31470527.0,4782,Utilities
CNTX,Context Therapeutics Inc. Common Stock,0.3365,30917343.0,1001332,Health Care
MIRA,MIRA Pharmaceuticals Inc. Common Stock,0.7355,30907245.0,89425,Health Care
FLD,Fold Holdings Inc. Class A Common Stock,0.5619,30831009.0,115229,Finance
DAIO,Data I/O Corporation Common Stock,2.89,30043362.0,25308,Industrials
SPRU,Spruce Power Holding Corporation Class A Common Stock,1.56,30033410.0,58866,Utilities
CCEL,Cryo-Cell International Inc. Common Stock,3.71,29912432.0,13060,Health Care
RNAZ,TransCode Therapeutics Inc. Common Stock,1.76,29798101.0,65738,Health Care
CVV,CVD Equipment Corporation Common Stock,4.28,29751149.0,29402,Technology
RAND,Rand Capital Corporation Common Stock,9.95,29549649.0,723,Finance
QRHC,Quest Resource Holding Corporation Common Stock,1.4,29529998.0,15227,Utilities
IGC,IGC Pharma Inc. Common Stock,0.282,29154290.0,1769563,Health Care
GPUS,Hyperscale Data Inc. Common Stock,0.1647,29144839.0,16150884,Technology
CNTY,Century Casinos Inc. Common Stock,1.03,28981823.0,62691,Consumer Discretionary
NTRP,NextTrip Inc. Common Stock,1.92,28965314.0,90924,Consumer Discretionary
BBBYW,Neighborhood Intelligence Inc. Warrants,0.3017,28811651.0,614894,Consumer Discretionary
MCRB,Seres Therapeutics Inc. Common Stock,2.85,28627626.0,63313,Health Care
PETS,PetMed Express Inc. Common Stock,1.32,28616166.0,66902,Consumer Staples
QNCX,Quince Therapeutics Inc. Common Stock,28.1,28579470.0,22107,Health Care
ATYR,aTyr Pharma Inc. Common Stock,0.29,28445353.0,1810094,Health Care
XTIA,XTI Aerospace Inc. Common Stock,0.7375,28377369.0,567814,Technology
PRHI,Presurance Holdings Inc. Common Stock,7.5,28095690.0,42396,Finance
NOMA,NOMADAR Corp. Class A Common Stock,1.79,27357517.0,32690,Consumer Discretionary
GRDX,GridAI Technologies Corp. Common Stock,3.83,27312201.0,191973,Health Care
FKWL,Franklin Wireless Corp. Common Stock,2.31,27221687.0,13945,Utilities
AEI,Alset Inc. Common Stock (TX),0.6956,27055939.0,16115,Finance
CRWS,Crown Crafts Inc Common Stock,2.46,26470306.0,127825,Consumer Discretionary
SWAG,Stran & Company Inc. Common Stock,1.42,26468216.0,35210,Consumer Discretionary
DFDVW,DeFi Development Corp. Warrant,0.81,26422840.0,1708,Finance
ABVC,ABVC BioPharma Inc. Common Stock,0.98,26160586.0,93540,Health Care
LFT,Lument Finance Trust Inc. Common Stock,4.97,26085607.0,22569,Real Estate
BLNE,Beeline Holdings Inc. Common Stock,0.784,25815668.0,428665,Finance
AAME,Atlantic American Corporation Common Stock,1.26,25700507.0,11030,Finance
MWYN,Marwynn Holdings Inc. Common stock,1.26,25445453.0,166804,Consumer Discretionary
OCCI,OFS Credit Company Inc. Common Stock,2.19,25440157.0,221191,Finance
REFR,Research Frontiers Incorporated Common Stock,0.7282,25390722.0,196925,Miscellaneous
LOCL,Local Bounti Corporation Common Stock,1.08,25250529.0,5139,Consumer Staples
BEEM,Beam Global Common Stock,1.11,25122980.0,149111,Miscellaneous
MSGM,Motorsport Games Inc. Class A Common Stock,5.38,24687755.0,242057,Technology
KYNB,Kyntra Bio Inc. Common Stock,6.09,24659165.0,88821,Health Care
ATOS,Atossa Therapeutics Inc. Common Stock,2.45,24449280.0,53329,Health Care
NXPL,NextPlat Corp Common Stock,9.0,24418998.0,10790,Telecommunications
MBNKO,Medallion Bank Fixed-Rate Reset Non-Cumulative Perpetual Preferred Stock Series G par value $1.00 per share,24.24,24240000.0,15246,Finance
ASTI,Ascent Solar Technologies Inc. Common Stock,2.46,24148420.0,487917,Technology
SST,System1 Inc. Class A Common Stock,2.3,24123893.0,92656,Technology
KTCC,Key Tronic Corporation Common Stock,2.18,24123634.0,11521,Technology
FFR,FF EAI Robotics Ecosystem Inc. Common Stock,1.13,23853039.0,558524,Finance
JOB,GEE Group Inc. Common Stock,0.2151,23633185.0,454780,Consumer Discretionary
AWRE,Aware Inc. Common Stock,1.08,23557648.0,29110,Technology
TXMD,TherapeuticsMD Inc. Common Stock,2.01,23264468.0,19395,Health Care
LIVE,Live Ventures Incorporated Common Stock,7.54,23160286.0,705,Consumer Discretionary
HOVRW,New Horizon Aircraft Ltd. Warrant,0.3449,23151047.0,1276,Industrials
NXTC,NextCure Inc. Common Stock,5.05,23115663.0,14559,Health Care
PRT,PermRock Royalty Trust Units of Beneficial Interest,1.88,22871576.0,26491,Energy
JVA,Coffee Holding Co. Inc. Common Stock,4.0,22834396.0,37071,Consumer Staples
CLIR,ClearSign Technologies Corporation Common Stock (DE),3.3,22464602.0,41692,Industrials
SKYQ,Sky Quarry Inc. Common Stock,2.54,22436811.0,413956,Industrials
AYTU,Aytu BioPharma Inc.  Common Stock,2.04,22168084.0,63926,Health Care
DXLG,Destination XL Group Inc. Common Stock,0.3989,22120421.0,149494,Consumer Discretionary
DFNS,T3 Defense Inc. Common Stock,6.78,22037007.0,361670,Consumer Discretionary
MODD,Modular Medical Inc. Common Stock,2.3,21840393.0,75553,Health Care
EHTH,eHealth Inc. Common Stock,0.6813,21823847.0,481570,Finance
COCP,Cocrystal Pharma Inc. Common Stock,1.11,21382152.0,41307,Health Care
BBGI,Beasley Broadcast Group Inc. Class A Common Stock,10.37,21287028.0,52441,Consumer Discretionary
PAVM,PAVmed Inc. Common Stock,2.66,21269142.0,7390,Health Care
BBLGW,Bone Biologics Corp Warrants,7.7,21221639.0,5587,Health Care
CKX,CKX Lands Inc. Common Stock,10.32,21188291.0,5211,Energy
HSCS,HeartSciences Inc. Common Stock,4.36,21119448.0,2136887,Health Care
EXYN,Exyn Technologies Inc. Common Stock,2.65,21077986.0,126097,Technology
ACTU,Actuate Therapeutics Inc. Common stock,0.8749,21010025.0,202266,Health Care
RVP,Retractable Technologies Inc. Common Stock,0.6952,20812313.0,25288,Health Care
SNAL,Snail Inc. Class A Common Stock,2.3,20598365.0,17983,Technology
TLF,Tandy Leather Factory Inc. Common Stock,2.49,20398267.0,6934,Consumer Discretionary
AIFF,Firefly Neuroscience Inc. Common Stock,1.3,20397411.0,298444,Technology
GIFT,Giftify Inc. Common Stock,0.5749,20365934.0,255788,Consumer Discretionary
FNGR,FingerMotion Inc. Common Stock,0.27,20305250.0,64591637,Technology
BENF,Beneficient Class A Common Stock,1.31,20246996.0,1042986,Finance
AZIO,Azio AI Holdings Inc. Common Stock,1.17,20133182.0,194820,Consumer Discretionary
QNME,Quanome Technologies Inc. Common Stock,0.5794,19947328.0,23828521,Industrials
MXC,Mexco Energy Corporation Common Stock,9.73,19907580.0,32616,Energy
DAVEW,Dave Inc. Warrants,1.55,19771036.0,87366,Finance
JSPR,Jasper Therapeutics Inc. Common Stock,0.5928,19725160.0,376095,Health Care
EFOI,Energy Focus Inc. Common Stock,3.05,19426127.0,21552,Consumer Discretionary
ESLA,Estrella Immunopharma Inc. Common Stock,0.44,19139060.0,31197,Health Care
SHPH,Shuttle Pharmaceuticals Holdings Inc. Common Stock,4.01,19106431.0,13819,Health Care
TCRX,TScan Therapeutics Inc. Common Stock,0.2953,18752338.0,758201,Health Care
NEUP,Neuphoria Therapeutics Inc. Common Stock,3.45,18669102.0,15467,Health Care
IDAI,T Stamp Inc. Class A Common Stock,3.25,18327696.0,17351,Technology
DYAI,Dyadic International Inc. Common Stock,0.454,18188921.0,142865,Health Care
UONE,Urban One Inc. Class A Common Stock,3.9,17998360.0,1868,Consumer Discretionary
ACCS,ACCESS Newswire Inc. Common Stock,4.7,17988329.0,6141,Consumer Discretionary
BCG,Binah Capital Group Inc. Common Stock,1.05,17913138.0,17430,Finance
ZEO,Zeo Energy Corporation Class A Common Stock,0.2862,17796915.0,445677,Miscellaneous
VEEA,Veea Inc. Common Stock,5.72,17793250.0,66904546,Technology
FOXX,Foxx Development Holdings Inc. Common Stock,2.51,17758017.0,5424,Telecommunications
RKTO,Rocket One Inc. Common Stock,0.71,17677283.0,287670,Health Care
MRKR,Marker Therapeutics Inc. Common Stock,1.06,17673515.0,73492,Health Care
REBN,Reborn Coffee Inc. Common Stock,2.0,17240244.0,376110,Consumer Discretionary
ARTW,Art's-Way Manufacturing Co. Inc. Common Stock,3.3,17164574.0,2941,Industrials
KSCP,Knightscope Inc. Class A Common Stock,0.725,17123309.0,441793,Telecommunications
LPCN,Lipocine Inc. Common Stock,2.07,17065604.0,19768,Health Care
LHAI,Linkhome Holdings Inc. Common stock,1.03,17025900.0,90314,Finance
BNGO,Bionano Genomics Inc. Common Stock,1.445,17017765.0,322963,Industrials
FEMY,Femasys Inc. Common Stock,2.02,16917555.0,228371,Health Care
INTZ,Intrusion Inc. Common Stock,0.69,16909798.0,39235,Telecommunications
PTN,Palatin Technologies Inc. Common Stock,9.48,16883302.0,13016,Health Care
MDAIW,Spectral AI Inc. Warrants,0.52,16736163.0,8254,Health Care
ANNAW,AleAnna Inc. Warrant,0.25,16733600.0,3104,Energy
DARE,Dare Bioscience Inc. Common Stock,0.8431,16583004.0,157181,Health Care
BCDA,BioCardia Inc. Common Stock,1.09,16501272.0,148939,Health Care
MDRR,Medalist Diversified Inc. Common Stock,10.08,16415280.0,694,Real Estate
CDLX,Cardlytics Inc. Common Stock,2.76,16252856.0,90651,Technology
ARKR,Ark Restaurants Corp. Common Stock,4.5,16227707.0,1240,Consumer Discretionary
FABC,Fabric.AI Inc. Common Stock,2.31,16178346.0,79989,Consumer Discretionary
LTRN,Lantern Pharma Inc. Common Stock,0.9401,16109155.0,276182,Health Care
NUCLW,Eagle Nuclear Energy Corp. Warrants,0.54,15973091.0,21190,Basic Materials
ALLR,Allarity Therapeutics Inc. Common Stock,1.0,15910724.0,39176,Health Care
IPM,Intelligent Protection Management Corp. Common Stock ,1.76,15902883.0,8853,Technology
UONEK,Urban One Inc. Class D Common Stock,3.44,15875476.0,1324,Consumer Discretionary
CLRB,Cellectar Biosciences Inc.  Common Stock,1.67,15785020.0,60690,Health Care
ICU,SeaStar Medical Holding Corporation Common Stock,3.55,15644286.0,599754,Health Care
GTIM,Good Times Restaurants Inc. Common Stock,1.48,15625686.0,44013,Consumer Discretionary
WHLRP,Wheeler Real Estate Investment Trust Inc. Class B Preferred Stock,11.74,15475046.0,32128,Real Estate
TOMZ,TOMI Environmental Solutions Inc. Common Stock,1.58,15472254.0,102533,Industrials
SLE,Super League Enterprise Inc. Common Stock,5.11,15373425.0,81282,Technology
KPTI,Karyopharm Therapeutics Inc. Common Stock,0.6705,15207919.0,1983922,Health Care
TVRD,Tvardi Therapeutics Inc. Common Stock,1.14,15206395.0,148925,Health Care
KTTA,Pasithea Therapeutics Corp. Common Stock,0.4549,15200232.0,84581,Health Care
CMCT,Creative Media & Community Trust Corporation Common stock,4.66,14992129.0,157228,Real Estate
WVVIP,Willamette Valley Vineyards Inc. Series A Redeemable Preferred Stock,3.01,14988382.0,16102,Consumer Staples
SMSI,Smith Micro Software Inc. Common Stock,2.65,14813182.0,12003,Technology
SUNE,SUNation Energy Inc. Common Stock,2.27,14784755.0,95880,Consumer Discretionary
OPAD,Offerpad Solutions Inc. Class A Common Stock,3.05,14739884.0,32665,Finance
IHT,InnSuites Hospitality Trust Shares of Beneficial Interest,1.31,14704185.0,4347,Real Estate
FGI,FGI Industries Ltd. Ordinary Shares,7.575,14629378.0,6580,Industrials
AHT,Ashford Hospitality Trust Inc Common Stock,2.25,14557082.0,17086,Real Estate
SINT,SiNtx Technologies Inc. Common Stock,2.18,14528684.0,118266,Health Care
DLPN,Dolphin Entertainment Inc. Common Stock,1.1029,14375012.0,9818,Consumer Discretionary
MTEX,Mannatech Incorporated Common Stock,7.43,14337448.0,13364,Health Care
BTLN,Brightline Interactive Inc. Common Stock,5.285,14334775.0,19088,Technology
UUU,Universal Safety Products Inc. Common Stock,4.72,14294345.0,23090,Technology
CTXR,Citius Pharmaceuticals Inc. Common Stock,0.52,14275336.0,132564,Health Care
AISPW,Airship AI Holdings Inc. Warrants,0.413,14223539.0,24933,Technology
BRFH,Barfresh Food Group Inc. Common Stock,0.86,14025028.0,45573,Consumer Staples
INAB,IN8bio Inc. Common Stock,1.42,13998904.0,107133,Health Care
LSTA,Lisata Therapeutics Inc. Common Stock,1.26,13613123.0,90759,Health Care
CJMB,Callan JMB Inc. Common Stock,2.4,13595683.0,41491,Consumer Discretionary
HIND,Vyome Holdings Inc. Common Stock,1.93,13545759.0,10175,Health Care
BRN,Barnwell Industries Inc. Common Stock,0.9372,13527835.0,54512,Energy
ASTC,Astrotech Corporation (DE) Common Stock,6.71,13480726.0,29722,Industrials
AEON,AEON Biopharma Inc. Class A Common Stock,0.27,13468353.0,1746016,Health Care
BFRI,Biofrontera Inc. Common Stock,0.8909,13231967.0,721476,Health Care
PASG,Passage Bio Inc. Common Stock,4.09,13160843.0,17937,Health Care
TPST,Tempest Therapeutics Inc. Common Stock,0.7926,13109419.0,156523,Health Care
TULP,Bloomia Holdings Inc. Common Stock,2.71,13091915.0,1641,Consumer Staples
GTBP,GT Biopharma Inc. Common Stock,6.16,12696080.0,38752,Health Care
BIVI,BioVie Inc. Class A Common Stock,1.44,12503102.0,135130,Health Care
CTSO,Cytosorbents Corporation Common Stock,3.965,12494115.0,8410,Health Care
ASBP,Aspire-Lakewood Holdings Inc. Common Stock,8.88,12454706.0,20298,Health Care
BNKK,Bonk Inc. Common Stock,1.53,12241438.0,252290,Consumer Discretionary
HODO,House of Doge Inc. Common Stock,0.137,12213959.0,1905892,Finance
IRIX,IRIDEX Corporation Common Stock,0.69,12119789.0,136445,Health Care
MDBH,MDB Capital Holdings LLC Class A common,2.22,12073763.0,16918,Finance
AIRI,Air Industries Group Common Stock,2.47,11994767.0,28838,Industrials
FUSE,Fusemachines Inc. Common stock,0.411,11912959.0,489681,Technology
CYCU,Cycurion Inc. Common Stock,3.68,11886555.0,1353684,Technology
CNSY,Cerenome Inc. Common Stock ,1.56,11839815.0,222905,Health Care
OPTT,Ocean Power Technologies Inc. Common Stock,0.9594,11778312.0,671314,Utilities
CABR,Caring Brands Inc. Common Stock,1.13,11716095.0,8539,Consumer Discretionary
VTGN,Vistagen Therapeutics Inc. Common Stock,0.2632,11680003.0,1921852,Health Care
CETY,Clean Energy Technologies Inc. Common Stock,0.96,11679462.0,5828,Utilities
MOBX,Mobix Labs Inc. Class A Common Stock,0.6501,11670624.0,5555260,Technology
DETX,Liberty Defense Holdings Ltd. Common Shares,2.05,11648065.0,6463,Industrials
BTBD,BT Brands Inc. Common Stock,1.88,11627281.0,11734,Consumer Discretionary
PHIO,Phio Pharmaceuticals Corp. Common Stock,0.991,11512695.0,205648,Health Care
ADIL,Adial Pharmaceuticals Inc Common Stock,4.35,11422622.0,60033,Health Care
AIMD,Ainos Inc. Common Stock,1.33,11363617.0,30303,Technology
INTS,Intensity Therapeutics Inc. Common stock,3.45,11263833.0,28779,Health Care
NXXT,NextNRG Inc. Common Stock,0.6691,11249809.0,250782,Consumer Discretionary
SMXT,Solarmax Technology Inc. Common Stock,2.37,11239050.0,43008,Consumer Discretionary
UPLD,Upland Software Inc. Common Stock,3.8,11237326.0,35083,Technology
KPRX,Kiora Pharmaceuticals Inc.  Common Stock,2.53,11193699.0,8573,Health Care
FLUX,Flux Power Holdings Inc. Common Stock,0.515,11135146.0,4215278,Miscellaneous
EDUC,Educational Development Corporation Common Stock,1.3,11082453.0,18702,Consumer Discretionary
BLIN,Bridgeline Digital Inc. Common Stock,0.8769,11048834.0,284971,Technology
EQS,Equus Total Return Inc. Common Stock,0.79,11033690.0,10234,Finance
IQST,iQSTEL Inc. Common Stock,1.01,11025018.0,190002,Telecommunications
BFRG,Bullfrog AI Holdings Inc. Common Stock,0.594,11013741.0,537922,Health Care
ARAI,Arrive AI Inc. Common Stock,0.2075,10764313.0,335863,Consumer Discretionary
HCTI,Healthcare Triangle Inc. Common Stock,0.6069,10760342.0,929580,Technology
SNTI,Senti Biosciences Holdings Inc. Common Stock,0.3451,10748055.0,387409,Health Care
DFLI,Dragonfly Energy Holdings Corp. Common Stock (NV),0.71,10634950.0,913047,Miscellaneous
CLRO,ClearOne Inc. Common Stock,3.94,10541123.0,130893,Utilities
CALC,CalciMedica Inc. Common Stock,1.54,10515570.0,26640,Health Care
AEMD,Aethlon Medical Inc. Common Stock,6.525,10466720.0,96071,Health Care
JCTC,Jewett-Cameron Trading Company Common Shares,2.965,10437135.0,4798,Consumer Discretionary
BTOC,Armlogi Holding Corp. Common Stock,0.2285,10383744.0,55900,Consumer Discretionary
BURU,Nuburu Inc. Common Stock,1.12,10373826.0,954586,Miscellaneous
NCPL,Netcapital Inc. Common Stock,1.32,10359227.0,524836,Finance
VWAV,VisionWave Holdings Inc. Common Stock,4.35,10325904.0,124415,Technology
TOVX,Theriva Biologics Inc. Common Stock,0.225,10325850.0,382943,Health Care
ICMB,Investcorp Credit Management BDC Inc. Common Stock,0.708,10218190.0,71384,Finance
CVR,Chicago Rivet & Machine Co. Common Stock,10.51,10154047.0,1786,Industrials
NMTC,NeuroOne Medical Technologies Corporation Common Stock,1.115,10152926.0,1003616,Health Care
MSAI,MultiSensor AI Holdings Inc. Common Stock,4.6,10145981.0,5084,Technology
MTVA,MetaVia Inc. Common Stock,1.54,10145676.0,53618,Health Care
WVVI,Willamette Valley Vineyards Inc. Common Stock,2.0,9959058.0,17712,Consumer Staples
GYRO,Gyrodyne LLC Common Stock,4.5001,9897106.0,620,Real Estate
CYN,Cyngn Inc. Common Stock,0.6368,9773785.0,197254,Technology
MBRX,Moleculin Biotech Inc. Common Stock,0.4766,9715863.0,476454,Health Care
AENTW,Alliance Entertainment Holding Corporation Warrant,0.19,9686130.0,101,Consumer Discretionary
AWX,Avalon Holdings Corporation Common Stock,2.45,9553606.0,8543,Utilities
MEDS,DataMeds AI Inc. Common Stock,3.35,9492339.0,659088,Health Care
PRPL,Purple Innovation Inc. Common Stock,2.18,9489778.0,21750,Consumer Discretionary
SPWRW,SunPower Inc. Warrants,0.0296,9480890.0,110501,Technology
NDRA,ENDRA Life Sciences Inc. Common Stock,6.31,9464445.0,29568,Health Care
BMRA,Biomerica Inc. Common Stock,2.05,9427884.0,33890,Health Care
NIXX,Nixxy Inc. Common Stock,0.32,9250828.0,815688,Technology
SQFTP,Presidio Property Trust Inc. 9.375% Series D Cumulative Redeemable Perpetual Preferred Stock $0.01 par value per share,6.425,9216226.0,2308,Real Estate
CISO,CISO Global Inc. Common Stock,0.2017,9182525.0,128540,Consumer Discretionary
MGRX,Mangoceuticals Inc. Common Stock,0.418,9015182.0,581376,Health Care
AMS,American Shared Hospital Services Common Stock,1.35,8977500.0,12399,Health Care
NAII,Natural Alternatives International Inc. Common Stock,1.43,8958731.0,12614,Health Care
RAIN,Rain Enhancement Technologies Holdco Inc. Class A Common Stock,0.7611,8907953.0,77447,Technology
MPU,Mega Matrix Inc. Class A Ordinary Shares,2.6,8895359.0,1189,Consumer Discretionary
MYSE,Myseum.AI Inc. Common Stock,1.71,8885895.0,20676,Telecommunications
INUV,Inuvo Inc.,0.5339,8800316.0,75423,Consumer Discretionary
HDRNW,Hadron Energy Inc. Warrant,0.12,8579861.0,2312,Utilities
RDZNW,Roadzen Inc. Warrants,0.1,8516506.0,5200,Finance
APRE,Aprea Therapeutics Inc. Common stock,0.6756,8506571.0,296491,Health Care
AUID,authID Inc. Common Stock,0.502,8393610.0,4073595,Technology
EEIQ,EpicQuest Education Group International Limited Common Stock,5.07,8348379.0,5407,Real Estate
MARPS,Marine Petroleum Trust Units of Beneficial Interest,4.15,8300000.0,7908,Energy
TRAW,Traws Pharma Inc. Common Stock,0.536,8237396.0,161508,Health Care
RMCF,Rocky Mountain Chocolate Factory Inc. Common Stock,0.87,8212441.0,16825,Consumer Staples
MSN,Emerson Radio Corporation Common Stock,0.3901,8208739.0,269453,Consumer Staples
CRMT,America's Car-Mart Inc Common Stock,0.9833,8199225.0,342907,Consumer Discretionary
ENSC,Ensysce Biosciences Inc. Common Stock,0.419,8152397.0,603279,Health Care
NHTC,Natural Health Trends Corp. Common Stock,0.9501,8149813.0,91944,Consumer Discretionary
XLABW,Exascale Labs Holdings Inc. Warrant,0.125,8041849.0,34577,Technology
INHD,Inno Holdings Inc. Common Stock,3.19,8040653.0,31192,Industrials
LGVN,Longeveron Inc. Class A Common Stock,2.51,8002379.0,44180,Health Care
AIRE,reAlpha Tech Corp. Common Stock,1.33,7988810.0,34767,Finance
DTST,Data Storage Corporation Common Stock,3.39,7924932.0,11218,Technology
FBLG,FibroBiologics Inc. Common Stock,1.18,7856668.0,94270,Health Care
BZAIW,Blaize Holdings Inc. Warrants,0.054,7820930.0,144216,Technology
SNGX,Soligenix Inc. Common Stock,0.359,7813807.0,107904,Health Care
CURX,Curanex Pharmaceuticals Inc Common Stock,4.96,7778475.0,87381,Health Care
LUCY,Innovative Eyewear Inc. Common Stock,0.8901,7754785.0,176710,Health Care
FTHM,Fathom Holdings Inc. Common Stock,0.2265,7747939.0,4088971,Finance
CNSP,CNS Pharmaceuticals Inc. Common Stock,5.3,7745680.0,2361,Health Care
SCKT,Socket Mobile Inc. Common Stock,0.9309,7718726.0,78611887,Technology
AUUD,Auddia Inc. Common Stock,1.33,7718057.0,699199,Technology
CODX,Co-Diagnostics Inc. Common Stock,1.1,7711328.0,1139728,Health Care
SURG,SurgePays Inc. Common Stock,0.1452,7682303.0,2064092,Consumer Discretionary
SKYE,Skye Bioscience Inc. Common Stock,1.73,7659881.0,35235,Health Care
GYGY,Game Your Game Inc. Common Stock,0.531,7642152.0,1248069,Technology
AQMS,Aqua Metals Inc. Common Stock,2.1,7483415.0,73364,Industrials
GRMLW,Greenland Mines Ltd Warrant,0.55,7340923.0,144480,Health Care
AMPGZ,Amplitech Group Inc. Series B Right,0.2441,7333713.0,83153,Telecommunications
ACXP,Acurx Pharmaceuticals Inc. Common Stock,1.31,7282821.0,110880,Health Care
BIAF,bioAffinity Technologies Inc. Common Stock,6.19,7221409.0,106524,Health Care
SEGG,Sports Entertainment Gaming Global Corporation Common Stock,2.2,7170871.0,33931,Technology
FFAI,Faraday Future Intelligent Electric Inc. Class A Common Stock,1.17,7168589.0,1837127,Industrials
GWAV,Greenwave Technology Solutions Inc. Common Stock,2.37,7068487.0,6569,Industrials
YHGJ,Yunhong Green CTI Ltd. Common Stock,2.7,7044959.0,5138,Industrials
XWEL,XWELL Inc. Common Stock,0.8186,7031173.0,36101,Consumer Discretionary
KALA,KALA BIO Inc. Common Stock,0.3625,7010672.0,1082195,Health Care
XCUR,Exicure Inc. Common Stock,1.07,7004215.0,18156,Health Care
CELZ,Creative Medical Technology Holdings Inc. Common Stock,0.92,6985152.0,75376,Health Care
IMNN,Imunon Inc. Common Stock,1.24,6958140.0,82744,Health Care
AMIX,Autonomix Medical Inc. Common Stock,3.54,6938181.0,136275,Health Care
PRSO,Peraso Inc. Common Stock,0.4527,6819688.0,163248,Technology
ALZN,Alzamend Neuro Inc. Common Stock,1.41,6804269.0,25436,Health Care
ENVB,Enveric Biosciences Inc. Common Stock,1.51,6758585.0,54337,Health Care
TWAV,TaoWeave Inc. Common Stock,1.74,6746361.0,213456,Technology
ACON,Aclarion Inc. Common Stock,2.34,6744748.0,33191,Health Care
BOLT,Bolt Biotherapeutics Inc. Common Stock,3.499,6740281.0,9784,Health Care
OBAI,Our Bond Inc. Common Stock,0.2055,6694491.0,370364,Consumer Discretionary
NWTG,Newton Golf Company Inc. Common Stock,1.13,6389560.0,125189,Consumer Discretionary
VEEE,Twin Vee PowerCats Co. Common Stock,10.795,6307745.0,16405,Industrials
BNCWZ,BNB Standard Corporation Warrant,0.15,6176078.0,31,Consumer Staples
DSS,DSS Inc. Common Stock,0.6146,6172132.0,36126,Consumer Discretionary
AMST,Amesite Inc. Common Stock,0.9422,6171270.0,22317,Technology
CDIO,Cardio Diagnostics Holdings Inc. Common stock,2.06,6096506.0,39154,Health Care
SCNX,Scienture Holdings Inc. Common Stock,3.71,6093920.0,250484,Health Care
JAGX,Jaguar Health Inc. Common Stock,4.73,6063098.0,21896139,Health Care
DAIC,CID HoldCo Inc. Common Stock,2.59,6054817.0,194621,Technology
FLDDW,Fold Holdings Inc. Warrant,0.1099,6030126.0,881,Finance
SONM,DNA X Inc. Common Stock,4.025,5990279.0,3716,Utilities
TNON,Tenon Medical Inc. Common Stock,3.7,5937601.0,463673,Health Care
SNOA,Sonoma Pharmaceuticals Inc. Common Stock,1.22,5841879.0,18569,Health Care
BGMS,Bio Green Med Solution Inc. Common Stock,0.8684,5751234.0,5882,Health Care
CWD,CaliberCos Inc. Class A Common Stock,0.5492,5703251.0,182269,Finance
QCLS,Q/C Technologies Inc. Common Stock,0.6805,5573185.0,504254,Health Care
NVNO,enVVeno Medical Corporation Common Stock,8.01,5565556.0,10590,Health Care
INBS,Intelligent Bio Solutions Inc. Common Stock,1.67,5539061.0,79387,Health Care
MITQ,Moving iMage Technologies Inc. Common Stock,0.5527,5500594.0,26704,Consumer Discretionary
DRMA,Dermata Therapeutics Inc. Common Stock,1.11,5500280.0,14162,Health Care
GDC,GD Culture Group Limited Common Stock,1.32,5494500.0,192800,Industrials
PULM,Pulmatrix Inc. Common Stock,1.48,5405382.0,24309,Health Care
GXAI,Gaxos.ai Inc. Common Stock,0.487,5382464.0,257363,Technology
LIMN,Liminatus Pharma Inc. Class A Common Stock,3.99,5359400.0,18132,Health Care
JTAI,Jet.AI Inc. Common Stock,1.5,5336282.0,38661,Consumer Discretionary
SGLY,Singularity Future Technology Ltd. Common Stock,0.9799,5295172.0,7546963,Industrials
VVOS,Vivos Therapeutics Inc. Common Stock,0.1541,5179207.0,585851,Health Care
LNAI,Lunai Bioworks Inc. Common Stock,1.14,5168635.0,69265,Health Care
XBIO,Xenetic Biosciences Inc. Common Stock,2.2,5154998.0,9535,Health Care
GBR,New Concept Energy Inc Common Stock,0.718,5120729.0,118848,Energy
SXTP,60 Degrees Pharmaceuticals Inc. Common Stock,1.44,5064463.0,630102,Health Care
RENX,RenX Enterprises Corp. Common Stock,1.89,5001335.0,59917,Utilities
POLA,Polar Power Inc. Common Stock,1.15,4955717.0,343928,Miscellaneous
AMSS,AMASS Brands Inc. Common Stock,0.4253,4935641.0,100791,Consumer Staples
XHLD,TEN Holdings Inc. Common Stock,0.411,4923757.0,1865568,Consumer Discretionary
ILLR,Triller Group Inc. Common Stock,0.23,4921271.0,1082223,Finance
CXAI,CXApp Inc. Class A Common Stock,2.09,4885179.0,158085,Technology
YCBD,cbdMD Inc. Common Stock,0.4295,4812567.0,81439,Consumer Discretionary
HYFM,Hydrofarm Holdings Group Inc. Common Stock,0.97,4674743.0,19444,Consumer Discretionary
ZNB,Zeta Network Group Class A Ordinary Shares,1.25,4593815.0,833195,Real Estate
AQB,AquaBounty Technologies Inc. Common Stock,0.8862,4561452.0,56790,Consumer Staples
MTR,Mesa Royalty Trust Common Stock,2.44,4547160.0,899,Energy
SNES,SenesTech Inc. Common Stock,0.8349,4528115.0,85826,Industrials
OLB,The OLB Group Inc. Common Stock,0.1882,4522997.0,190581,Consumer Discretionary
XPON,Expion Energy Inc. Common Stock,4.46,4515741.0,30726,Miscellaneous
NXL,Nexalin Technology Inc. Common Stock,5.43,4503642.0,330348,Health Care
AIDX,20/20 Biolabs Inc. Common Stock,0.3524,4500255.0,119879,Health Care
RMSG,Real Messenger Corporation Ordinary Shares,0.276,4462553.0,548594,Technology
ERNA,Ernexa Therapeutics Inc. Common Stock,2.7,4407510.0,21579,Health Care
SLDPW,Solid Power Inc. Warrant,0.0191,4358261.0,24486,Miscellaneous
DBGI,Digital Brands Group Inc. Common Stock,4.65,4340817.0,177461,Consumer Discretionary
BAERW,Bridger Aerospace Group Holdings Inc. Warrant,0.0725,4264895.0,7637,Industrials
FCUV,Focus Universal Inc. Common Stock,4.32,4242292.0,11931,Industrials
YYAI,AiRWA Inc. Common Stock,0.9167,4200243.0,242060,Technology
PMCB,PharmaCyte  Biotech Inc. Common Stock,0.3901,4187977.0,73623,Health Care
XELB,Xcel Brands Inc. Common Stock,0.637,4178895.0,194650,Miscellaneous
GRI,GRI Bio Inc. Common Stock,1.91,4175480.0,84665,Health Care
CTNT,Cheetah Net Supply Chain Service Inc Class A Common Stock,3.13,4173533.0,1766158,Consumer Discretionary
PCSA,Processa Pharmaceuticals Inc. Common Stock,1.49,4162145.0,25743,Health Care
EZRA,Reliance Global Group Inc. Common Stock,2.39,4015047.0,841227,Finance
STLNW,Starling Oncology Inc. Warrant,0.0388,3954345.0,9408,Health Care
BOXL,Boxlight Corporation Class A Common Stock,4.61,3893348.0,22327,Real Estate
IVF,INVO Fertility Inc. Common Stock,0.829,3814531.0,147043,Health Care
CAPS,Capstone Holding Corp. Common Stock,0.1429,3770291.0,766388,Health Care
SDSTW,Stardust Power Inc. Warrant,0.0924,3749317.0,5451,Industrials
MKZR,MacKenzie Realty Capital Inc. Common Stock,1.35,3745829.0,4460,Real Estate
SDST,Stardust Power Inc. Common Stock,0.0916,3716855.0,51785411,Industrials
HCWB,HCW Biologics Inc. Common Stock,1.64,3667571.0,83297,Health Care
TRNR,Interactive Strength Inc. Common Stock,2.22,3595738.0,10123,Technology
IVDA,Iveda Solutions Inc. Common Stock,0.2858,3577938.0,152787,Technology
CETX,Cemtrex Inc. Common Stock,1.95,3524036.0,41104,Technology
RIME,Algorhythm Holdings Inc. Common Stock,0.1657,3490710.0,307720,Technology
MBIO,Mustang Bio Inc. Common Stock,0.4601,3486411.0,16694,Health Care
VIVS,VivoSim Labs Inc. Common Stock,0.2064,3423453.0,444373,Health Care
BJDX,Bluejay Diagnostics Inc. Common Stock,0.7612,3401080.0,395207,Health Care
CVKD,Cadrenal Therapeutics Inc. Common Stock,0.9458,3374229.0,63365,Health Care
COCHW,Envoy Medical Inc Warrant,0.0427,3296209.0,22,Health Care
BKYI,BIO-key International Inc. Common Stock,1.93,3250408.0,339531,Technology
APVO,Aptevo Therapeutics Inc. Common Stock,1.8,3243546.0,28296,Health Care
GOVX,GeoVax Labs Inc. Common Stock,0.3199,3231908.0,11583770,Health Care
JUNS,Jupiter Neurosciences Inc. Common Stock,2.42,3190821.0,14953,Health Care
VBIO,Valion Bio Inc. Common Stock,2.48,3188350.0,311407,Health Care
TRUG,TruGolf Holdings Inc. Class A Common Stock,2.56,3174400.0,112146,Consumer Discretionary
ADGM,Adagio Medical Holdings Inc Common Stock,0.1411,3133896.0,1632893,Health Care
REVB,Revelation Biosciences Inc. Common Stock,0.7771,3095513.0,90634,Health Care
BRTX,BioRestorative Therapies Inc. Common Stock (NV),2.24,3093727.0,85230,Health Care
DCOY,Decoy Therapeutics Inc. Common Stock,1.67,3072164.0,108031,Health Care
GIPR,Generation Income Properties Inc. Common Stock,0.4184,2975870.0,1369900,Real Estate
ONCO,Onconetix Inc. Common Stock,0.673,2948091.0,509798,Health Care
KUST,Kustom Entertainment Inc. Common Stock,4.51,2934594.0,26020,Technology
VIVK,Vivakor Inc. Common Stock,4.84,2898163.0,152045,Utilities
ESLAW,Estrella Immunopharma Inc. Warrant,0.0662,2879559.0,32,Health Care
MTNB,Matinas Biopharma Holdings Inc. Common Stock,2.82,2762246.0,183982,Health Care
XAIR,Beyond Air Inc. Common Stock,2.84,2719672.0,43109,Health Care
ELAB,PMGC Holdings Inc. Common Stock,3.27,2647323.0,41563,Health Care
ISPC,iSpecimen Inc. Common Stock,1.05,2644520.0,126106,Health Care
PW,Power REIT (MD) Common Stock,7.15,2624908.0,28242,Real Estate
SILO,Silo Pharma Inc. Common Stock,1.49,2612343.0,212187,Health Care
CHGA,Change Agents Corporation Common Stock,2.29,2565295.0,101063,Technology
NUWE,Nuwellis Inc. Common Stock,0.694,2531201.0,174761,Health Care
TGL,Treasure Global Inc. Common Stock,1.26,2463088.0,92787,Consumer Discretionary
BIVIW,BioVie Inc. Warrant,0.28,2431159.0,6000,Health Care
GNLN,Greenlane Holdings Inc. Class A Common Stock,3.5,2430904.0,153421,Consumer Discretionary
EXYNW,Exyn Technologies Inc. Warrant,0.3,2386187.0,867,Technology
CSAI,Cloudastructure Inc. Class A Common Stock,2.65,2347153.0,29067,Technology
PWCM,PowerCompute Inc. Common Stock,0.96,2324613.0,283016,Finance
IPST,IP Strategy Holdings Inc. Common Stock,3.14,2265755.0,47792,Consumer Staples
GNPX,Genprex Inc. Common Stock,2.72,2229608.0,151746,Health Care
EDBL,Edible Garden AG Incorporated Common Stock,1.13,2205205.0,108855,Consumer Staples
OGEN,Oragenics Inc. Common Stock,0.4861,2193262.0,42474,Health Care
ONFO,Onfolio Holdings Inc. Common Stock,0.87,2174346.0,100063,Technology
FLYE,Fly-E Group Inc. Common Stock,1.32,2154750.0,12542,Industrials
SGRX,SANGRIX INC. Class A Ordinary Shares,1.12,2131335.0,1731830,Finance
BFRGW,Bullfrog AI Holdings Inc. Warrants,0.112,2076665.0,20663,Health Care
IPDN,Professional Diversity Network Inc. Common Stock,3.1,2064014.0,47321,Technology
KIDZ,KIDZ AI Inc. Class B Common Stock,2.38,2048411.0,49575,Real Estate
BLUWW,Blue Water Acquisition Corp. III Warrant.,0.28,2028600.0,629,Uncategorized
LABT,Lakewood-Amedex Biotherapeutics Inc. Common Stock,0.8549,2025846.0,273522,Health Care
TCRT,Alaunos Therapeutics Inc. Common Stock,0.7953,2025363.0,49404,Health Care
ARTL,Artelo Biosciences Inc. Common Stock,3.51,1922687.0,53399,Health Care
KITT,Nauticus Robotics Inc. Common stock,1.48,1843084.0,225176,Industrials
NXGL,NexGel Inc Common Stock,0.17,1657103.0,291321,Health Care
CRIS,Curis Inc. Common Stock,0.789,1649071.0,557525,Health Care
YHC,LQR House Inc. Common Stock,1.26,1642860.0,26144,Consumer Staples
SQFT,Presidio Property Trust Inc. Class A Common Stock,1.13,1620908.0,27578,Real Estate
IPW,iPower Inc. Common Stock,1.22,1540352.0,125692,Consumer Discretionary
PGYWW,Pagaya Technologies Ltd. Warrants,0.0184,1535036.0,4225,Finance
ZEOWW,Zeo Energy Corporation Warrants,0.0239,1486185.0,13591,Miscellaneous
OLOX,Olenox Industries Inc. Common Stock,0.88,1460225.0,53730947,Consumer Discretionary
WHLR,Wheeler Real Estate Investment Trust Inc. Common Stock,1.09,1436780.0,6254539,Real Estate
MSS,Maison Solutions Inc. Class A Common Stock,1.63,1394203.0,88347,Consumer Staples
AMODW,Alpha Modus Holdings Inc. Warrant,0.0242,1369909.0,606453,Miscellaneous
SKYAW,SkyAI Inc. Warrant,0.0315,1362296.0,243497,Technology
BBLG,Bone Biologics Corp Common Stock,0.4852,1337239.0,26261,Health Care
SABSW,SAB Biotherapeutics Inc. Warrant,0.0146,1328401.0,14697,Health Care
UK,Ucommune International Ltd Class A Ordinary Shares,1.91,1294886.0,7508,Consumer Discretionary
SMTK,SmartKem Inc. Common Stock,1.22,1263675.0,502227,Technology
MOBXW,Mobix Labs Inc Warrants,0.07,1256643.0,1983,Technology
HOLOW,MicroCloud Hologram Inc. Warrant,0.0544,1246432.0,11768,Technology
PFSA,Profusa Inc. Common Stock,1.75,1059882.0,285789,Health Care
CDT,CDT Equity Inc. Common Stock,0.9177,1031967.0,352802,Health Care
FUSEW,Fusemachines Inc. Warrants,0.035,1014486.0,7013,Technology
GCTK,GlucoTrack Inc. Common Stock,1.11,941978.0,238354,Health Care
SHFS,SHF Holdings Inc. Class A Common Stock,0.882,906472.0,509433,Finance
LRHC,La Rosa Holdings Corp. Common Stock,1.58,900030.0,59760,Finance
BEATW,Heartbeam Inc. Warrant,0.0154,867777.0,413107,Health Care
SCLXW,Scilex Holding Company Warrant,0.1,849300.0,447,Health Care
BZFDW,BuzzFeed Inc. Warrant,0.0092,821880.0,21164,Consumer Discretionary
XBPEW,XBP Europe Holdings Inc. Warrant,0.0519,734727.0,1874,Technology
VGASW,Verde Clean Fuels Inc. Warrant,0.016,712794.0,1000,Industrials
RKDA,Arcadia Biosciences Inc. Common Stock,0.2867,690721.0,155099,Energy
XXII,22nd Century Group Inc. Common Stock,0.9119,651091.0,64618,Health Care
BNCWW,BNB Standard Corporation Warrant,0.015,617608.0,6,Consumer Staples
ILLRW,Triller Group Inc. Warrant,0.028,599111.0,814,Finance
HSCSW,HeartSciences Inc. Warrant,0.0995,481969.0,12546,Health Care
AIMDW,Ainos Inc. Warrants,0.056,478468.0,2219,Technology
RMSGW,Real Messenger Corporation Warrants,0.0288,465658.0,572,Technology
FOXXW,Foxx Development Holdings Inc. Warrant,0.0645,456332.0,1241,Telecommunications
TVGNW,Tevogen Inc. Warrant,0.0637,414785.0,121864,Health Care
BIAFW,bioAffinity Technologies Inc. Warrant,0.3401,396769.0,1880,Health Care
BNAIW,Brand Engagement Network Inc. Warrant,0.0525,393917.0,4993,Technology
LUCYW,Innovative Eyewear Inc. Series A Warrants 8/16/27,0.03,261368.0,122,Health Care
BFRIW,Biofrontera Inc. Warrants,0.0148,219815.0,281,Health Care
DFLIW,Dragonfly Energy Holdings Corp. Warrant,0.0141,211201.0,41106,Miscellaneous
DFNSW,T3 Defense Inc. Warrants,0.0634,206069.0,256034,Consumer Discretionary
BENFW,Beneficient Warrant,0.0103,159194.0,39348,Finance
FRGT,Freight Technologies Inc. Ordinary Shares,0.245,140171.0,1276011,Industrials
LNZAW,LanzaTech Global Inc. Warrant,0.0105,137436.0,2,Industrials
NXGLW,NexGel Inc Warrant,0.0122,118921.0,6,Health Care
VWAVW,VisionWave Holdings Inc. Warrant,0.048,113941.0,5184,Technology
VEEAW,Veea Inc. Warrant,0.0345,107319.0,144864,Technology
BTBDW,BT Brands Inc. Warrant,0.0156,96482.0,1320,Consumer Discretionary
FGIWW,FGI Industries Ltd. Warrant,0.0477,92122.0,100,Industrials
AERTW,Aeries Technology Inc. Warrant,0.0155,81342.0,4660,Consumer Discretionary
CXAIW,CXApp Inc. Warrant,0.0318,74330.0,10323,Technology
ACONW,Aclarion Inc. Warrant,0.0256,73789.0,136129,Health Care
PIIIW,P3 Health Partners Inc. Warrant,0.01,72610.0,125402,Health Care
SWAGW,Stran & Company Inc. Warrant,0.0038,70830.0,3951,Consumer Discretionary
ICUCW,SeaStar Medical Holding Corporation Warrant,0.0151,66543.0,51105,Health Care
CYCUW,Cycurion Inc. Warrant,0.019,61371.0,10691,Technology
EDBLW,Edible Garden AG Incorporated Warrant,0.0313,61082.0,3357,Consumer Staples
ERNAW,Ernexa Therapeutics Inc. Warrants,0.035,57134.0,15757,Health Care
CINGW,Cingulate Inc. Warrants,0.0035,50896.0,54526,Health Care
CDIOW,Cardio Diagnostics Holdings Inc. Warrant,0.0123,36401.0,1104,Health Care
PARAW,Banzai International Inc. Warrant,0.0076,35149.0,13652,Technology
APLMW,Apollomics Inc. Warrant,0.0104,30119.0,50639,Health Care
ONFOW,Onfolio Holdings Inc. Warrant,0.0102,25492.0,11725,Technology
REVBW,Revelation Biosciences Inc. Warrant,0.0055,21909.0,27188,Health Care
DAICW,CID HoldCo Inc. Warrants,0.0086,20105.0,36061,Technology
SQFTW,Presidio Property Trust Inc. Series A Common Stock Purchase Warrants,0.0105,15062.0,6548,Real Estate
SHFSW,SHF Holdings Inc. Warrants,0.0125,12847.0,6730,Finance
KITTW,Nauticus Robotics Inc. Warrant,0.0102,12702.0,28300,Industrials
TNONW,Tenon Medical Inc. Warrant,0.0065,10431.0,417971,Health Care
LTRYW,Sports Entertainment Gaming Global Corporation Warrants,0.0029,9453.0,142807,Technology
KIDZW,KIDZ AI Inc. Warrants,0.0065,5594.0,21603,Real Estate
GPACU,General Purpose Acquisition Corp. Units,10.2,0.0,100,Uncategorized
PGACU,Pantages Capital Acquisition Corporation Unit,10.85,0.0,10,Uncategorized
GPAC,General Purpose Acquisition Corp. Class A Ordinary Shares,10.1,0.0,31,Uncategorized
PGP,Pimco Global StocksPlus & Income Fund Common Shares of Beneficial Interest,8.3172,0.0,45379,Finance
PHK,Pimco High Income Fund,4.06,0.0,1651409,Finance
NTWO,Newbury Street II Acquisition Corp Class A Ordinary Shares,10.85,0.0,258115,Uncategorized
NSAIW,NorthStrive Acquisition Corp I. Warrants,0.0498,0.0,27802,Uncategorized
NSAIU,NorthStrive Acquisition Corp I. Units,10.0397,0.0,318,Uncategorized
NSAIR,NorthStrive Acquisition Corp I. Rights,0.14,0.0,100,Uncategorized
NSAI,NorthStrive Acquisition Corp I. Class A Ordinary Shares,9.885,0.0,1518,Uncategorized
IRHOU,Iron Horse Acquisitions II Corp. Units,10.16,0.0,20,Finance
IRHO,Iron Horse Acquisitions II Corp. Common Stock,10.07,0.0,12239,Finance
IPXG,Inflection Point Acquisition Corp. VII Class A Ordinary Shares,10.06,0.0,105828,Finance
VHCPU,Vine Hill Capital Investment Corp. II Units,10.1725,0.0,602,Finance
MRCO,Mercator Acquisition Corp. Class A Ordinary Shares,9.8506,0.0,1118,Finance
UTG,Reaves Utility Income Fund Common Shares of Beneficial Interest,35.29,0.0,388875,Finance
UTF,Cohen & Steers Infrastructure Fund Inc Common Stock,25.17,0.0,425507,Finance
GOF,Guggenheim Strategic Opportunities Fund Common Shares of Beneficial Interest,8.6,0.0,2421828,Finance
VHCP,Vine Hill Capital Investment Corp. II Class A Ordinary Shares,10.07,0.0,21,Uncategorized
VGI,Virtus Global Multi-Sector Income Fund Common Shares of Beneficial Interest,6.66,0.0,34897,Finance
AWF,Alliancebernstein Global High Income Fund,9.48,0.0,439493,Finance
UYSCR,UY Scuti Acquisition Corp. Rights,0.1314,0.0,368,Finance
UYSC,UY Scuti Acquisition Corp. Ordinary Shares,11.0,0.0,116,Finance
MRCOU,Mercator Acquisition Corp. Units,10.05,0.0,10,Finance
GRF,Eagle Capital Growth Fund Inc. Common Stock,9.86,0.0,578,Finance
ATIIW,Archimedes Tech SPAC Partners II Co. Warrant,1.1499,0.0,26685,Finance
ATIIU,Archimedes Tech SPAC Partners II Co. Unit,11.33,0.0,5,Finance
ATII,Archimedes Tech SPAC Partners II Co. Ordinary Shares,10.7,0.0,90776,Uncategorized
SHOTU,RMG ML Sports Holdings Unit,10.02,0.0,5,Uncategorized
NNY,Nuveen New York Municipal Value Fund Common Stock,7.9,0.0,92680,Finance
NMZ,Nuveen Municipal High Income Opportunity Fund Common Stock $0.01 par value per share,8.76,0.0,2050704,Finance
IPVV,InterPrivate Investment Partners V Inc. Class A Ordinary Shares,9.85,0.0,153909,Finance
IPHXW,Inflection Point Acquisition Corp. VIII Warrant,0.45,0.0,51701,Uncategorized
JTTT,JATT III Acquisition Corp Ordinary Shares,10.8,0.0,6653,Finance
DMO,Western Asset Mortgage Opportunity Fund Inc. Common Stock,9.36,0.0,114866,Finance
IPFX,Inflection Point Acquisition Corp. VI Class A Ordinary Shares,10.04,0.0,25070,Finance
NVG,Nuveen AMT-Free Municipal Credit Income Fund ,10.43,0.0,1939349,Finance
HVMC,Highview Merger Corp. Class A Ordinary Share,10.29,0.0,25009,Uncategorized
IBAC,IB Acquisition Corp. Common Stock,10.88,0.0,2910,Finance
IAF,abrdn Australia Equity Fund Inc. Common Stock,12.38,0.0,28678,Finance
IAE,Voya Asia Pacific High Dividend Equity Income Fund ING Asia Pacific High Dividend Equity Income Fund Common Shares of Beneficial Interest,9.14,0.0,78524,Finance
IACQW,Irenic Acquisition Corp. Warrants,0.38,0.0,94,Finance
GTEN,Gores Holdings X Inc. Class A ordinary shares,10.47,0.0,18,Uncategorized
LWAC,LightWave Acquisition Corp. Class A Ordinary Shares,10.35,0.0,254809,Finance
MACIW,Melar Acquisition Corp. I Warrant,0.0851,0.0,348,Finance
MACI,Melar Acquisition Corp. I Class A Ordinary Shares,11.0703,0.0,3604,Uncategorized
IPFXW,Inflection Point Acquisition Corp. VI Warrant,0.7201,0.0,4560,Finance
PGAC,Pantages Capital Acquisition Corporation Class A Ordinary Shares,10.78,0.0,10,Uncategorized
PFD,Flaherty & Crumrine Preferred and Income Fund Incorporated,10.53,0.0,27461,Finance
DHY,UBS Asset Management High Yield Credit Fund Common Stock,15.95,0.0,127704,Finance
DHF,BNY Mellon High Yield Strategies Fund Common Stock,2.23,0.0,340026,Finance
NTWOW,Newbury Street II Acquisition Corp Warrant,0.9282,0.0,11699,Uncategorized
DMIIU,Drugs Made In America Acquisition II Corp. Unit,10.2,0.0,101,Uncategorized
PEO,Adams Natural Resources Fund Inc. Common Stock,28.07,0.0,46247,Finance
PECEW,Peace Acquisition Corp Warrant,0.08,0.0,4606,Finance
LTGRU,Long Table Growth Corp. Units,10.16,0.0,205,Finance
LTGR,Long Table Growth Corp. Class A Ordinary Shares,9.96,0.0,54333,Finance
GPACW,General Purpose Acquisition Corp. Warrant,0.2468,0.0,20,Industrials
LWACW,LightWave Acquisition Corp. Warrants,0.1227,0.0,6,Finance
VBF,Invesco Bond Fund Common Stock,14.16,0.0,38821,Finance
AVK,Advent Convertible and Income Fund,11.54,0.0,319503,Finance
ATLQW,JAB Acquisition Corp I Warrants,0.04,0.0,108,Finance
ATLQU,JAB Acquisition Corp I Unit,10.11,0.0,557,Finance
ATLQ,JAB Acquisition Corp I Class A Ordinary Shares,9.97,0.0,296,Finance
PFN,PIMCO Income Strategy Fund II,6.19,0.0,413160,Finance
PFLA,PennantPark Floating Rate Capital Ltd. 7.375% Notes Due 2031,24.85,0.0,6763,Finance
PFL,PIMCO Income Strategy Fund Shares of Beneficial Interest,6.85,0.0,463374,Finance
GPATW,GP-Act III Acquisition Corp. Warrants,0.069,0.0,55713,Uncategorized
GPAT,GP-Act III Acquisition Corp. Class A Ordinary Share,11.106,0.0,4006,Uncategorized
MPA,Blackrock MuniYield Pennsylvania Quality Fund Common Stock,9.67,0.0,69140,Finance
RDAG,Republic Digital Acquisition Company Class A Ordinary Shares,10.44,0.0,61,Finance
FFC,Flaherty & Crumrine Preferred and Income Securities Fund Incorporated,14.72,0.0,147451,Finance
FFA,First Trust Enhanced Equity Income Fund Common Shares of Beneficial Interest,22.11,0.0,36630,Finance
OACC,Oaktree Acquisition Corp. III Life Sciences Class A Ordinary Share,10.76,0.0,280262,Finance
NZF,Nuveen Municipal Credit Income Fund ,10.75,0.0,1797795,Finance
MSDL,Morgan Stanley Direct Lending Fund Common Stock,13.56,0.0,677946,Uncategorized
MSD,Morgan Stanley Emerging Markets Debt Fund Inc. Common Stock,6.66,0.0,33272,Finance
LPBBW,Launch Two Acquisition Corp. Warrant,0.15,0.0,1511,Finance
LPBB,Launch Two Acquisition Corp. Class A Ordinary Shares,10.81,0.0,1137,Uncategorized
BACCR,Blue Acquisition Corp. Right ,0.41,0.0,21,Finance
BGB,Blackstone Strategic Credit 2027 Term Fund Common Shares of Beneficial Interest,11.05,0.0,273694,Finance
BIDWR,Tribeca Strategic Acquisition Corp. Rights,0.11,0.0,400,Finance
BID,Tribeca Strategic Acquisition Corp. Class A Ordinary Shares,9.9001,0.0,7,Finance
BHV,BlackRock Virginia Municipal Bond Trust,11.6,0.0,2038,Finance
BHK,Blackrock Core Bond Trust,8.05,0.0,878669,Finance
BKHAR,Black Hawk Acquisition Corporation Rights,1.7,0.0,15765,Health Care
BKHA,Black Hawk Acquisition Corporation Class A Ordinary Shares,12.28,0.0,1279,Health Care
PLMK,Plum Acquisition Corp. IV Class A Ordinary Shares,10.69,0.0,1232,Uncategorized
PLCI,Pelican Acquisition II Corporation Ordinary Shares,9.92,0.0,6,Finance
BDCI,BTC Development Corp. Class A Ordinary Shares,10.13,0.0,82822,Finance
BGH,Barings Global Short Duration High Yield Fund Common Shares of Beneficial Interests,12.85,0.0,180365,Finance
NOEMW,CO2 Energy Transition Corp. Warrant,0.1162,0.0,332,Uncategorized
BHAV,BHAV Acquisition Corp Class A Ordinary Shares,10.025,0.0,6973,Finance
BGY,Blackrock Enhanced International Dividend Trust,5.63,0.0,336233,Finance
BGT,BlackRock Floating Rate Income Trust,10.27,0.0,192053,Finance
TVAIU,Thayer Ventures Acquisition Corporation II Unit,10.47,0.0,1090,Finance
TVAI,Thayer Ventures Acquisition Corporation II Class A Ordinary Shares,10.4,0.0,15,Uncategorized
BIT,BlackRock Multi-Sector Income Trust Common Shares of Beneficial Interest,11.1,0.0,524959,Finance
TWN,Taiwan Fund Inc. (The) Common Stock,106.18,0.0,9959,Finance
TWLV,Twelve Seas Investment Company III Class A Ordinary Shares,10.07,0.0,13,Finance
IDAC,Iron Dome Acquisition I Corp. Class A Ordinary Shares,9.99,0.0,9,Uncategorized
RDAGW,Republic Digital Acquisition Company Warrants,0.2496,0.0,1978,Finance
PLMKW,Plum Acquisition Corp. IV Warrants,0.4,0.0,5002,Uncategorized
BIXIU,Bitcoin Infrastructure Acquisition Corp Ltd. Unit ,10.23,0.0,1826,Finance
MTAKU,Market Technology Acquisition Corp Unit,10.0,0.0,2600,Finance
MTAK,Market Technology Acquisition Corp Class A Ordinary Shares,9.85,0.0,9890,Uncategorized
BIXI,Bitcoin Infrastructure Acquisition Corp Ltd. Class A Ordinary Shares,10.08,0.0,2757,Uncategorized
GLQ,Clough Global Equity Fund Clough Global Equity Fund Common Shares of Beneficial Interest,7.57,0.0,32630,Finance
BHAVR,BHAV Acquisition Corp Rights,0.1301,0.0,100,Finance
NRUC,National Rural Utilities Cooperative Finance Corporation 5.500% Subordinated Notes due 2064 (Subordinated Deferrable Interest Notes),20.64,0.0,7241,Finance
NRO,Neuberger Real Estate Securities Income Fund Inc. Common Stock,2.52,0.0,229576,Finance
NRK,Nuveen New York AMT-Free Quality Municipal Income Fund ,9.17,0.0,696977,Finance
PML,Pimco Municipal Income Fund II Common Shares of Beneficial Interest,6.47,0.0,1356102,Finance
BEAGR,Bold Eagle Acquisition Corp. Right,0.2301,0.0,74465,Finance
BEAG,Bold Eagle Acquisition Corp. Class A Ordinary Shares,10.69,0.0,1695203,Finance
BBN,BlackRock Taxable Municipal Bond Trust Common Shares of Beneficial Interest,14.22,0.0,402652,Finance
USA,Liberty All-Star Equity Fund Common Stock,5.81,0.0,1777260,Finance
AWP,abrdn Global Premier Properties Fund Common Shares of Beneficial Interest,10.04,0.0,246739,Finance
IACO,Idea Acquisition Corp. Class A Ordinary Shares,10.0,0.0,27,Finance
HYT,Blackrock Corporate High Yield Fund Inc. Common Stock,7.8,0.0,1769641,Finance
OPP,RiverNorth/DoubleLine Strategic Opportunity Fund Inc. Common Stock,6.91,0.0,96218,Finance
PFO,Flaherty & Crumrine Preferred and Income Opportunity Fund Incorporated,8.51,0.0,15000,Finance
BACCU,Blue Acquisition Corp. Unit,10.91,0.0,2,Finance
BCV,Bancroft Fund Ltd.,23.15,0.0,25756,Finance
BACC,Blue Acquisition Corp. Class A Ordinary Shares,10.48,0.0,3502,Finance
LPCV,Launchpad Cadenza Acquisition Corp I Class A Ordinary Share,10.08,0.0,9,Uncategorized
RTAC,Renatus Tactical Acquisition Corp I Class A Ordinary Shares,10.43,0.0,100810,Finance
ELLA,Ellington Credit Company 8.50% Notes due 2031,25.075,0.0,17489,Real Estate
NOEMU,CO2 Energy Transition Corp. Unit,11.73,0.0,19176,Uncategorized
RCS,PIMCO Strategic Income Fund Inc.,5.04,0.0,84949,Finance
JLS,Nuveen Mortgage and Income Fund,16.2,0.0,24752,Finance
CXIIW,Churchill Capital Corp XII Warrants,1.9,0.0,11204,Finance
LTGRW,Long Table Growth Corp. Warrants,0.2501,0.0,203,Uncategorized
IPVVU,InterPrivate Investment Partners V Inc. Units,9.92,0.0,4,Finance
ARTCU,Art Technology Acquisition Corp. Units,10.09,0.0,4,Uncategorized
GLO,Clough Global Opportunities Fund Common Stock,5.42,0.0,97194,Finance
IACQU,Irenic Acquisition Corp. Unit,10.13,0.0,2,Finance
IACQ,Irenic Acquisition Corp. Class A Ordinary Shares,9.95,0.0,25,Finance
IACOW,Idea Acquisition Corp. Warrants,0.2601,0.0,2008,Finance
GJT,Synthetic Fixed-Income Securities Inc. Floating Rate Structured Repackaged Asset-Backed Trust Securities Certificates Series 2006-3,23.25,0.0,2643,Finance
GJR,Synthetic Fixed-Income Securities Inc. STRATS Trust for Procter&Gamble Securities Series 2006-1,24.1,0.0,413,Finance
GJO,Synthetic Fixed-Income Securities Inc. on behalf of STRATS(SM) Trust for Wal-Mart Stores Inc. Securities Series 2004-5,24.62,0.0,3,Finance
GJH,Synthetic Fixed-Income Securities Inc 6.375% (STRATS) Cl A-1,9.3214,0.0,57,Finance
GIX,GigCapital9 Corp. Class A Ordinary Share,10.01,0.0,44,Finance
GIWWR,GigCapital8 Corp. Rights,0.28,0.0,5027,Uncategorized
LOVIU,Live Oak Acquisition Corp. VI Units,10.01,0.0,4922,Finance
BCCQU,Bleichroeder Acquisition Corp. III Units,10.1922,0.0,1375,Finance
BCCQ,Bleichroeder Acquisition Corp. III Class A Ordinary Shares,9.95,0.0,241139,Finance
CXIIU,Churchill Capital Corp XII Units,10.95,0.0,1108,Finance
CXII,Churchill Capital Corp XII Class A Ordinary Shares,10.75,0.0,1365,Finance
SIMA,SIM Acquisition Corp. I Class A Ordinary Shares,11.1,0.0,12488,Miscellaneous
DAAQW,Digital Asset Acquisition Corp. Warrant,0.08,0.0,2263,Finance
DAAQ,Digital Asset Acquisition Corp. Class A Ordinary shares,10.44,0.0,575,Finance
EIM,Eaton Vance Municipal Bond Fund Common Shares of Beneficial Interest $.01 par value,8.82,0.0,203608,Finance
LPAAW,Launch One Acquisition Corp. Warrant,0.1013,0.0,105,Finance
LPAA,Launch One Acquisition Corp. Class A Ordinary shares,10.85,0.0,8,Uncategorized
GIW,GigCapital8 Corp. Class A Ordinary Shares,10.18,0.0,1169,Finance
ALDF,Aldel Financial II Inc. Class A Ordinary Shares,10.8201,0.0,28,Uncategorized
ALISU,Calisa Acquisition Corp Units,10.5,0.0,1211,Uncategorized
ALISR,Calisa Acquisition Corp Right,0.8,0.0,11338,Finance
ALIS,Calisa Acquisition Corp Ordinary shares,10.33,0.0,17925,Uncategorized
ALFUW,Centurion Acquisition Corp. Warrant,0.2811,0.0,277,Finance
ALF,Centurion Acquisition Corp. Class A Ordinary Shares,10.92,0.0,120,Uncategorized
WLIIW,Willow Lane Acquisition Corp. II Warrants,0.69,0.0,2,Finance
OXLCG,Oxford Lane Capital Corp. 7.95% Notes due 2032,24.97,0.0,9723,Finance
HPS,John Hancock Preferred Income Fund III Preferred Income Fund III,11.76,0.0,133654,Finance
HPI,John Hancock Preferred Income Fund Common Shares of Beneficial Interest,13.81,0.0,128816,Finance
VNME,Vendome Acquisition Corporation I Class A Ordinary Shares,10.31,0.0,853165,Finance
XCBEW,X3 Acquisition Corp. Ltd. Warrant,0.2023,0.0,1003,Finance
XCBE,X3 Acquisition Corp. Ltd. Class A Ordinary Shares,10.02,0.0,23,Uncategorized
MEVO,M Evo Global Acquisition Corp II Class A Ordinary Shares,10.01,0.0,4740,Finance
METCZ,Ramaco Resources Inc. 8.375% Senior Notes due 2029,25.165,0.0,5926,Energy
METCI,Ramaco Resources Inc. 8.250% Senior Notes due 2030,25.0968,0.0,7577,Energy
MESHW,Meshflow Acquisition Corp. Warrants,0.2199,0.0,90,Uncategorized
MESH,Meshflow Acquisition Corp. Class A Ordinary Shares,10.09,0.0,12267,Uncategorized
MEGI,NYLIM CBRE Global Infrastructure Megatrends Term Fund Common Shares,13.34,0.0,183172,Finance
HCIC,Hennessy Capital Investment Corp. VIII Class A Ordinary Shares,9.98,0.0,19,Uncategorized
HFRO,Highland Opportunities and Income Fund Common Shares of Beneficial Interest,6.73,0.0,69336,Finance
MKLY,McKinley Acquisition Corporation Class A Ordinary Shares,10.29,0.0,127737,Finance
WLII,Willow Lane Acquisition Corp. II Class A Ordinary Shares,10.29,0.0,108,Finance
WIW,Western Asset Inflation-Linked Opportunities & Income Fund,7.91,0.0,237373,Finance
WIA,Western Asset Inflation-Linked Income Fund,7.64,0.0,22643,Finance
ALPXU,Alpex Acquisition Corporation Unit,10.22,0.0,741,Finance
EOD,Allspring Global Dividend Opportunity Fund Common Shares of Beneficial Interest,6.35,0.0,211071,Finance
RNGT,Range Capital Acquisition Corp II Class A Ordinary Shares,10.19,0.0,14,Finance
EOI,Eaton Vance Enhance Equity Income Fund Eaton Vance Enhanced Equity Income Fund Shares of Beneficial Interest,19.76,0.0,69578,Finance
ITHA,ITHAX Acquisition Corp III Class A Ordinary Shares,10.1,0.0,300,Uncategorized
ISNRU,Snow Rothschild Acquisition Corp. Units,9.9999,0.0,108,Finance
ISNR,Snow Rothschild Acquisition Corp. Class A Ordinary Shares,9.84,0.0,12,Finance
MLAA,Mountain Lake Acquisition Corp. II Class A Ordinary Shares,10.011,0.0,139,Finance
ETG,Eaton Vance Tax-Advantaged Global Dividend Income Fund Common Shares of Beneficial Interest,23.0,0.0,83921,Finance
MCGAW,Yorkville Acquisition Corp. Warrant,0.26,0.0,17337,Uncategorized
MCGA,Yorkville Acquisition Corp. Class A Ordinary Share,10.355,0.0,520,Utilities
MCAHU,Mountain Crest Acquisition 6 Corp. Units,10.26,0.0,245,Finance
MCAH,Mountain Crest Acquisition 6 Corp. Ordinary Shares,10.0461,0.0,7,Finance
HEQ,John Hancock Diversified Income Fund Common Shares of Beneficial Interest,11.08,0.0,32430,Finance
PAXS,PIMCO Access Income Fund Common Shares of Beneficial Interest,13.12,0.0,210770,Finance
PALO,Paloma Acquisition Corp I Class A Ordinary Shares,9.985,0.0,42,Finance
PAI,Western Asset Investment Grade Income Fund Inc.,11.35,0.0,13398,Finance
MLCIL,Mount Logan Capital Inc. 8.00% Notes Due 2031,22.7,0.0,967,Finance
MLAAW,Mountain Lake Acquisition Corp. II Warrants,0.175,0.0,248,Finance
ETJ,Eaton Vance Risk-Managed Diversified Equity Income Fund Common Shares of Beneficial Interest,8.14,0.0,373224,Finance
ADAMG,Adamas Trust Inc. 9.125% Senior Notes Due 2030,24.62,0.0,23165,Real Estate
ADAMH,Adamas Trust Inc. 9.875% Senior Notes Due 2030,25.06,0.0,35863,Real Estate
ADAMK,Adamas Trust Inc. 9.600% Senior Notes Due 2031 ,24.72,0.0,37457,Real Estate
ADAMO,Adamas Trust Inc. 9.250% Senior Notes Due 2031,24.195,0.0,67060,Real Estate
ACAA,Averin Capital Acquisition Corp. Class A Ordinary Shares,10.02,0.0,40018,Finance
ACGCW,ACP Holdings Acquisition Corp. Warrants,0.45,0.0,1001,Finance
ACGC,ACP Holdings Acquisition Corp. Class A Ordinary Shares,10.055,0.0,230,Finance
HPF,John Hancock Pfd Income Fund II Pfd Income Fund II,13.25,0.0,88334,Finance
YICC,Yorkville International Capital Corp. Class A Ordinary Shares,9.93,0.0,575,Finance
AFB,AllianceBernstein National Municipal Income Fund Inc,9.43,0.0,190248,Finance
HERZ,Herzfeld Credit Income Fund Inc. Common Stock,15.11,0.0,2305,Finance
AESPR,Aeon Acquisition I Corp. Rights,0.19,0.0,2,Finance
AESP,Aeon Acquisition I Corp. Class A Ordinary Shares,9.99,0.0,2584,Finance
AGD,abrdn Global Dynamic Dividend Fund Common Shares of Beneficial Interest,11.14,0.0,214384,Finance
AFJKU,Aimei Health Technology Co. Ltd Unit,13.6,0.0,109,Uncategorized
XIIIW,Churchill Capital Corp XIII Warrants,1.5399,0.0,462,Uncategorized
XIIIU,Churchill Capital Corp XIII Units,10.58,0.0,5101,Uncategorized
XIII,Churchill Capital Corp XIII Class A Ordinary Shares,10.31,0.0,209,Uncategorized
IPHXU,Inflection Point Acquisition Corp. VIII Unit,10.07,0.0,31236,Uncategorized
IPHX,Inflection Point Acquisition Corp. VIII Class A Ordinary Shares,9.94,0.0,50366,Uncategorized
FAX,abrdn Asia-Pacific Income Fund Inc. Common Stock,12.67,0.0,401788,Finance
PAACW,Proem Acquisition Corp I Warrants,0.45,0.0,31069,Finance
AESPU,Aeon Acquisition I Corp. Units,10.1999,0.0,2125,Uncategorized
HLXC,Helix Acquisition Corp. III Class A Ordinary Shares,10.57,0.0,42,Uncategorized
AACI,Armada Acquisition Corp. III Class A Ordinary Share,10.1,0.0,737,Finance
ISD,PGIM High Yield Bond Fund Inc.,11.5,0.0,216565,Finance
EMO,ClearBridge Energy Midstream Opportunity Fund Inc. Common Stock,50.29,0.0,63032,Finance
EMISR,Emmis Acquisition Corp. Rights,0.09,0.0,3857,Uncategorized
EMIS,Emmis Acquisition Corp. Class A Ordinary Shares,10.27,0.0,6,Health Care
EMF,Templeton Emerging Markets Fund Common Stock,22.78,0.0,12651,Finance
EMD,Western Asset Emerging Markets Debt Fund Inc Common Stock,9.18,0.0,457403,Finance
AEFC,Aegon Funding Company LLC 5.10% Subordinated Notes due 2049,17.66,0.0,73183,Uncategorized
PACHW,Pioneer Acquisition I Corp Warrants,0.12,0.0,160,Uncategorized
ADACW,American Drive Acquisition Company Warrant,0.37,0.0,45,Uncategorized
HIX,Western Asset High Income Fund II Inc. Common Stock,3.51,0.0,384296,Finance
HIO,Western Asset High Income Opportunity Fund Inc. Common Stock,3.24,0.0,652502,Finance
OYSE,Oyster Enterprises II Acquisition Corp Class A Ordinary Shares,10.42,0.0,15104,Finance
OXSQH,Oxford Square Capital Corp. 7.75% Notes due 2030,25.0,0.0,1204,Finance
OXLCI,Oxford Lane Capital Corp. 8.75% Notes due 2030,25.319,0.0,13283,Uncategorized
ZKPU,Lafayette Digital Acquisition Corp. I Unit,10.08,0.0,6,Finance
AACPR,Apogee Acquisition Corp Rights,0.18,0.0,7,Finance
MIAC,Meridian3 Industrials Acquisition Corp Class A Ordinary Shares,9.81,0.0,867,Uncategorized
ADX,Adams Diversified Equity Fund Inc.,25.87,0.0,296630,Finance
XELLL,Xcel Energy Inc. 6.25% Junior Subordinated Notes Series due 2085,21.0856,0.0,78068,Utilities
ADAC,American Drive Acquisition Company Class A Ordinary Shares,10.15,0.0,16,Uncategorized
PACH,Pioneer Acquisition I Corp Class A Ordinary Shares,10.4,0.0,73,Uncategorized
DBCA,D. Boral Acquisition I Corp. Class A Ordinary Shares,10.04,0.0,1029302,Finance
MMU,Western Asset Managed Municipals Fund Inc. Common Stock,8.84,0.0,612548,Finance
MMEDV,MiniMed Group Inc. Common Stock When Issued,20.0,0.0,1111,Health Care
NUW,Nuveen AMT-Free Municipal Value Fund,12.89,0.0,203809,Finance
NUV,Nuveen Municipal Value Fund Inc. Common Stock,8.14,0.0,1561322,Finance
EDD,Morgan Stanley Emerging Markets Domestic Debt Fund Inc. Common Stock,5.24,0.0,453612,Finance
RWAYM,Runway Growth Finance Corp. 7.75% Notes Due 2031,24.8,0.0,31697,Finance
RWAYI,Runway Growth Finance Corp. 7.25% Notes due 2031,24.5,0.0,7000,Finance
EHI,Western Asset Global High Income Fund Inc Common Stock,5.4,0.0,68289,Finance
EGHAR,EGH Acquisition Corp. Rights,0.2499,0.0,3036,Finance
JGH,Nuveen Global High Income Fund Common Shares of Beneficial Interest,11.45,0.0,84805,Finance
WEA,Western Asset Bond Fund Share of Beneficial Interest,9.83,0.0,46463,Finance
APXTW,Apex Treasury Corporation Warrants,0.3,0.0,711,Finance
APXT,Apex Treasury Corporation Class A Ordinary Share,10.14,0.0,4816,Finance
GSRVR,GSR V Acquisition Corp. Rights,1.52,0.0,6776,Finance
GSRV,GSR V Acquisition Corp. Class A ordinary shares,9.89,0.0,8931,Finance
GSRFR,GSR IV Acquisition Corp. Rights,2.26,0.0,11,Uncategorized
GSRF,GSR IV Acquisition Corp. Class A ordinary share,10.265,0.0,516092,Uncategorized
GSHR,Gesher Acquisition Corp. II Class A Ordinary Shares,10.58,0.0,6,Uncategorized
PECER,Peace Acquisition Corp Right,0.405,0.0,646,Finance
PECE,Peace Acquisition Corp Ordinary Shares,10.0,0.0,2911,Finance
EGHA,EGH Acquisition Corp. Class A Ordinary Shares,10.43,0.0,17,Finance
ARTC,Art Technology Acquisition Corp. Class A Ordinary Shares,10.02,0.0,88,Finance
VLT,Invesco High Income Trust II,9.02,0.0,13722,Finance
VLOSU,Velos Acquisition I Corp. Units,11.1,0.0,1,Finance
RTACW,Renatus Tactical Acquisition Corp I Warrant,0.493,0.0,350,Finance
RTACU,Renatus Tactical Acquisition Corp I Unit,10.705,0.0,2020,Finance
ARCLR,ARC Group Acquisition I Corp Right,0.1401,0.0,305,Finance
ARCL,ARC Group Acquisition I Corp Class A Ordinary Shares,10.0,0.0,24,Finance
ARCIW,Archimedes Tech SPAC Partners III Co. Warrant,0.41,0.0,20,Uncategorized
ARCIU,Archimedes Tech SPAC Partners III Co. Units,10.24,0.0,910,Finance
ARCI,Archimedes Tech SPAC Partners III Co. Ordinary Share,10.08,0.0,14,Uncategorized
DBCAU,D. Boral Acquisition I Corp. Unit,10.38,0.0,2,Finance
VLOS,Velos Acquisition I Corp. Class A Ordinary shares,10.735,0.0,5459,Uncategorized
ASGI,abrdn Global Infrastructure Income Fund Common Shares of Beneficial Interest,19.35,0.0,286986,Finance
ASG,Liberty All-Star Growth Fund Inc.,5.16,0.0,454967,Finance
GUG,Guggenheim Active Allocation Fund Common Shares of Beneficial Interest,13.71,0.0,178318,Finance
GUAC,Berto Acquisition Corp. II Ordinary Shares,9.915,0.0,54,Finance
APURR,Aperture AC Rights,0.3001,0.0,247,Finance
APUR,Aperture AC Class A Ordinary Shares,10.04,0.0,915,Finance
ARCLW,ARC Group Acquisition I Corp Warrants,0.0616,0.0,17,Finance
SHOT,RMG ML Sports Holdings Class A Ordinary Shares,9.86,0.0,13,Uncategorized
DBL,DoubleLine Opportunistic Credit Fund Common Shares of Beneficial Interest,13.17,0.0,524486,Uncategorized
DBCAW,D. Boral Acquisition I Corp. Warrants,0.35,0.0,163,Finance
JONE,Jones Ventures INTL Acquisition1 Corp Class A Ordinary Shares,9.81,0.0,494017,Finance
RREVU,RRE Ventures Acquisition Corp. Units,10.07,0.0,507,Finance
RREV,RRE Ventures Acquisition Corp. Class A Ordinary Shares,9.92,0.0,28,Finance
WDI,Western Asset Diversified Income Fund Common Shares of Beneficial Interest,11.7,0.0,514954,Finance
APACR,StoneBridge Acquisition II Corporation Rights,0.11,0.0,6,Uncategorized
APAC,StoneBridge Acquisition II Corporation Class A Ordinary Shares,10.27,0.0,20,Finance
AOMN,Angel Oak Mortgage REIT Inc. 9.500% Senior Notes due 2029,25.12,0.0,12885,Finance
AOMD,Angel Oak Mortgage REIT Inc. 9.750% Senior Notes due 2030,25.05,0.0,3701,Finance
AOD,abrdn Total Dynamic Dividend Fund Common Shares of Beneficial Interest,10.08,0.0,451400,Finance
APMCU,AmperCap Acquisition Company Unit,10.03,0.0,68,Finance
PCAPU,ProCap Acquisition Corp Unit,10.47,0.0,2115,Uncategorized
PDT,John Hancock Premium Dividend Fund,11.68,0.0,174385,Finance
OTGA,OTG Acquisition Corp. I Class A Ordinary Share ,10.27,0.0,499716,Finance
OSPR,Osprey Acquisition Corp. III Class A Ordinary Shares,9.82,0.0,3935,Finance
HACQ,HCM IV Acquisition Corp. Class A Ordinary Share,10.04,0.0,25,Finance
PCAP,ProCap Acquisition Corp Class A Ordinary Shares,10.4,0.0,50415,Finance
ALPX,Alpex Acquisition Corporation Class A Ordinary Shares,9.96,0.0,10,Finance
ALOVW,Aldabra 4 Liquidity Opportunity Vehicle Inc. Warrants,0.38,0.0,814,Uncategorized
ALOV,Aldabra 4 Liquidity Opportunity Vehicle Inc. Class A Ordinary Shares,10.02,0.0,1475,Uncategorized
AMAN,Amanat Acquisition Corp Class A Ordinary Shares,10.61,0.0,458,Finance
DMAA,Drugs Made In America Acquisition Corp. Ordinary Shares,10.89,0.0,46,Uncategorized
SDHI,Siddhi Acquisition Corp Class A Common stock,10.55,0.0,50453,Finance
DNP,DNP Select Income Fund Inc. Common Stock,9.48,0.0,976128,Finance
HTD,John Hancock Tax Advantaged Dividend Income Fund Common Shares of Beneficial Interest,22.0,0.0,151076,Finance
JMM,Nuveen Multi-Market Income Fund (MA),5.54,0.0,11104,Finance
FDMM,Freedom Metals Acquisition Corp. Class A Ordinary Shares,9.82,0.0,31,Finance
MKLYR,McKinley Acquisition Corporation Rights,0.25,0.0,56674,Finance
PCQ,PIMCO California Municipal Income Fund Common Stock,7.63,0.0,491013,Finance
PCN,Pimco Corporate & Income Strategy Fund Common Stock,10.61,0.0,597455,Finance
PCM,PCM Fund Inc. Common Stock,5.0,0.0,43687,Finance
PCF,High Income Securities Fund Common Stock,5.06,0.0,102446,Finance
MMD,NYLIM MacKay DefinedTerm Muni Opportunities Fund Common Shares,13.47,0.0,143997,Finance
MBVIW,M3-Brigade Acquisition VI Corp. Warrant,0.35,0.0,27,Uncategorized
MBVI,M3-Brigade Acquisition VI Corp. Class A Ordinary Shares,10.235,0.0,15744,Uncategorized
RREVW,RRE Ventures Acquisition Corp. Warrants,0.3751,0.0,1003,Finance
APMCR,AmperCap Acquisition Company Right,0.0806,0.0,202,Finance
APMC,AmperCap Acquisition Company Ordinary Shares,9.97,0.0,12,Finance
VVR,Invesco Senior Income Trust Common Stock (DE),2.87,0.0,727260,Finance
WENNW,Wen Acquisition Corp Warrant,0.22,0.0,1090,Finance
WENN,Wen Acquisition Corp Class A Ordinary Shares,10.42,0.0,11,Uncategorized
JFR,Nuveen Floating Rate Income Fund Common Stock,7.23,0.0,1465939,Finance
NPV,Nuveen Virginia Quality Municipal Income Fund Common Stock,9.31,0.0,168338,Finance
NPFD,Nuveen Variable Rate Preferred & Income Fund Common Shares,17.41,0.0,79207,Finance
NPCT,Nuveen Core Plus Impact Fund Common Shares of Beneficial Interest,9.05,0.0,86549,Finance
NPACU,New Providence Acquisition Corp. III Units,10.59,0.0,21,Finance
NPAC,New Providence Acquisition Corp. III Class A Ordinary Shares,10.533,0.0,615,Finance
MCN,XAI Madison Equity Premium Income Fund Common Shares,5.24,0.0,45107,Uncategorized
KOYNW,CSLM Digital Asset Acquisition Corp III Warrants,0.1601,0.0,399,Uncategorized
KOYN,CSLM Digital Asset Acquisition Corp III Class A Ordinary Shares,10.26,0.0,978,Uncategorized
NEWTO,NewtekOne Inc. 8.50% Fixed Rate Senior Notes due 2031,24.97,0.0,1553,Finance
NEWTH,NewtekOne Inc. 8.625% Fixed Rate Senior Notes due 2029,25.12,0.0,8631,Finance
CIMP,Chimera Investment Corporation 8.875% Senior Notes due 2030,24.91,0.0,26635,Real Estate
CIK,UBS Asset Management Income Fund Inc. Common Stock,2.3,0.0,181757,Finance
CICC,CION Investment Corporation 7.50% Notes due 2031,24.67,0.0,16180,Finance
CICB,CION Investment Corporation 7.50% Notes due 2029,24.4701,0.0,8337,Finance
FSSL,FS Specialty Lending Fund Common Shares of Beneficial Interest,11.66,0.0,435960,Finance
FSHPU,Flag Ship Acquisition Corp. Unit,11.26,0.0,801,Uncategorized
SAAQ,Space Asset Acquisition Corp. Class A Ordinary Shares,10.051,0.0,275,Finance
PTORU,Praetorian Acquisition Corp. Units,10.08,0.0,1006,Uncategorized
PTOR,Praetorian Acquisition Corp. Class A Ordinary Shares,9.96,0.0,61112,Finance
FPF,First Trust Intermediate Duration Preferred & Income Fund Common Shares of Beneficial Interest,15.69,0.0,271043,Finance
IIF,Morgan Stanley India Investment Fund Inc. Common Stock,21.28,0.0,11060,Finance
IHD,Voya Emerging Markets High Income Dividend Equity Fund Common Shares,7.75,0.0,63129,Finance
IGR,CBRE Global Real Estate Income Fund Common Shares of Beneficial Interest,11.51,0.0,613801,Finance
CGCFW,Cartesian Growth Corporation IV Warrants,0.3,0.0,7555,Finance
CGCFU,Cartesian Growth Corporation IV Unit,9.95,0.0,1462,Finance
CGCF,Cartesian Growth Corporation IV Class A Ordinary Shares,9.81,0.0,420,Finance
SVIVW,Spring Valley Acquisition Corp. IV Warrants,0.7251,0.0,24,Finance
FSHPR,Flag Ship Acquisition Corp. Right,0.083,0.0,1609,Uncategorized
NMAI,Nuveen Multi-Asset Income Fund Common Shares of Beneficial Interest,13.46,0.0,749266,Finance
CHY,Calamos Convertible and High Income Fund Common Stock,11.66,0.0,181338,Finance
CHW,Calamos Global Dynamic Income Fund Common Stock,8.02,0.0,260799,Finance
PTY,Pimco Corporate & Income Opportunity Fund,10.8,0.0,2425482,Finance
PTORW,Praetorian Acquisition Corp. Warrant,0.305,0.0,67,Finance
STK,Columbia Seligman Premium Technology Growth Fund Inc,55.29,0.0,33294,Finance
STEW,SRH Total Return Fund Inc. Common Stock,17.57,0.0,62386,Finance
SSEAR,Starry Sea Acquisition Corp Rights,0.14,0.0,200,Finance
SSEA,Starry Sea Acquisition Corp	Ordinary Shares,10.37,0.0,11,Finance
SSACW,SPACSphere Acquisition Corp. Warrant,0.0501,0.0,13697,Finance
KRAQ,KRAKacquisition Corp Class A Ordinary Shares,10.01,0.0,231558,Uncategorized
SSACR,SPACSphere Acquisition Corp. Rights,0.18,0.0,4,Finance
SSAC,SPACSphere Acquisition Corp. Class A Ordinary Shares,10.14,0.0,1161,Finance
CLM,Cornerstone Strategic Investment Fund Inc. Common Shares,6.41,0.0,1607223,Finance
KKRT,KKR & Co. Inc. 6.875% Subordinated Notes due 2065,22.81,0.0,75698,Finance
KIO,KKR Income Opportunities Fund Common Shares,10.17,0.0,255022,Finance
SVIVU,Spring Valley Acquisition Corp. IV Units,10.55,0.0,2,Finance
SVIV,Spring Valley Acquisition Corp. IV Class A Ordinary Shares,10.09,0.0,15,Finance
CHPGR,ChampionsGate Acquisition Corporation Rights,0.115,0.0,128,Uncategorized
CHPG,ChampionsGate Acquisition Corporation Class A Ordinary Share,10.52,0.0,1019,Uncategorized
OIMAW,OneIM Acquisition Corp. Warrant,0.65,0.0,17,Uncategorized
OIMAU,OneIM Acquisition Corp. Units,10.2001,0.0,202,Finance
SSACU,SPACSphere Acquisition Corp. Unit,10.31,0.0,2,Finance
SWZ,Total Return Securities Fund Common Stock,5.76,0.0,92321,Finance
CHAR,Charlton Aria Acquisition Corporation Class A Ordinary Shares,10.97,0.0,51,Uncategorized
FSHP,Flag Ship Acquisition Corp. Ordinary Shares,11.29,0.0,14,Uncategorized
CGO,Calamos Global Total Return Fund Common Stock,12.68,0.0,38191,Finance
TACHW,Titan Acquisition Corp. Warrants,0.51,0.0,177,Finance
TACH,Titan Acquisition Corp. Class A Ordinary Shares,10.5301,0.0,29948,Finance
SZZLR,Sizzle Acquisition Corp. II Right,0.15,0.0,106,Finance
CEPV,Cantor Equity Partners V Inc. Class A Ordinary Shares,10.27,0.0,1419,Uncategorized
CRF,Cornerstone Total Return Fund Inc. (The) Common Stock,6.15,0.0,871970,Finance
RANGU,Range Capital Acquisition Corp. Units,11.3151,0.0,7,Finance
CEPS,Cantor Equity Partners VI Inc. Class A Ordinary Shares,10.27,0.0,226,Finance
RANG,Range Capital Acquisition Corp. Ordinary Shares,10.86,0.0,35,Finance
RACD,Research Alliance Corporation IV Class A Ordinary Shares,11.7,0.0,10650,Uncategorized
INACU,Indigo Acquisition Corp. Unit,10.8,0.0,875,Uncategorized
INACR,Indigo Acquisition Corp. Right,0.1177,0.0,48,Uncategorized
INAC,Indigo Acquisition Corp. Ordinary Shares,10.39,0.0,59,Uncategorized
OCLTU,OceanLight Acquisition Corporation Units,10.1341,0.0,272,Finance
OCLT,OceanLight Acquisition Corporation Ordinary Shares,9.89,0.0,1206,Finance
TACOU,Berto Acquisition Corp. Unit,10.7509,0.0,50,Finance
NCA,Nuveen California Municipal Value Fund,8.27,0.0,184338,Finance
NBXG,Neuberger Next Generation Connectivity Fund Inc. Common Stock,16.16,0.0,124385,Finance
SABA,Saba Capital Income & Opportunities Fund II Shares of Beneficial Interest,7.9,0.0,53138,Uncategorized
RANGR,Range Capital Acquisition Corp. Rights,0.3,0.0,286,Finance
CEPO,Cantor Equity Partners I Inc. Class A Ordinary Shares,10.755,0.0,11564,Finance
CEPF,Cantor Equity Partners IV Inc. Class A Ordinary Shares,10.2786,0.0,18792,Finance
EXG,Eaton Vance Tax-Managed Global Diversified Equity Income Fund Common Shares of Beneficial Interest,9.34,0.0,791832,Finance
FACTU,FACT II Acquisition Corp. Unit,10.83,0.0,5,Finance
FACT,FACT II Acquisition Corp. Class A Ordinary Shares,10.72,0.0,17,Uncategorized
CHI,Calamos Convertible Opportunities and Income Fund Common Stock,11.525,0.0,232921,Finance
SVCC,Stellar V Capital Corp. Class A Ordinary Shares,10.72,0.0,65,Uncategorized
SVAQW,Silicon Valley Acquisition Corp. Warrants,0.4497,0.0,8918,Finance
SVAQU,Silicon Valley Acquisition Corp. Units,10.48,0.0,205,Finance
SVAQ,Silicon Valley Acquisition Corp. Class A Ordinary Shares,10.15,0.0,9859,Finance
SZZL,Sizzle Acquisition Corp. II Class A ordinary shares,10.485,0.0,60740,Finance
NCOOW,Southern Cross Acquisition I Corp. Warrants,0.0311,0.0,43,Uncategorized
NCO,Southern Cross Acquisition I Corp. Ordinary Shares,9.96,0.0,8,Uncategorized
OIM,OneIM Acquisition Corp. Class A Ordinary Shares,10.13,0.0,142,Uncategorized
PTAC,Patriot Acquisition Corp. Class A Ordinary Shares,9.96,0.0,6,Finance
DPG,Duff & Phelps Utility and Infrastructure Fund Inc.,12.84,0.0,99624,Finance
SCD,LMP Capital and Income Fund Inc. Common Stock,14.68,0.0,89058,Finance
SCATU,Southern Cross Acquisition II Corp. Units,10.035,0.0,1089,Finance
SBI,Western Asset Intermediate Muni Fund Inc Common Stock,6.93,0.0,108635,Finance
DTSQR,DT Cloud Star Acquisition Corporation Right,0.12,0.0,1,Finance
DTSQ,DT Cloud Star Acquisition Corporation Ordinary Shares,11.58,0.0,10,Uncategorized
CEE,The Central and Eastern Europe Fund Inc. (The) Common Stock,18.35,0.0,11014,Finance
NEA,Nuveen AMT-Free Quality Municipal Income Fund Common Shares of Beneficial Interest Par Value $.01,9.81,0.0,2332241,Finance
SPKLU,Spark I Acquisition Corp. Unit,11.91,0.0,642,Miscellaneous
SPKL,Spark I Acquisition Corp. Class A Ordinary Share,11.56,0.0,55012,Miscellaneous
SPEGU,Silver Pegasus Acquisition Corp Unit,10.48,0.0,12,Uncategorized
AACP,Apogee Acquisition Corp Class A Ordinary Shares,10.07,0.0,458,Finance
DMII,Drugs Made In America Acquisition II Corp. Ordinary Shares,10.19,0.0,2241,Finance
AACIW,Armada Acquisition Corp. III Warrant,0.25,0.0,1038,Finance
AACOW,Abony Acquisition Corp. I Warrants,0.3701,0.0,333,Uncategorized
ACP,abrdn Income Credit Strategies Fund Common Shares,4.37,0.0,1149348,Finance
SAX,Saratoga Investment Corp 8.00% Notes due 2031,25.37,0.0,7265,Finance
SORN,Soren Acquisition Corp. Class A Ordinary Shares,10.04,0.0,9,Finance
NMI,Nuveen Municipal Income Fund Inc. Common Stock,9.19,0.0,60904,Finance
SOCAW,Solarius Capital Acquisition Corp. Warrant,0.1999,0.0,400,Uncategorized
SOCAU,Solarius Capital Acquisition Corp. Units,10.4,0.0,890,Finance
SOCA,Solarius Capital Acquisition Corp. Class A Ordinary Share,10.36,0.0,509,Uncategorized
KF,Korea Fund Inc. (The) New Common Stock,68.74,0.0,12549,Finance
KEYYU,Keystone Acquisition Corp. Unit,10.06,0.0,337,Finance
KEYY,Keystone Acquisition Corp. Class A Ordinary Shares,9.93,0.0,8164,Finance
FJDIU,ARC Group Securities Acquisition I Units,10.03,0.0,32,Uncategorized
FJDI,ARC Group Securities Acquisition I Class A Ordinary Shares,9.87,0.0,107385,Uncategorized
QSEAR,Quartzsea Acquisition Corporation Rights,0.2498,0.0,200,Finance
QSEA,Quartzsea Acquisition Corporation Ordinary Shares,10.72,0.0,204,Finance
QQQX,Nuveen NASDAQ 100 Dynamic Overwrite Fund Shares of Beneficial Interest,30.49,0.0,95722,Finance
SOJF,Southern Company (The) Series 2025A 6.50% Junior Subordinated Notes due March 15 2085,23.26,0.0,64954,Utilities
XTERU,Karman Line Acquisition Corp. Units,9.9001,0.0,8,Uncategorized
ZKP,Lafayette Digital Acquisition Corp. I Class A Ordinary Shares,10.04,0.0,25,Finance
AFJK,Aimei Health Technology Co. Ltd Ordinary Share,12.35,0.0,699,Uncategorized
XTER,Karman Line Acquisition Corp. Class A Ordinary Shares,9.79,0.0,17853,Finance
XSLLW,Xsolla SPAC 1 Warrants,0.1599,0.0,4720,Finance
XSLL,Xsolla SPAC 1 Class A Ordinary Shares,10.0,0.0,513882,Finance
XRPNW,Armada Acquisition Corp. II Warrant,3.8,0.0,1060249,Finance
XRPNU,Armada Acquisition Corp. II Units,35.0,0.0,4056,Finance
XRPN,Armada Acquisition Corp. II Class A Ordinary Shares,38.65,0.0,2950153,Finance
MEVOW,M Evo Global Acquisition Corp II Warrants,0.31,0.0,1000,Finance
NMT,Nuveen Massachusetts Quality Municipal Income Fund Common Stock,10.15,0.0,37848,Finance
ERC,Allspring Multi-Sector Income Fund Common Stock,8.43,0.0,135302,Finance
RNAQU,Rainier Acquisition Corporation Units,10.1203,0.0,17321,Finance
RNAQ,Rainier Acquisition Corporation Class A Ordinary Shares,10.0401,0.0,1575,Finance
MHF,Western Asset Municipal High Income Fund Inc. Common Stock,6.13,0.0,112935,Finance
AACO,Abony Acquisition Corp. I Class A Ordinary Share,10.0,0.0,10,Uncategorized
PAACU,Proem Acquisition Corp I Units,10.3,0.0,100,Finance
QUMS,Quantumsphere Acquisition Corp. Ordinary Shares,10.35,0.0,142078,Uncategorized
FLC,Flaherty & Crumrine Total Return Fund Inc Common Stock,15.4,0.0,32950,Finance
CRBD,Corebridge Financial Inc. 6.375% Junior Subordinated Notes due 2064,21.12,0.0,56988,Finance
CRAQ,Cal Redwood Acquisition Corp. Class A Ordinary Shares,10.41,0.0,28,Finance
CRANR,Crane Harbor Acquisition Corp. II Rights,0.1998,0.0,1011,Finance
AACPW,Apogee Acquisition Corp Warrant,0.09,0.0,60,Finance
EAD,Allspring Income Opportunities Fund Common Shares,5.96,0.0,285137,Finance
DYOR,Insight Digital Partners II Class A Ordinary Shares,10.15,0.0,12,Finance
SCII,SC II Acquisition Corp. Class A ordinary share,10.17,0.0,45007,Uncategorized
DSM,BNY Mellon Strategic Municipal Bond Fund Inc. Common Stock,5.15,0.0,314691,Finance
JCE,Nuveen Core Equity Alpha Fund Common Shares of Beneficial Interest,16.77,0.0,30193,Finance
JBK,Lehman ABS 3.50 3.50% Adjustable Corp Backed Tr Certs GS Cap I,25.2,0.0,323,Finance
SPKLW,Spark I Acquisition Corp. Warrant,0.84,0.0,18548,Miscellaneous
NKX,Nuveen California AMT-Free Quality Municipal Income Fund,10.41,0.0,501124,Finance
IGI,Western Asset Investment Grade Opportunity Trust Inc. Common Stock,15.715,0.0,2756,Finance
IGD,Voya Global Equity Dividend and Premium Opportunity Fund,6.03,0.0,269765,Finance
QUMSU,Quantumsphere Acquisition Corp. Units,10.38,0.0,1,Uncategorized
NHIV,NewHold Investment Corp IV Class A Ordinary Shares,10.05,0.0,12,Finance
NFJ,Virtus Dividend Interest & Premium Strategy Fund Common Shares of Beneficial Interest,15.11,0.0,252685,Finance
OHAC,Oceanhawk Acquisition Corp. Class A Ordinary Shares,9.99,0.0,91,Uncategorized
OFSSO,OFS Capital Corporation 7.50% Notes due 2028,26.0,0.0,5,Uncategorized
FMY,First Trust Mortgage Income Fund Common Shares of Beneficial Interest,10.8,0.0,6456,Finance
SPEGR,Silver Pegasus Acquisition Corp Rights.,0.1699,0.0,148,Uncategorized
SPEG,Silver Pegasus Acquisition Corp Class A Ordinary Shares,10.4,0.0,2429,Uncategorized
SPE,Special Opportunities Fund Inc Common Stock,12.6,0.0,39702,Finance
NMPAR,NMP Acquisition Corp. Right,0.238,0.0,132,Finance
NMP,NMP Acquisition Corp. Class A Ordinary Shares,10.37,0.0,15,Finance
NML,Neuberger Energy Infrastructure and Income Fund Inc. Common Stock,10.06,0.0,182619,Finance
NHS,Neuberger High Yield Strategies Fund Inc. Common Stock,5.39,0.0,271730,Finance
QUMSR,Quantumsphere Acquisition Corp. Rights,0.0602,0.0,218,Uncategorized
NIM,Nuveen Select Maturities Municipal Fund Common Stock,8.61,0.0,33694,Finance
KFIIR,K&F Growth Acquisition Corp. II Rights,0.105,0.0,349,Uncategorized
KFII,K&F Growth Acquisition Corp. II Class A Ordinary shares,10.695,0.0,337862,Finance
QETAR,Quetta Acquisition Corporation Right,0.49,0.0,202,Finance
QETA,Quetta Acquisition Corporation Common Stock,11.79,0.0,529,Finance
QADR,QDRO Acquisition Corp. Class A Ordinary Shares,10.01,0.0,8,Finance
PYT,PPlus Tr GSC-2 Tr Ctf Fltg Rate,23.7447,0.0,13,Finance
PWRL,Powerlaw Corp. Common Stock,12.4,0.0,305268,Uncategorized
FMAC,Future Money Acquisition Corporation Ordinary Shares,10.1,0.0,20,Finance
DUKU,Duke Energy Corporation Corporate Units,48.22,0.0,228956,Utilities
SRJN,Spire Inc. 6.375% Junior Subordinated Notes due 2086,21.33,0.0,14421,Utilities
SPXX,Nuveen S&P 500 Dynamic Overwrite Fund,18.67,0.0,197073,Finance
DTK,DTE Energy Company 2025 Series H 6.25% Junior Subordinated Debentures due 2085,20.97,0.0,70829,Utilities
DSU,Blackrock Debt Strategies Fund Inc. Common Stock,8.8,0.0,415017,Finance
KCHVR,Kochav Defense Acquisition Corp. Right,0.1,0.0,2,Finance
KCHV,Kochav Defense Acquisition Corp. Class A Ordinary Shares,10.48,0.0,36062,Uncategorized
KBON,Karbon Capital Partners Corp. Class A Ordinary Shares,10.09,0.0,9,Finance
CRAN,Crane Harbor Acquisition Corp. II Class A Ordinary Shares,10.1,0.0,9,Finance
KRAQU,KRAKacquisition Corp Unit,10.14,0.0,31,Uncategorized
CIMO,Chimera Investment Corporation 9.250% Senior Notes due 2029,25.17,0.0,10872,Real Estate
SAV,Saratoga Investment Corp 7.50% Notes due 2031,24.7,0.0,4103,Finance
SRV,NXG Cushing Midstream Energy Fund Common Shares of Beneficial Interest,43.34,0.0,35986,Finance
GHY,PGIM Global High Yield Fund Inc.,10.75,0.0,287775,Finance
DYNC,Dynamix Corporation Class A Ordinary Shares,10.905,0.0,15966,Uncategorized
ETY,Eaton Vance Tax-Managed Diversified Equity Income Fund Common Shares of Beneficial Interest,14.18,0.0,499363,Finance
EWAVU,East West Ave Acquisition Corp. Units,10.05,0.0,54,Finance
EWAVR,East West Ave Acquisition Corp. Rights,0.12,0.0,2875,Finance
EWAV,East West Ave Acquisition Corp. Common Stock,9.94,0.0,11,Finance
EVV,Eaton Vance Limited Duration Income Fund Common Shares of Beneficial Interest,8.34,0.0,736264,Finance
EVT,Eaton Vance Tax Advantaged Dividend Income Fund Common Shares of Beneficial Interest,27.38,0.0,151215,Finance
EVOX,Evolution Global Acquisition Corp Class A Ordinary Shares,10.13,0.0,4411,Finance
PMTV,PennyMac Mortgage Investment Trust 9.00% Senior Notes due 2030,25.18,0.0,49608,Real Estate
SAAQW,Space Asset Acquisition Corp. Warrants,0.53,0.0,709,Finance
TVACW,Texas Ventures Acquisition III Corp Warrants,0.2111,0.0,14402,Uncategorized
TVACU,Texas Ventures Acquisition III Corp Unit,10.7,0.0,1,Finance
TVA,Texas Ventures Acquisition III Corp Class A Ordinary Share,10.59,0.0,18959,Uncategorized
BLZRW,Trailblazer Acquisition Corp. Warrant,0.39,0.0,827,Finance
TSI,TCW Strategic Income Fund Inc. Common Stock,4.24,0.0,134851,Finance
LFAC,Leapfrog Acquisition Corporation Class A Ordinary Shares,10.07,0.0,13,Finance
MUZEW,Muzero Acquisition Corp Warrant,0.34,0.0,8348,Finance
MUZE,Muzero Acquisition Corp Class A Ordinary Shares,10.01,0.0,2200,Finance
LKSPR,Lake Superior Acquisition Corp. Rights,1.35,0.0,19466,Uncategorized
LKSP,Lake Superior Acquisition Corp. Class A Ordinary Shares,10.26,0.0,10,Uncategorized
BREZR,Breeze Acquisition Corp. II Right,0.29,0.0,3475,Finance
PMTR,Perimeter Acquisition Corp. I Class A Ordinary Shares,10.43,0.0,315559,Finance
JOF,Japan Smaller Capitalization Fund Inc Common Stock,12.64,0.0,54121,Finance
DRDBW,Roman DBDR Acquisition Corp. II Warrants,0.1491,0.0,40,Uncategorized
BUI,BlackRock Utility Infrastructure & Power Opportunities Trust,24.69,0.0,106121,Finance
BRRKU,Bluerock Acquisition Corp. II Units,10.06,0.0,2379,Uncategorized
BRKH,Burtech Acquisition Corp II Class A Ordinary Shares,10.01,0.0,54,Finance
GECCG,Great Elm Capital Corp. 7.75% Notes Due 2030,24.8,0.0,622,Finance
GDO,Western Asset Global Corporate Opportunity Fund Inc. Common Stock,9.72,0.0,22411,Finance
GDL,GDL Fund The Common Shares of Beneficial Interest,8.3,0.0,18235,Finance
POLEW,Andretti Acquisition Corp. II Warrant,0.1099,0.0,53,Uncategorized
BRW,Saba Capital Income & Opportunities Fund SBI,5.96,0.0,270431,Finance
GECCI,Great Elm Capital Corp. 8.50% NOTES DUE 2029,25.03,0.0,1643,Finance
BRTM,B&R Technology Merger Corp. Class A Ordinary Shares,9.8,0.0,688,Finance
BTT,BlackRock Municipal 2030 Target Term Trust,21.76,0.0,170887,Finance
BTO,John Hancock Financial Opportunities Fund Common Stock,36.16,0.0,40866,Finance
RWTP,Redwood Trust Inc. 9.125% Senior Notes Due 2030,22.2,0.0,2842,Real Estate
EFR,Eaton Vance Senior Floating-Rate Fund Common Shares of Beneficial Interest,10.19,0.0,138759,Finance
EEA,The European Equity Fund Inc. Common Stock,10.3,0.0,2332,Finance
CAES,Cantor Equity Partners VII Inc. Class A Ordinary Shares,10.05,0.0,24760,Finance
BPAC,Blueport Acquisition Ltd Class A Ordinary Shares,10.19,0.0,24,Uncategorized
TRGSR,TRG Latin America Acquisitions Corp. Rights,0.1503,0.0,4,Finance
TRGS,TRG Latin America Acquisitions Corp. Class A Ordinary Shares,9.97,0.0,26496,Finance
PNI,Pimco New York Municipal Income Fund II Common Shares of Beneficial Interest,6.13,0.0,78240,Finance
BRTMU,B&R Technology Merger Corp. Units,9.98,0.0,278,Uncategorized
BLRK,Bluerock Acquisition Corp. Class A Ordinary Shares,10.13,0.0,4527,Uncategorized
JRS,Nuveen Real Estate Income Fund Common Shares of Beneficial Interest,7.23,0.0,100510,Finance
JRI,Nuveen Real Asset Income and Growth Fund Common Shares of Beneficial Interest,10.65,0.0,327620,Finance
JQC,Nuveen Credit Strategies Income Fund Shares of Beneficial Interest,4.62,0.0,1014318,Finance
RCG,RENN Fund Inc Common Stock,2.9784,0.0,477,Finance
RCD,Ready Capital Corporation 9.00% Senior Notes due 2029,22.68,0.0,19026,Real Estate
FGSN,F&G Annuities & Life Inc. 7.300% Junior Subordinated Notes due 2065,19.0,0.0,26234,Finance
PLMKU,Plum Acquisition Corp. IV Unit,10.76,0.0,5,Uncategorized
BIXIW,Bitcoin Infrastructure Acquisition Corp Ltd. Warrant,0.3003,0.0,100,Uncategorized
EURKR,Eureka Acquisition Corp Right,0.2701,0.0,48,Consumer Discretionary
BSL,Blackstone Senior Floating Rate 2027 Term Fund Common Shares of Beneficial Interest,12.92,0.0,28940,Finance
EDF,Virtus Stone Harbor Emerging Markets Income Fund Common Shares of Beneficial Interest,4.68,0.0,411021,Finance
SAAQU,Space Asset Acquisition Corp. Units,10.19,0.0,228,Finance
ZTR,Virtus Total Return Fund Inc.,5.95,0.0,159462,Finance
ECF,Ellsworth Growth and Income Fund Ltd.,11.85,0.0,78297,Finance
ECCU,Eagle Point Credit Company 7.75% Notes due 2030,24.9,0.0,1890,Uncategorized
RWTS,Redwood Trust Inc. 9.75% Senior Notes Due 2031,20.905,0.0,50267,Real Estate
RWTQ,Redwood Trust Inc. 9.500% Senior Notes Due 2030,20.94,0.0,19687,Real Estate
TVIVU,Texas Ventures Acquisition IV Corp Units,10.04,0.0,179,Uncategorized
TVIV,Texas Ventures Acquisition IV Corp Class A Ordinary Shares,9.95,0.0,28658,Uncategorized
TVE,Tennessee Valley Authority,23.195,0.0,10977,Utilities
JONER,Jones Ventures INTL Acquisition1 Corp Rights,0.1499,0.0,30,Finance
EURK,Eureka Acquisition Corp Class A Ordinary Share,11.55,0.0,16,Uncategorized
FGII,FG Imperii Acquisition Corp. Class A Ordinary Shares,10.03,0.0,61156,Finance
NOEMR,CO2 Energy Transition Corp. Right,0.1824,0.0,200,Uncategorized
NOEM,CO2 Energy Transition Corp. Common Stock,10.51,0.0,22,Uncategorized
CTGG,Qwest Corporation 6.500% Senior Notes due 2051,15.2,0.0,34128,Telecommunications
CTAAR,ClearThink 1 Acquisition Corp. Rights,0.175,0.0,187,Finance
CTAA,ClearThink 1 Acquisition Corp. Class A Ordinary Shares,9.95,0.0,10,Finance
CUBWW,Lionheart Holdings Warrant,0.12,0.0,1614,Industrials
JATT,JATT II Acquisition Corp Ordinary Shares,10.73,0.0,20888,Finance
RIV,RiverNorth Opportunities Fund Inc. Common Stock,10.4,0.0,67083,Finance
EVG,Eaton Vance Short Diversified Income Fund Eaton Vance Short Duration Diversified Income Fund Common Shares of Beneficial Interest,9.98,0.0,135773,Finance
BLRKU,Bluerock Acquisition Corp. Unit,10.2,0.0,1,Uncategorized
GHXIU,Gores Holdings XI Inc. Units,10.18,0.0,15,Uncategorized
GHXI,Gores Holdings XI Inc. Class A Ordinary Shares,9.9906,0.0,911,Uncategorized
GGN,GAMCO Global Gold Natural Resources & Income Trust,5.25,0.0,332908,Finance
GF,New Germany Fund Inc. (The) Common Stock,10.49,0.0,35892,Finance
PMTW,PennyMac Mortgage Investment Trust 9.00% Senior Notes due 2030,25.11,0.0,18963,Real Estate
TVC,Tennessee Valley Authority Common Stock,23.7201,0.0,5809,Utilities
BOE,Blackrock Enhanced Global Dividend Trust Common Shares of Beneficial Interest,11.67,0.0,149927,Finance
BREZ,Breeze Acquisition Corp. II Ordinary Shares,10.06,0.0,12,Finance
BLZRU,Trailblazer Acquisition Corp. Unit,10.39,0.0,548,Uncategorized
BLZR,Trailblazer Acquisition Corp. Class A Ordinary Shares,10.25,0.0,31,Finance
BLRKW,Bluerock Acquisition Corp. Warrants,0.33,0.0,196,Uncategorized
EURKU,Eureka Acquisition Corp Unit,11.72,0.0,100,Consumer Discretionary
FWACW,Futurewave Acquisition Corporation Warrants,0.0341,0.0,4318,Finance
FWACU,Futurewave Acquisition Corporation Units,10.0996,0.0,10,Finance
FWACR,Futurewave Acquisition Corporation Rights,0.15,0.0,40,Finance
FWAC,Futurewave Acquisition Corporation Ordinary Shares,9.95,0.0,203927,Finance
FVAV,Fortress Value Acquisition Corp. V Class A Ordinary Shares,10.25,0.0,9,Uncategorized
GAINI,Gladstone Investment Corporation 7.875% Notes due 2030,25.35,0.0,10754,Finance
LCCC,Lakeshore Acquisition III Corp. Ordinary Shares,10.54,0.0,6,Finance
NAD,Nuveen Quality Municipal Income Fund Common Stock,9.96,0.0,2111137,Finance
NAC,Nuveen California Quality Municipal Income Fund,9.99,0.0,2230905,Finance
CAII,Collective Acquisition Corp. II Class A Ordinary Shares,10.01,0.0,10,Finance
NMS,Nuveen Minnesota Quality Municipal Income Fund ,9.76,0.0,28263,Finance
GAING,Gladstone Investment Corporation 7.125% Notes due 2031,25.248,0.0,9893,Finance
FXAC,FortuneX Acquisition Corporation Ordinary shares,10.08,0.0,250,Finance
GCGRU,General Catalyst Global Resilience Merger Corp. Units,10.2593,0.0,177,Uncategorized
TDWD,Tailwind 2.0 Acquisition Corp. Class A Ordinary Shares,10.13,0.0,737759,Finance
TDF,Templeton Dragon Fund Inc. Common Stock,9.6,0.0,56050,Finance
TDACW,Translational Development Acquisition Corp. Warrants,1.2575,0.0,2660,Uncategorized
TDAC,Translational Development Acquisition Corp. Ordinary Shares,10.825,0.0,4863,Uncategorized
CCXIU,Churchill Capital Corp XI Units,12.5,0.0,253,Finance
CCXI,Churchill Capital Corp XI Class A Ordinary Shares,12.07,0.0,1572426,Finance
CCIIW,Cohen Circle Acquisition Corp. II Warrant,0.68,0.0,54,Uncategorized
KTN,Structured Products Corp 8.205% CorTS 8.205% Corporate Backed Trust Securities (CorTS),25.7,0.0,2370,Finance
CAF,Morgan Stanley China A Share Fund Inc. Common Stock,17.62,0.0,13949,Finance
DRDB,Roman DBDR Acquisition Corp. II Ordinary shares,10.72,0.0,30242,Uncategorized
CCAQ,Collective Acquisition Corp. Class A Ordinary Shares,10.49,0.0,114,Finance
CCII,Cohen Circle Acquisition Corp. II Class A Ordinary Shares,10.29,0.0,49936,Uncategorized
CCD,Calamos Dynamic Convertible & Income Fund Common Stock,22.9,0.0,62388,Finance
TCGX,TCGX Acquisition Corp. Class A Ordinary Shares,12.75,0.0,319,Uncategorized
TBCVW,Thunder Bridge Capital Partners V Ltd. Warrants,0.32,0.0,5002,Finance
TBCVU,Thunder Bridge Capital Partners V Ltd. Units,9.92,0.0,15775,Finance
TBCV,Thunder Bridge Capital Partners V Ltd. Class A Ordinary Shares,9.83,0.0,98850,Finance
CCXIW,Churchill Capital Corp XI Warrants,5.64,0.0,19097,Uncategorized
TAVIU,Tavia Acquisition Corp. Unit,10.9,0.0,9,Finance
LATA,Galata Acquisition Corp. II Class A Ordinary Shares,10.21,0.0,43,Finance
TAVI,Tavia Acquisition Corp. Ordinary Shares,10.7701,0.0,340,Finance
FIGX,FIGX Capital Acquisition Corp. Class A Ordinary Share,10.32,0.0,48,Finance
RACC,Research Alliance Corporation III Class A Ordinary Shares,10.37,0.0,36007,Finance
RA,Brookfield Real Assets Income Fund Inc. Common Stock,11.42,0.0,407924,Finance
JPC,Nuveen Preferred & Income Opportunities Fund,6.63,0.0,3680673,Finance
THEOU,BOA Acquisition Corp. II Units,10.2,0.0,14,Finance
THEO,BOA Acquisition Corp. II Class A Ordinary Shares,9.9106,0.0,40605,Finance
CATL, Catalyst Acquisition Corp. Class A Ordinary Share,9.82,0.0,63219,Finance
NBH,Neuberger Municipal Fund Inc. Common Stock,8.99,0.0,195130,Finance
NBB,Nuveen Taxable Municipal Income Fund Common Shares of Beneficial Interest,14.08,0.0,67694,Finance
NAZ,Nuveen Arizona Quality Municipal Income Fund Common Stock,10.99,0.0,10738,Finance
TAVIR,Tavia Acquisition Corp. Right,0.0808,0.0,115,Finance
GCGR,General Catalyst Global Resilience Merger Corp. Class A Ordinary Shares,10.131,0.0,230,Uncategorized
GECCH,Great Elm Capital Corp. 8.125% Notes Due 2029,25.0,0.0,67,Uncategorized
IGACR,Invest Green Acquisition Corporation Rights,0.1521,0.0,31107,Uncategorized
IGAC,Invest Green Acquisition Corporation Class A Ordinary Shares,10.1,0.0,1030,Finance
IGA,Voya Global Advantage and Premium Opportunity Fund Common Shares of Beneficial Interest,9.85,0.0,193033,Finance
IFN,Aberdeen India Fund Inc. Common Stock,10.45,0.0,272078,Finance
IEAG,Infinite Eagle Acquisition Corp. Class A Ordinary Shares,10.18,0.0,14,Finance
IDE,Voya Infrastructure Industrials and Materials Fund Common Shares of Beneficial Interest,11.88,0.0,111370,Finance
ONCHW,1RT Acquisition Corp. Warrant,0.4499,0.0,14,Finance
ONCH,1RT Acquisition Corp. Class A Ordinary Share,10.34,0.0,10,Uncategorized
KTH,Structures Products Cp 8% CorTS Issued by Peco Energy Cap Tr II Preferred Stock,28.67,0.0,1069,Finance
TLNC,Talon Capital Corp. Class A Ordinary Shares,10.3,0.0,76,Finance
TLACU,Three Lions Acquisition Corp. Units,9.93,0.0,4073,Uncategorized
TLAC,Three Lions Acquisition Corp. Ordinary Shares,9.83,0.0,8736,Uncategorized
CAPN,Cayson Acquisition Corp Ordinary shares,11.25,0.0,93,Uncategorized
TMUSZ,T-Mobile US Inc. 5.500% Senior Notes due March 2070,18.63,0.0,19808,Telecommunications
TMUSL,T-Mobile US Inc. 6.250% Senior Notes due 2069,21.5,0.0,15428,Telecommunications
TMUSI,T-Mobile US Inc. 5.500% Senior Notes due June 2070,18.87,0.0,21186,Telecommunications
TMTS,Spartacus Acquisition Corp. II Class A Ordinary Shares,10.03,0.0,9306,Uncategorized
BWG,BrandywineGLOBAL Global Income Opportunities Fund Inc.,6.86,0.0,132878,Finance
OCCIM,OFS Credit Company Inc. 7.875% Series F Term Preferred Stock,24.85,0.0,2321,Uncategorized
CTHH,Qwest Corporation 6.750% Senior Notes due 2052,15.6,0.0,40163,Telecommunications
POLE,Andretti Acquisition Corp. II Class A Ordinary Shares,10.74,0.0,844,Uncategorized
THW,abrdn World Healthcare Fund Shares of Beneficial Interest,12.26,0.0,188010,Finance
THQ,abrdn Healthcare Opportunities Fund Shares of Beneficial Interest,17.75,0.0,122985,Finance
MYXXR,Maywood Acquisition Corp. 2 Rights,0.1823,0.0,1,Finance
MYX,Maywood Acquisition Corp. 2 Class A Ordinary Share,10.03,0.0,13,Finance
MYN,Blackrock MuniYield New York Quality Fund Inc.Common Stock,8.75,0.0,413153,Finance
MXF,Mexico Fund Inc. (The) Common Stock,20.05,0.0,67697,Finance
MXE,Mexico Equity and Income Fund Inc. (The) Common Stock,12.49,0.0,485,Finance
LGI,Lazard Global Total Return and Income Fund Common Stock,16.94,0.0,32264,Uncategorized
CAQUU,Cambridge Acquisition Corp. Unit,10.07,0.0,13,Uncategorized
CAQ,Cambridge Acquisition Corp. Class A Ordinary Shares,10.0,0.0,56,Uncategorized
SCPQ,Social Commerce Partners Corporation Class A Ordinary Shares,10.07,0.0,6509,Uncategorized
CATLU,Catalyst Acquisition Corp. Units,9.96,0.0,2,Finance
CCCT,Columbus Circle Capital Corp III Class A Ordinary Shares,9.84,0.0,19562,Uncategorized
CCAQW,Collective Acquisition Corp. Warrants,0.1676,0.0,20859,Finance
CCAQU,Collective Acquisition Corp. Units,10.68,0.0,10,Finance
LEDRU,Leader's Advantage Acquisition Corp. Units,9.9693,0.0,200,Finance
LDP,Cohen & Steers Limited Duration Preferred and Income Fund Inc.,18.99,0.0,111947,Finance
CAIIU,Collective Acquisition Corp. II Units,10.0501,0.0,5,Finance
DRDBU,Roman DBDR Acquisition Corp. II Unit,10.72,0.0,114,Uncategorized
DNMXW,Dynamix Corporation III Warrants,0.23,0.0,1,Finance
DNMX,Dynamix Corporation III Class A Ordinary Shares,10.07,0.0,9502,Finance
SCPQU,Social Commerce Partners Corporation Unit,10.3,0.0,100,Uncategorized
TEI,Templeton Emerging Markets Income Fund Inc. Common Stock,6.05,0.0,199103,Finance
ABR^D,Arbor Realty Trust 6.375% Series D Cumulative Redeemable Preferred Stock Liquidation Preference $25.00 per Share,13.36,,17954,Uncategorized
ABR^E,Arbor Realty Trust 6.25% Series E Cumulative Redeemable Preferred Stock,13.2,,7697,Uncategorized
ABR^F,Arbor Realty Trust 6.25% Series F Fixed-to-Floating Rate Cumulative Redeemable Preferred Stock Liquidation Preference $25.00 per share,18.17,,20011,Uncategorized
ACP^A,abrdn Income Credit Strategies Fund 5.250% Series A Perpetual Preferred Stock,17.85,,10712,Uncategorized
ACR^C,ACRES Commercial Realty Corp. 8.625% Fixed-to-Floating Series C Cumulative Redeemable Preferred Stock ,22.89,,19732,Uncategorized
ACR^D,ACRES Commercial Realty Corp. 7.875% Series D Cumulative Redeemable Preferred Stock,17.05,,10891,Uncategorized
ADC^A,Agree Realty Corporation Depositary Shares each representing 1/1000th of a 4.250% Series A Cumulative Redeemable Preferred Stock,15.92,,6900,Uncategorized
AGM^D,Federal Agricultural Mortgage Corporation 5.700% Non-Cumulative Preferred Stock Series D,19.1,,5767,Uncategorized
AGM^E,Federal Agricultural Mortgage Corporation 5.750% Non-Cumulative Preferred Stock Series E,19.03,,20307,Uncategorized
AGM^F,Federal Agricultural Mortgage Corporation 5.250% Non-Cumulative Preferred Stock Series F,17.5,,20057,Uncategorized
AGM^G,Federal Agricultural Mortgage Corporation 4.875% Non-Cumulative Preferred Stock Series G,16.56,,30501,Uncategorized
AGM^H,Federal Agricultural Mortgage Corporation 6.500% Non-Cumulative Preferred Stock Series H,21.49,,4085,Uncategorized
AGM^I,Federal Agricultural Mortgage Corporation 6.875% Non-Cumulative Preferred Stock Series I,23.62,,12057,Uncategorized
AHRT^A,AH Realty Trust Inc. 6.75% Series A Cumulative Redeemable Perpetual Preferred Stock,20.295,,4266,Uncategorized
AHT^D,Ashford Hospitality Trust Inc 8.45% Series D Cumulative Preferred Stock,4.35,,1422,Uncategorized
AHT^F,Ashford Hospitality Trust Inc 7.375% Series F Cumulative Preferred Stock,4.05,,436,Uncategorized
AHT^G,Ashford Hospitality Trust Inc 7.375% Series G Cumulative Preferred Stock,3.94,,1664,Uncategorized
AHT^H,Ashford Hospitality Trust Inc 7.50% Series H Cumulative Preferred Stock,3.9415,,1150,Uncategorized
AHT^I,Ashford Hospitality Trust Inc 7.50% Series I Cumulative Preferred Stock,4.13,,2333,Uncategorized
ALB^A,Albemarle Corporation Depositary Shares each representing a 1/20th of 7.25% Series A Mandatory Convertible Preferred Stock,45.01,,17329,Uncategorized
ALL^B,Allstate Corporation (The) 5.100% Fixed-to-Floating Rate Subordinated Debentures due 2053,25.77,,17259,Uncategorized
ALL^H,Allstate Corporation (The) Depositary Shares each representing a 1/1000th interest in a share of Fixed Rate Noncumulative Perpetual Preferred Stock Series H,17.73,,164822,Uncategorized
ALL^I,Allstate Corporation (The) Depositary Shares each representing a 1/1000th interest in a share of Fixed Rate Noncumulative Perpetual Preferred Stock Series I,16.8,,59752,Uncategorized
ALL^J,Allstate Corporation (The) Depositary Shares each representing a 1/1000th interest in a share of Fixed Rate Noncumulative Perpetual Preferred Stock Series J,25.4,,79766,Uncategorized
ALTG^A,Alta Equipment Group Inc. Depositary Shares (each representing 1/1000th in a share of 10% Series A Cumulative Perpetual Preferred Stock),25.93,,2558,Uncategorized
AMH^G,American Homes 4 Rent Series G cumulative redeemable perpetual preferred shares of beneficial interest,20.81,,6518,Uncategorized
AMH^H,American Homes 4 Rent Series H cumulative redeemable perpetual Preferred Shares of Beneficial Interest,22.3,,11328,Uncategorized
ANG^D,American National Group Inc. Depositary Shares each representing a 1/1000th interest in a share of 7.375% Fixed-Rate Non-Cumulative Preferred Stock Series D,23.7,,19948,Uncategorized
ARES^B,Ares Management Corporation 6.75% Series B Mandatory Convertible Preferred Stock,38.45,,73650,Uncategorized
ARR^C,ARMOUR Residential REIT Inc. 7% Series C Cumulative Redeemable Preferred Stock (liquidation preference $25.00 per share),19.1499,,22444,Uncategorized
ASB^E,Associated Banc-Corp Depositary Shares each representing a 1/40th interest in a share of 5.875% Non-Cumulative Perpetual Preferred Stock Series E,19.24,,6736,Uncategorized
ASB^F,Associated Banc-Corp Depositary Shares each representing a 1/40th interest in a share of Associated Banc-Corp 5.625% Non-Cumulative Perpetual Preferred Stock Series F,18.6701,,15336,Uncategorized
AUB^A,Atlantic Union Bankshares Corporation Depositary Shares each representing a 1/400th ownership interest in a share of 6.875% Perpetual Non-Cumulative Preferred Stock Series A,23.11,,7148,Uncategorized
BA^A,Boeing Company (The) Depositary Shares each representing a 1/20th interest in a share of 6.00% Series A Mandatory Convertible Preferred Stock par value $1.00,60.07,,63065,Uncategorized
BAC^B,Bank of America Corporation Depositary Shares each representing a 1/1000th interest in a share of 6.000% Non-Cumulative Preferred Stock Series GG,22.24,,155680,Uncategorized
BAC^E,Bank of America Corporation Depositary Sh repstg 1/1000th Perp Pfd Ser E,18.7,,19983,Uncategorized
BAC^K,Bank of America Corporation Depositary Shares each representing a 1/1000th interest in a share of 5.875% Non- Cumulative Preferred Stock Series HH,21.21,,140926,Uncategorized
BAC^L,Bank of America Corporation Non Cumulative Perpetual Conv Pfd Ser L,1195.0,,6317,Uncategorized
BAC^M,Bank of America Corporation Depositary Shares each representing a 1/1000th interest in a share of 5.375% Non-Cumulative Preferred Stock Series KK,19.07,,147500,Uncategorized
BAC^N,Bank of America Corporation Depositary shares each representing 1/1000th interest in a share of 5.000% Non-Cumulative Preferred Stock Series LL,17.84,,148028,Uncategorized
BAC^O,Bank of America Corporation Depositary shares each representing 1/1000th interest in a share of 4.375% Non-Cumulative Preferred Stock Series NN,15.7,,151623,Uncategorized
BAC^P,Bank of America Corporation Depositary Shares each representing a 1/1000th interest in a share of 4.125% Non-Cumulative Preferred Stock Series PP,15.21,,76351,Uncategorized
BAC^Q,Bank of America Corporation Depositary shares each representing 1/1000th interest in a share of 4.250% Non-Cumulative Preferred Stock Series QQ,15.28,,250345,Uncategorized
BAC^S,Bank of America Corporation Depositary shares each representing 1/1000th interest in a share of 4.750% Non-Cumulative Preferred Stock Series SS,17.01,,78912,Uncategorized
BANC^F,Banc of California Inc. Depositary Shares each representing a 1/40th interest in a share of 7.75% non-cumulative perpetual preferred stock Series F,24.82,,44332,Uncategorized
BC^C,Brunswick Corporation 6.375% Notes due 2049,22.63,,18732,Uncategorized
BCV^A,Bancroft Fund Limited 5.375% Series A Cumulative Preferred Shares,18.9702,,9,Uncategorized
BF/A,Brown Forman Corporation,26.79,,121331,Uncategorized
BF/B,Brown Forman Corporation,26.27,,2326059,Uncategorized
BFH^A,Bread Financial Holdings Inc. Depositary Shares each representing a 1/40th interest in a share of 8.625% Non-Cumulative Perpetual Preferred Stock Series A,24.3301,,3331,Uncategorized
BFH^B,Bread Financial Holdings Inc. Depositary Shares each representing a 1/40th interest in a share of 8.875% Fixed Rate Reset Non-Cumulative Perpetual Preferred Stock Series B,24.36,,10782,Uncategorized
BFS^D,Saul Centers Inc. Depositary Shares each representing 1/100th of a share of 6.125% Series D Cumulative Redeemable Preferred Stock,19.13,,2335,Uncategorized
BFS^E,Saul Centers Inc. Depositary shares each representing a 1/100th fractional interest in a share of 6.000% Series E Cumulative Redeemable Preferred Stock,18.55,,3929,Uncategorized
BHR^B,Braemar Hotels & Resorts Inc. 5.50% Series B Cumulative Convertible Preferred Stock par value $0.01 per share,12.24,,3847,Uncategorized
BHR^D,Braemar Hotels & Resorts Inc. 8.25% Series D Cumulative Preferred Stock  par value $0.01 per share,16.02,,6169,Uncategorized
BIO/B,Bio-Rad Laboratories Inc.,365.08,,13,Uncategorized
BML^G,Bank of America Corporation Depositary Shares (Each representing a 1/1200th interest in a share of Floating Rate Non-Cumulative Preferred Stock  Series 1),18.3571,,7897,Uncategorized
BML^H,Bank of America Corporation Depositary Shares (Each representing a 1/1200th interest in a Share of Floating Rate Non-Cumulative Preferred Stock Series 2),18.18,,21135,Uncategorized
BML^J,Bank of America Corporation Depositary Shares (Each representing a 1/1200th interest in a Share of Floating Rate Non-Cumulative Preferred Stock Series 4),19.79,,15419,Uncategorized
BML^L,Bank of America Corporation Depositary Shares (Each representing a 1/1200th Interest in a Share of Floating Rate Non-Cumulative Preferred Stock Series 5),19.9,,14405,Uncategorized
BNY^K,The Bank Of New York Mellon Corporation  Depositary Shares each representing a 1/4000th interest in a share of Series K Noncumulative Perpetual Preferred Stock,24.23,,96273,Uncategorized
BOH^A,Bank of Hawaii Corporation Depositary Shares Each Representing a 1/40th Interest in a Share of 4.375% Fixed Rate Non-Cumulative Perpetual Preferred Stock Series A,14.89,,2061,Uncategorized
BOH^B,Bank of Hawaii Corporation Depositary Shares Each Representing a 1/40th Interest in a Share of 8.000% Fixed Rate Non-Cumulative Perpetual Preferred Stock Series B,25.55,,23274,Uncategorized
BW^A,Babcock & Wilcox Enterprises Inc. 7.75% Series A Cumulative Perpetual Preferred Stock,18.86,,22033,Uncategorized
C^N,Citigroup Capital XIII 7.875% Fixed rate Floating Rate trust Preferred Securities (TruPS),26.48,,137865,Uncategorized
C^R,Citigroup Inc. Depositary Shares Each Representing a 1/1000th Interest in a Share of 6.250% Noncumulative Preferred Stock Series II,22.75,,150725,Uncategorized
CDR^B,Cedar Realty Trust Inc. 7.25% Series B Cumulative Redeemable Preferred Stock,16.2086,,386,Uncategorized
CDR^C,Cedar Realty Trust Inc. 6.50% Series C Cumulative Redeemable Preferred Stock,14.98,,14909,Uncategorized
CFG^E,Citizens Financial Group Inc. Depositary Shares Each Representing 1/40th Interest in a Share of 5.000% Fixed-Rate Non-Cumulative Perpetual Preferred Stock Series E,17.15,,102971,Uncategorized
CFG^H,Citizens Financial Group Inc. Depositary Shares Each Representing a 1/40th Interest in a Share of 7.375% Fixed-Rate Non-Cumulative Perpetual Preferred Stock Series H,25.32,,44743,Uncategorized
CFG^I,Citizens Financial Group Inc. Depositary Shares Each Representing a 1/40th Interest in a Share of 6.500% Fixed-Rate Reset Non-Cumulative Perpetual Preferred Stock Series I,23.96,,36115,Uncategorized
CFR^B,Cullen/Frost Bankers Inc. Depositary Shares each representing a 1/40th ownership interest in a share of 4.450% non-cumulative perpetual preferred stock Series B,15.55,,10872,Uncategorized
CIM^A,Chimera Investment Corporation 8.00% Series A Cumulative Redeemable Preferred Stock,19.3768,,8525,Uncategorized
CIM^B,Chimera Investment Corporation 8.00% Series B Fixed-to-Floating Rate Cumulative Redeemable Preferred Stock,23.2,,34934,Uncategorized
CIM^C,Chimera Investment Corporation 7.75% Series C Fixed-to-Floating Rate  Cumulative Redeemable  Preferred Stock,21.44,,33096,Uncategorized
CIM^D,Chimera Investment Corporation 8.00% Series D Fixed-to-Floating Rate Cumulative Redeemable Preferred Stock,23.33,,16280,Uncategorized
CLDT^A,Chatham Lodging Trust (REIT) 6.625% Series A Cumulative Redeemable Preferred Shares of Beneficial Interest,19.58,,18577,Uncategorized
CMS^B,CMS Energy Corporation Preferred Stock,76.74,,2184,Uncategorized
CMS^C,CMS Energy Corporation Depositary Shares each representing a 1/1000th interest in a share of 4.200% Cumulative Redeemable Perpetual Preferred Stock Series C,16.0,,31136,Uncategorized
CNO^A,CNO Financial Group Inc. 5.125% Subordinated Debentures due 2060,16.34,,189,Uncategorized
CODI^A,Compass Diversified Holdings 7.250% Series A Preferred Shares representing beneficial interest in Compass Diversified Holdings,18.82,,11495,Uncategorized
CODI^B,Compass Diversified Holdings 7.875% Series B Fixed-to-Floating Rate Cumulative Preferred Shares representing beneficial interests in Compass Diversified Holdings,22.31,,8799,Uncategorized
CODI^C,Compass Diversified Holdings 7.875% Series C Cumulative Preferred Shares,21.28,,16320,Uncategorized
COF^I,Capital One Financial Corporation Depositary shares each representing a 1/40th interest in a share of Fixed Rate Non-Cumulative Perpetual Preferred Stock Series I of the Issuer,16.61,,197214,Uncategorized
COF^J,Capital One Financial Corporation Depositary Shares Each Representing a 1/40th Interest in a Share of Fixed Rate Non- Cumulative Perpetual Preferred Stock Series J,16.09,,225345,Uncategorized
COF^K,Capital One Financial Corporation Depositary Shares Each Representing a 1/40th Ownership Interest in a Share of Fixed Rate Non-Cumulative Perpetual Preferred Stock Series K,15.5,,44051,Uncategorized
COF^L,Capital One Financial Corporation Depositary Shares Each Representing a 1/40th Interest in a Share of Fixed Rate Non-Cumulative Perpetual Preferred Stock Series L,14.6,,108329,Uncategorized
COF^N,Capital One Financial Corporation Depositary Shares Each Representing a 1/40th Ownership Interest in a Share of Fixed Rate Non-Cumulative Perpetual Preferred Stock Series N,14.48,,89692,Uncategorized
CRD/A,Crawford & Company,12.71,,36559,Uncategorized
CRD/B,Crawford & Company,12.16,,13920,Uncategorized
CTA^A,EIDP Inc. Preferred Stock $3.50 Series,47.5,,1106,Uncategorized
CTA^B,EIDP Inc. Preferred Stock $4.50 Series,60.5001,,4374,Uncategorized
CTO^A,CTO Realty Growth Inc. 6.375% Series A Cumulative Redeemable Preferred Stock,19.9465,,1836,Uncategorized
DCOM^,Dime Commercial Bancshares Inc. Preferred Stock Series A,16.71,,9433,Uncategorized
DLR^J,Digital Realty Trust Inc. 5.250% Series J Cumulative Redeemable Preferred Stock,18.42,,14171,Uncategorized
DLR^K,Digital Realty Trust Inc. 5.850% Series K Cumulative Redeemable Preferred Stock par value $0.01 per share,20.85,,24004,Uncategorized
DLR^L,Digital Realty Trust Inc. 5.200% Series L Cumulative Redeemable Preferred Stock,18.49,,24850,Uncategorized
DUK^A,Duke Energy Corporation Depositary Shares each representing a 1/1000th interest in a share of 5.75% Series A Cumulative Redeemable Perpetual Preferred Stock,21.67,,159676,Uncategorized
DX^C,Dynex Capital Inc. 6.900% Series C Fixed-to-Floating Rate Cumulative Redeemable Preferred Stock,25.7,,16733,Uncategorized
DX^D,Dynex Capital Inc. 9.375% Series D Fixed-Rate Cumulative Redeemable Preferred Stock,25.0,,158183,Uncategorized
ECC^D,Eagle Point Credit Company 6.75% Series D Preferred Stock,18.18,,3204,Uncategorized
ECF^A,Ellsworth Growth and Income Fund Ltd. 5.25% Series A Cumulative Preferred Shares (Liquidation Preference $25.00 per share),19.0,,149,Uncategorized
EFC^B,Ellington Financial Inc. 6.250% Series B Fixed-Rate Reset Cumulative Redeemable Preferred Stock,24.75,,9668,Uncategorized
EFC^C,Ellington Financial Inc. 8.625% Series C Fixed-Rate Reset Cumulative Redeemable Preferred Stock,25.2949,,1803,Uncategorized
EFC^D,Ellington Financial Inc. 7.00% Series D Cumulative Perpetual Redeemable Preferred Stock,23.0,,24,Uncategorized
EP^C,El Paso Corporation Preferred Stock,49.7702,,612,Uncategorized
EPR^C,EPR Properties 5.75% Series C Cumulative Convertible Preferred Shares,24.98,,19700,Uncategorized
EPR^E,EPR Properties Series E Cumulative Conv Pfd Shs Ser E,30.97,,1215,Uncategorized
EPR^G,EPR Properties 5.750% Series G Cumulative Redeemable Preferred Shares,19.555,,4356,Uncategorized
EQH^A,Equitable Holdings Inc. Depositary Shares,17.39,,78339,Uncategorized
EQH^C,Equitable Holdings Inc. Depositary Shares each representing a 1/1000th interest in a share of Fixed Rate Noncumulative Perpetual Preferred Stock Series C,15.34,,57162,Uncategorized
ETI^,Entergy Texas Inc 5.375% Series A Preferred Stock Cumulative No Par Value,20.78,,815,Uncategorized
F^B,Ford Motor Company 6.20% Notes due June 1 2059,19.12,,57495,Uncategorized
F^C,Ford Motor Company 6% Notes due December 1 2059,18.9,,67756,Uncategorized
F^D,Ford Motor Company 6.500% Notes due August 15 2062,19.85,,90293,Uncategorized
FBRT^E,Franklin BSP Realty Trust Inc. 7.50% Series E Cumulative Redeemable Preferred Stock,18.16,,25547,Uncategorized
FHN^E,First Horizon Corporation Depositary Shares each representing a 1/4000th interest in a share of Non-Cumulative Perpetual Preferred Stock Series E,21.35,,74541,Uncategorized
FHN^F,First Horizon Corporation Depositary Shares each representing 1/4000th Interest in a Share of Non-Cumulative Perpetual Preferred Stock Series F,15.4,,21745,Uncategorized
FHN^H,First Horizon Corporation Depositary Shares each representing a 1/4000th interest in a share of Non-Cumulative Perpetual Preferred Stock Series H,22.28,,183136,Uncategorized
FITB^A,Fifth Third Bancorp Depositary Shares each representing 1/40th share of Fifth Third 6.00% Non-Cumulative Perpetual Class B Preferred Stock Series A,21.6232,,9824,Uncategorized
FITB^I,Fifth Third Bancorp Depositary Share repstg 1/1000th Ownership Interest Perp Pfd Series I,25.35,,29396,Uncategorized
FITB^K,Fifth Third Bancorp Depositary Shares each representing a 1/1000th ownership interest in a share of Non-Cumulative Perpetual Preferred Stock Series K,17.42,,34074,Uncategorized
FITB^M,Fifth Third Bancorp Depositary Shares Representing a 1/40th Ownership Interest in a Share of 6.875% Fixed-Rate Reset Non-Cumulative Perpetual Preferred Stock Series M,25.05,,29989,Uncategorized
FLG^A,Flagstar Bank N.A. Depositary shares each representing a 1/40th interest in a share of Fixed-to-Floating Rate Series A Noncumulative Perpetual Preferred Stock,22.87,,37711,Uncategorized
FLG^U,Flagstar Bank N.A. Bifurcated Option Note Unit SecuritiES,36.88,,2031,Uncategorized
FOUR^A,Shift4 Payments Inc. 6.00% Series A Mandatory Convertible Preferred Stock,51.15,,20490,Uncategorized
FRT^C,Federal Realty Investment Trust Depositary Shares each representing a 1/1000th interest in a 5.000% Series C Cumulative Redeemable Preferred Share,18.22,,31918,Uncategorized
GAB^G,Gabelli Equity Trust Inc. (The) Series G Cumulative Preferred Stock,18.58,,6167,Uncategorized
GAB^H,Gabelli Equity Trust Inc. (The) Pfd Ser H,18.44,,35027,Uncategorized
GAB^K,Gabelli Equity Trust Inc. (The) 5.00% Series K Cumulative Preferred Stock,18.53,,16193,Uncategorized
GAM^B,General American Investors Company Inc. Cumulative Preferred Stock,22.37,,14607,Uncategorized
GDV^H,The Gabelli Dividend & Income Trust 5.375% Series H Cumulative Preferred Shares,20.7079,,5007,Uncategorized
GDV^K,The Gabelli Dividend & Income Trust 4.250% Series K Cumulative Preferred Shares,16.25,,6464,Uncategorized
GGN^B,GAMCO Global Gold Natural Reources & Income Trust 5.00% Series B Cumulative 25.00 Liquidation Preference,18.14,,8610,Uncategorized
GGT^E,Gabelli Multi-Media Trust Inc. (The) 5.125% Series E Cumulative Preferred Stock,19.98,,1594,Uncategorized
GGT^G,Gabelli Multi-Media Trust Inc. (The) 5.125% Series G Cumulative Preferred Shares,20.1,,716,Uncategorized
GL^D,Globe Life Inc. 4.25% Junior Subordinated Debentures due 2061,14.33,,14477,Uncategorized
GLU^B,The Gabelli Global Utility and Income Trust Series B Cumulative Puttable and Callable Preferred Shares,50.22,,126,Uncategorized
GNL^A,Global Net Lease Inc. 7.25% Series A Cumulative Redeemable Preferred Stock $0.01 par value per share,22.5858,,13881,Uncategorized
GNL^B,Global Net Lease Inc. 6.875% Series B Cumulative Redeemable Perpetual Preferred Stock,21.6,,9768,Uncategorized
GNL^D,Global Net Lease Inc. 7.50% Series D Cumulative Redeemable Perpetual Preferred Stock,22.71,,8079,Uncategorized
GNL^E,Global Net Lease Inc. 7.375% Series E Cumulative Redeemable Perpetual Preferred Stock,22.19,,3665,Uncategorized
GNT^A,GAMCO Natural Resources Gold & Income Tust  5.20% Series A Cumulative Preferred Shares (Liquidation Preference $25.00 per share),18.95,,722,Uncategorized
GPMT^A,Granite Point Mortgage Trust Inc. 7.00% Series A Fixed-to-Floating Rate Cumulative Redeemable Preferred Stock,13.76,,22912,Uncategorized
GPUS^D,Hyperscale Data Inc. 13.00% Series D Cumulative Redeemable Perpetual Preferred Stock,19.03,,1036,Uncategorized
GRBK^A,Green Brick Partners Inc. Depositary Shares (each representing a 1/1000th fractional interest in a share of 5.75% Series A Cumulative Perpetual Preferred Stock),20.02,,510,Uncategorized
GS^A,Goldman Sachs Group Inc. (The) Depositary Shares each representing 1/1000th Interest in a Share of Floating Rate Non-Cumulative Preferred Stock Series A,19.27,,53358,Uncategorized
GS^C,Goldman Sachs Group Inc. (The) Depositary Share repstg 1/1000th Preferred Series C,19.66,,14802,Uncategorized
GS^D,Goldman Sachs Group Inc. (The) Dep Shs repstg 1/1000 Pfd Ser D Fltg,18.83,,116548,Uncategorized
GUT^C,Gabelli Utility Trust (The) 5.375% Series C Cumulative Preferred Shares,19.905,,3173,Uncategorized
HEI/A,Heico Corporation,224.88,,328902,Uncategorized
HFRO^A,Highland Opportunities and Income Fund 5.375% Series A Cumulative Preferred Shares,15.65,,10944,Uncategorized
HFRO^B,Highland Opportunities and Income Fund 5.375% Series B Cumulative Preferred Shares,15.51,,27773,Uncategorized
HIG^G,The Hartford Insurance Group Inc. Depositary Shares each representing a 1/1000th interest in a share of 6.000% Non-Cumulative Preferred Stock Series G,22.075,,46317,Uncategorized
HL^B,Hecla Mining Company Preferred Stock,64.99,,13,Uncategorized
HPE^C,Hewlett Packard Enterprise Company 7.625% Series C Mandatory Convertible Preferred Stock,174.82,,219690,Uncategorized
HPP^C,Hudson Pacific Properties Inc. 4.750% Series C Cumulative Redeemable Preferred Stock,14.18,,6751,Uncategorized
HVT/A,Haverty Furniture Companies Inc.,28.09,,113,Uncategorized
IIPR^A,Innovative Industrial Properties Inc. 9.00% Series A Cumulative Redeemable Preferred Stock,24.35,,22983,Uncategorized
INN^E,Summit Hotel Properties Inc. 6.250% Series E Cumulative Redeemable Preferred Stock,17.135,,2777,Uncategorized
INN^F,Summit Hotel Properties Inc. 5.875% Series F Cumulative Redeemable Preferred Stock $0.01 par value per share,16.27,,3197,Uncategorized
IVR^C,INVESCO MORTGAGE CAPITAL INC 7.5% Fixed-to-Floating Series C Cumulative Redeemable Preferred Stock Liquation Preference $25.00 per Share,23.9,,16248,Uncategorized
JPM^C,J P Morgan Chase & Co Depositary Shares each representing a 1/400th interest in a share of 6.00% Non-Cumulative  Preferred Stock Series EE,22.66,,226418,Uncategorized
JPM^D,J P Morgan Chase & Co Depositary Shares each representing a 1/400th  interest in a share of 5.75% Non-Cumulative  Preferred Stock Series DD,21.52,,202721,Uncategorized
JPM^J,J P Morgan Chase & Co Depositary Shares each representing a 1/400th interest in a share of JPMorgan Chase & Co. 4.75% Non-Cumulative Preferred Stock Series GG,17.4,,159239,Uncategorized
JPM^K,J P Morgan Chase & Co Depositary Shares each representing a 1/400th interest in a share of 4.55% Non-Cumulative Preferred Stock Series JJ,16.72,,254395,Uncategorized
JPM^L,J P Morgan Chase & Co Depositary Shares each representing a 1/400th interest in a share of 4.625% Non-Cumulative Preferred Stock Series LL,16.96,,265026,Uncategorized
JPM^M,J P Morgan Chase & Co Depositary Shares each representing a 1/400th interest in a share of 4.20% Non-Cumulative Preferred Stock Series MM,15.72,,337230,Uncategorized
JXN^A,Jackson Financial Inc. Depositary Shares each representing a 1/1000th interest in a share of Fixed-Rate Reset Noncumulative Perpetual Preferred Stock Series A,25.67,,21698,Uncategorized
KEY^I,KeyCorp Depositary Shares Each Representing a 1/40th Ownership Interest in a Share of Fixed-to-Floating Rate Perpetual Non-Cumulative Preferred Stock Series E,24.98,,48736,Uncategorized
KEY^J,KeyCorp Depositary Shares each representing a 1/40th ownership interest in a share of Fixed Rate Perpetual Non-Cumulative Preferred Stock Series F,19.28,,46515,Uncategorized
KEY^K,KeyCorp Depositary Shares each representing a 1/40th ownership interest in a share of Fixed Rate Perpetual Non-Cumulative Preferred Stock Series G,19.23,,64354,Uncategorized
KEY^L,KeyCorp Depositary Shares each representing a 1/40th ownership interest in a share of Fixed Rate Perpetual Non-Cumulative Preferred Stock Series H,24.71,,71316,Uncategorized
KIM^L,Kimco Realty Corporation Class L Depositary Shares each of which represents a one-one thousandth fractional interest in a share of 5.125% Class L Cumulative Redeemable Preferred Stock liquidation preference $25000.00 per share,19.28,,31097,Uncategorized
KIM^M,Kimco Realty Corporation Class M Depositary Shares each of which represents a one-one thousandth fractional interest in a share of 5.25% Class M Cumulative Redeemable Preferred Stock liquidation preference $25000.00 per share,19.33,,27082,Uncategorized
KIM^N,Kimco Realty Corporation Depositary Shares each representing 1/1000th interest in a share of 7.25% Class N Cumulative Convertible Perpetual Preferred Stock,60.0,,16,Uncategorized
KKR^D,KKR & Co. Inc. 6.25% Series D Mandatory Convertible Preferred Stock,41.16,,43869,Uncategorized
KREF^A,KKR Real Estate Finance Trust Inc. 6.50% Series A Cumulative Redeemable Preferred Stock,18.48,,18883,Uncategorized
LFT^A,Lument Finance Trust Inc. 7.875% Series A Cumulative Redeemable Preferred Stock,16.05,,184,Uncategorized
LNC^D,Lincoln National Corporation Depositary Shares Each Representing a 1/1000th Interest in a Share of 9.000% Non-Cumulative Preferred Stock Series D,25.87,,53467,Uncategorized
LOB^A,Live Oak Bancshares Inc. Depositary Shares Each Representing a 1/40th Interest in a Share of 8.375% Fixed Rate Series A Non-Cumulative Perpetual Preferred Stock,24.87,,7018,Uncategorized
LXP^C,LXP Industrial Trust 6.5% Series C Cumulative Convertible Preferred Stock,49.3301,,3232,Uncategorized
MER^K,Bank of America Corporation Income Capital Obligation Notes initially due December 15 2066,23.11,,114867,Uncategorized
MET^A,MetLife Inc. Preferred Series A Floating Rate,21.26,,28621,Uncategorized
MET^E,MetLife Inc. Depositary Shares ,20.03,,122113,Uncategorized
MET^F,MetLife Inc. Depositary Shares each representing a 1/1000th interest in a share of 4.75% Non-Cumulative Preferred Stock Series F,16.86,,163500,Uncategorized
MFA^B,MFA Financial Inc. Preferred Series B,17.39,,39659,Uncategorized
MFA^C,MFA Financial Inc. 6.50% Series C Fixed-to-Floating Rate Cumulative Redeemable Preferred Stock,22.52,,71357,Uncategorized
MITT^A,TPG Mortgage Investment Trust Inc. 8.25% Series A Cumulative Redeemable Preferred Stock,19.3201,,4180,Uncategorized
MITT^B,TPG Mortgage Investment Trust Inc. 8.00% Series B Cumulative Redeemable Preferred Stock,18.55,,9180,Uncategorized
MITT^C,TPG Mortgage Investment Trust Inc. 8.00% Series C Fixed-to-Floating Rate Cumulative Redeemable Preferred Stock $0.01 par value per share,25.05,,14867,Uncategorized
MS^A,Morgan Stanley Dep Shs repstg 1/1000 Pfd Ser A,18.94,,73227,Uncategorized
MS^E,Morgan Stanley DEPOSITARY SHARES REP 1/1000TH SHARES FIXED/FLTG PREFERRED STOCK SERIES E,24.83,,193467,Uncategorized
MS^F,Morgan Stanley Dep Shs Rpstg 1/1000th Int Prd Ser F Fxd to Flag,24.02,,165903,Uncategorized
MS^I,Morgan Stanley Depository Shares Representing 1/1000th Preferred Series 1 Fixed to Floating Non (Cum),22.65,,143566,Uncategorized
MS^K,Morgan Stanley Depositary Shares each representing 1/1000th of a share of Fixed-to-Floating Rate Non-Cumulative Preferred Stock  Series K,20.71,,142371,Uncategorized
MS^L,Morgan Stanley Depositary Shares each representing 1/1000th of a share of 4.875% Non-Cumulative Preferred Stock Series L,17.54,,37250,Uncategorized
MS^O,Morgan Stanley Depositary Shares each representing 1/1000th of a share of 4.250% Non-Cumulative Preferred Stock Series O,15.19,,108931,Uncategorized
MS^P,Morgan Stanley Depositary Shares each representing 1/1000th of a share of 6.500% Non-Cumulative Preferred Stock Series P,23.09,,183637,Uncategorized
MS^Q,Morgan Stanley Depositary Shares each representing 1/1000th of a share of 6.625% Non-Cumulative Preferred Stock Series Q,23.67,,109478,Uncategorized
MTB^H,M&T Bank Corporation Perpetual Fixed-to-Floating Rate Non-Cumulative Preferred Stock Series H,25.055,,27953,Uncategorized
MTB^J,M&T Bank Corporation Depositary Shares each representing a 1/400th ownership interest in a share of Perpetual 7.500% Non-Cumulative Preferred Stock Series J,25.24,,67314,Uncategorized
MTB^K,M&T Bank Corporation Depositary Shares each representing a 1/400th interest in a share of Perpetual 6.350% Non-Cumulative Preferred Stock Series K,22.1701,,30600,Uncategorized
MTB^L,M&T Bank Corporation Depositary Shares each representing a 1/400th ownership interest in a share of Perpetual 6.625% Non-Cumulative Preferred Stock Series L,23.44,,45169,Uncategorized
NCV^A,Virtus Convertible & Income Fund 5.625% Series A Cumulative Preferred Shares,18.99,,27947,Uncategorized
NCZ^A,Virtus Convertible & Income Fund II 5.50% Series A Cumulative Preferred Shares,18.5,,13526,Uncategorized
NEE^N,NextEra Energy Capital Holdings Inc. Series N Junior Subordinated Debentures due March 1 2079,19.45,,124110,Uncategorized
NEE^S,NextEra Energy Inc. 7.299% Corporate Units,48.97,,17152,Uncategorized
NEE^T,NextEra Energy Inc. 7.234% Corporate Units,45.61,,70747,Uncategorized
NEE^U,NextEra Energy Inc. Series U Junior Subordinated Debentures due June 1 2085,22.4,,85672,Uncategorized
NEE^V,NextEra Energy Inc. 7.375% Corporate Units,43.09,,14824,Uncategorized
NEE^W,NextEra Energy Capital Holdings Inc. Series Z Junior Subordinated Debentures due April 15 2086,22.44,,91589,Uncategorized
NGL^B,NGL ENERGY PARTNERS LP 9.00% Class B Fixed-to-Floating Rate Cumulative Redeemable Perpetual Preferred Units representing limited partnership interests,25.62,,6782,Uncategorized
NGL^C,NGL ENERGY PARTNERS LP 9.625% Class C Fixed-to-Floating Rate Cumulative  Redeemable Perpetual Preferred Units representing  limited partner interests,25.68,,1455,Uncategorized
NLY^F,Annaly Capital Management Inc 6.95% Series F,25.28,,243164,Uncategorized
NLY^G,Annaly Capital Management Inc 6.50% Series G Fixed-to-Floating Rate Cumulative Redeemable Preferred Stock,25.16,,45293,Uncategorized
NLY^J,Annaly Capital Management Inc. 8.875% Series J Fixed-Rate Cumulative Redeemable Preferred Stock,25.89,,113174,Uncategorized
NREF^A,NexPoint Real Estate Finance Inc. 8.50% Series A Cumulative Redeemable Preferred Stock,24.71,,4518,Uncategorized
NXDT^A,NexPoint Diversified Real Estate Trust 5.50% Series A Cumulative Preferred Shares ($25.00 liquidation preference per share),12.9204,,857,Uncategorized
OAK^A,Brookfield Oaktree Holdings LLC 6.625% Series A Preferred Units,20.0801,,18915,Uncategorized
OAK^B,Brookfield Oaktree Holdings LLC 6.550% Series B Preferred Units,20.03,,13212,Uncategorized
OPP^A,RiverNorth/DoubleLine Strategic Opportunity Fund Inc. 4.375% Series A Cumulative Preferred Stock,14.845,,17198,Uncategorized
OPP^B,RiverNorth/DoubleLine Strategic Opportunity Fund Inc. 4.75% Series B Cumulative Preferred Stock,16.04,,15445,Uncategorized
OPP^C,RiverNorth/DoubleLine Strategic Opportunity Fund Inc. 6.00% Series C Term Preferred Stock (Liquidation Preference $10.00 per share),10.12,,878,Uncategorized
ORCL^D,Oracle Corporation Depositary Shares each representing a 1/2000th interest in a sh of 6.50% Series D Mandatory Convertible Preferred Stock,44.51,,575339,Uncategorized
PARA,Banzai International Inc. Class A Common Stock,0.5932,,308120,Industrials
PBI^B,Pitney Bowes Inc 6.70% Notes Due 2043,21.03,,25530,Uncategorized
PCG^A,Pacific Gas & Electric Co. 6% Preferred Stock,19.8011,,7900,Uncategorized
PCG^B,Pacific Gas & Electric Co. 5 1/2% Preferred Stock,17.92,,315,Uncategorized
PCG^C,Pacific Gas & Electric Co. 5% 1st Preferred Stock,16.995,,22,Uncategorized
PCG^D,Pacific Gas & Electric Co. 5% 1st  Red. Preferred Stock,16.6,,3529,Uncategorized
PCG^E,Pacific Gas & Electric Co. 5% 1st A Preferred Stock,16.6,,3568,Uncategorized
PCG^G,Pacific Gas & Electric Co. 4.80% 1st Preferred Stock,16.0,,1074,Uncategorized
PCG^H,Pacific Gas & Electric Co. 4.50% 1st Preferred Stock,15.51,,20,Uncategorized
PCG^I,Pacific Gas & Electric Co. 4.36% 1st Preferred Stock,14.53,,1480,Uncategorized
PCG^X,PG&E Corp 6.000% Series A Mandatory Convertible Preferred Stock,31.83,,10104,Uncategorized
PEB^E,Pebblebrook Hotel Trust 6.375% Series E Cumulative Redeemable Preferred Shares of Beneficial Interest,19.51,,174,Uncategorized
PEB^F,Pebblebrook Hotel Trust 6.3% Series F Cumulative Redeemable Preferred Shares of Beneficial Interest,19.6,,2692,Uncategorized
PEB^G,Pebblebrook Hotel Trust 6.375% Series G Cumulative Redeemable Preferred Shares of Beneficial Interest,19.39,,4341,Uncategorized
PEB^H,Pebblebrook Hotel Trust 5.700% Series H Cumulative Redeemable Preferred Shares of Beneficial Interest,17.97,,5697,Uncategorized
PINE^A,Alpine Income Property Trust Inc. 8.00% Series A Cumulative Redeemable Preferred Stock,25.25,,1818,Uncategorized
PMT^A,PennyMac Mortgage Investment Trust 8.125% Series A Fixed-to-Floating Rate Cumulative Redeemable Preferred Shares of Beneficial Interest,20.99,,17651,Uncategorized
PMT^B,PennyMac Mortgage Investment Trust 8.00% Series B Fixed-to-Floating Rate Cumulative Redeemable Preferred Shares of Beneficial Interest,20.99,,19774,Uncategorized
PMT^C,PennyMac Mortgage Investment Trust 6.75% Series C Cumulative Redeemable Preferred Shares of Beneficial Interest,16.25,,56023,Uncategorized
PNFP^A,Pinnacle Financial Partners Inc. Fixed-to-Floating Rate Non-Cumulative Perpetual Preferred Stock Series A,25.0301,,6046,Uncategorized
PNFP^B,Pinnacle Financial Partners Inc. Fixed-to-Floating Rate Non-Cumulative Perpetual Preferred Stock Series B,25.81,,6440,Uncategorized
PNFP^C,Pinnacle Financial Partners Inc. Fixed-to-Floating Rate Non-Cumulative Perpetual Preferred Stock Series C,23.4899,,53158,Uncategorized
PSA^F,Public Storage Depositary Shares Each Representing 1/1000 of a 5.15% Cumulative Preferred Share of Beneficial Interest Series F par value $0.01 per share,18.125,,29963,Uncategorized
PSA^G,Public Storage Depositary Shares Each Representing 1/1000 of a 5.05% Cumulative Preferred Share of Beneficial Interest Series G,17.6,,30086,Uncategorized
PSA^H,Public Storage Depositary Shares Each Representing 1/1000 of a  5.60% Cumulative Preferred  Share of Beneficial Interest Series H,20.02,,57964,Uncategorized
PSA^I,Public Storage Depositary Shares Each Representing 1/1000 of a 4.875% Cumulative Preferred Share of Beneficial Interest Series I par value $0.01 per share,17.02,,44418,Uncategorized
PSA^J,Public Storage Depositary Shares Each Representing 1/1000 of a 4.700% Cumulative Preferred Share of Beneficial Interest Series J par value $0.01 per share,16.64,,15298,Uncategorized
PSA^K,Public Storage Depositary Shares Each Representing 1/1000 of a 4.75% Cumulative Preferred Share of Beneficial Interest Series K,16.73,,41176,Uncategorized
PSA^L,Public Storage Depositary Shares Each Representing 1/1000 of a 4.625% Cumulative Preferred Share of Beneficial Interest Series L par value $0.01 per share,16.17,,95002,Uncategorized
PSA^M,Public Storage Depositary Shares Each Representing 1/1000 of a 4.125% Cumulative Preferred Share of Beneficial Interest Series M,14.38,,25163,Uncategorized
PSA^N,Public Storage Depositary Shares Each Representing 1/1000 of a 3.875% Cumulative Preferred Share of Beneficial Interest Series N,13.6627,,48014,Uncategorized
PSA^O,Public Storage Depositary Shares Each Representing 1/1000 of a 3.900% Cumulative Preferred Share of Beneficial Interest Series O,13.79,,87139,Uncategorized
PSA^P,Public Storage Depositary Shares Each Representing 1/1000 of a 4.000% Cumulative Preferred Share of Bene cial Interest Series P,13.93,,123545,Uncategorized
PSA^Q,Public Storage Depositary Shares Each Representing 1/1000 of a 3.950% Cumulative Preferred Share of Beneficial Interest Series Q par value $0.01 per share,13.795,,21831,Uncategorized
PSA^R,Public Storage Depositary Shares Each Representing 1/1000 of a 4.00% Cumulative Preferred Share of Bene cial Interest Series R,13.96,,74186,Uncategorized
PSA^S,Public Storage Depositary Shares Each Representing 1/1000 of a 4.100% Cumulative Preferred Share of Beneficial Interest Series S,14.45,,56958,Uncategorized
PSA^T,Public Storage 6.000% Cumulative Preferred Shares of beneficial interest Series T,20.9479,,46844,Uncategorized
PSA^U,Public Storage 6.000% Cumulative Preferred Shares of Beneficial Interest Series U,22.36,,7242,Uncategorized
PSEC^A,Prospect Capital Corporation 5.35% Series A Fixed Rate Cumulative Perpetual Preferred Stock,14.84,,9617,Uncategorized
PW^A,Power REIT 7.75% Series A Cumulative Perpetual Preferred Stock,8.46,,8438,Uncategorized
QXO^B,QXO Inc.  Depositary Shares each representing a 1/20th interest in a share of 5.50% Series B Mandatory Convertible Preferred Stock,38.405,,59648,Uncategorized
RC^C,Ready Capital Corporation 6.25% Series C Cumulative Convertible Preferred Stock,10.8401,,4316,Uncategorized
RC^E,Ready Capital Corporation 6.50% Series E Cumulative Redeemable Preferred Stock,11.295,,4310,Uncategorized
REXR^B,Rexford Industrial Realty Inc. 5.875% Series B Cumulative Redeemable Preferred Stock,21.26,,11263,Uncategorized
REXR^C,Rexford Industrial Realty Inc. 5.625% Series C Cumulative Redeemable Preferred Stock par value $0.01 per share,19.95,,16814,Uncategorized
RF^C,Regions Financial Corporation Depositary Shares each Representing a 1/40th Interest in a  Share of 5.700% Fixed-to-Floating Rate Non-Cumulative  Perpetual Preferred Stock Series C,24.42,,32467,Uncategorized
RF^E,Regions Financial Corporation Depositary Shares Each Representing a 1/40th Interest in a Share of 4.45% Non-Cumulative Perpetual Preferred Stock Series E,15.32,,49746,Uncategorized
RF^F,Regions Financial Corporation Depositary Shares Each Representing a 1/40th Interest in a Share of Non-Cumulative Perpetual Preferred Stock Series F,24.575,,43179,Uncategorized
RITM^A,Rithm Capital Corp. 7.50% Series A Fixed-to-Floating Rate Cumulative Redeemable Preferred Stock,25.51,,23001,Uncategorized
RITM^B,Rithm Capital Corp. 7.125% Series B Fixed-to-Floating Rate Cumulative Redeemable Preferred Stock,25.45,,12634,Uncategorized
RITM^C,Rithm Capital Corp. 6.375% Series C Fixed-to-Floating Rate Cumulative Redeemable Preferred Stock,24.66,,24410,Uncategorized
RITM^D,Rithm Capital Corp. 7.00% Fixed-Rate Reset Series D Cumulative Redeemable Preferred Stock,25.23,,99660,Uncategorized
RITM^E,Rithm Capital Corp. 8.75% Series E Fixed-Rate Cumulative Redeemable Preferred Stock,24.02,,38407,Uncategorized
RITM^F,Rithm Capital Corp. 8.750% Series F Fixed-Rate Reset Cumulative Redeemable Preferred Stock,24.59,,21453,Uncategorized
RIV^A,RiverNorth Opportunities Fund Inc. 6.00% Series A Perpetual Preferred Stock,20.32,,7609,Uncategorized
RLJ^A,RLJ Lodging Trust $1.95 Series A Cumulative Convertible  Preferred Shares,24.81,,42227,Uncategorized
RPT^C,Rithm Property Trust Inc. 9.875% Series C Fixed-to-Floating Rate Cumulative Redeemable Preferred Stock,24.975,,569,Uncategorized
RWT^A,Redwood Trust Inc. 10.00% Series A Fixed-Rate Reset Cumulative Redeemable Preferred Stock,19.25,,60218,Uncategorized
SACH^A,Sachem Capital Corp. 7.75% Series A Cumulative Redeemable Preferred Stock,18.71,,18061,Uncategorized
SCE^G,SCE Trust II Trust Preferred Securities,15.8676,,25661,Uncategorized
SCE^L,SCE TRUST VI,15.75,,15891,Uncategorized
SCE^M,SCE Trust VII 7.50% Trust Preference Securities,22.25,,45067,Uncategorized
SCE^N,SCE Trust VIII 6.95% Trust Preference Securities,20.7,,48066,Uncategorized
SCHW^D,The Charles Schwab Corporation Depositary Shares each representing 1/40th interest in a share of 5.95% Non-Cumulative Perpetual Preferred Stock Series D,21.365,,83129,Uncategorized
SCHW^J,The Charles Schwab Corporation Depositary Shares Each Representing a 1/40th Interest in a Share of 4.450% Non-Cumulative Perpetual Preferred Stock Series J,15.78,,139578,Uncategorized
SF^B,Stifel Financial Corporation Depositary Shares Each Representing 1/1000th  Interest in a Share of 6.25% Non-Cumulative  Preferred Stock Series B,23.74,,15466,Uncategorized
SF^C,Stifel Financial Corporation Depositary Shares Each Representing 1/1000th Interest in a Share of 6.125% Non Cumulative Preferred Stock Series C,20.53,,26030,Uncategorized
SF^D,Stifel Financial Corporation Depositary Shares Each Representing 1/1000th Interest in a Share of 4.50% Non-Cumulative Preferred Stock Series D,15.2,,17952,Uncategorized
SHO^H,Sunstone Hotel Investors Inc. 6.125% Series H Cumulative Redeemable Preferred Stock,22.13,,12121,Uncategorized
SHO^I,Sunstone Hotel Investors Inc. 5.70% Series I Cumulative Redeemable Preferred Stock,21.81,,2310,Uncategorized
SLG^I,SL Green Realty Corporation Preferred Series I,21.3,,13613,Uncategorized
SPE^C,Special Opportunities Fund Inc. 2.75% Convertible Preferred Stock Series C,24.78,,5910,Uncategorized
SPG^J,Simon Property Group Inc. Simon Property Group 8 3/8% Series J Cumulative Redeemable Preferred Stock,53.2,,297,Uncategorized
SRG^A,Seritage Growth Properties 7.00% Series A Cumulative Redeemable Preferred Shares of Beneficial Interest,20.8,,208,Uncategorized
STT^G,State Street Corporation Depositary shares each representing a 1/4000th ownership interest in a share of Fixed-to-Floating Rate Non-Cumulative,19.43,,52203,Uncategorized
SYF^A,Synchrony Financial Depositary Shares each Representing a 1/40th Interest in a Share of 5.625% Fixed Rate Non-Cumulative Perpetual Preferred Stock Series A,18.08,,93022,Uncategorized
SYF^B,Synchrony Financial Depositary Shares Each Representing a 1/40th Interest in a Share of 8.250% Fixed Rate Reset Non-Cumulative Perpetual Preferred Stock Series B,25.27,,26791,Uncategorized
T^A,AT&T Inc. Depositary Shares each representing a 1/1000th interest in a share of 5.000% Perpetual Preferred Stock Series A,17.19,,153589,Uncategorized
T^C,AT&T Inc. Depositary Shares each representing a 1/1000th interest in a share of 4.750% Perpetual Preferred Stock Series C,16.34,,282486,Uncategorized
TDS^U,Telephone and Data Systems Inc. Depositary Shares Each Representing a 1/1000th Interest in a 6.625% Series UU Cumulative Redeemable Perpetual Preferred Stock,19.595,,26138,Uncategorized
TDS^V,Telephone and Data Systems Inc. Depositary Shares Each Representing a 1/1000th Interest in a 6.000% Series VV Cumulative Redeemable Perpetual Preferred Stock,17.82,,29822,Uncategorized
TFC^I,Truist Financial Corporation Depositary Shares,18.31,,28389,Uncategorized
TFC^O,Truist Financial Corporation Depositary Shares Each Representing a 1/1000th Interest in a Share of Series O Non-Cumulative Perpetual Preferred Stock,18.36,,108408,Uncategorized
TFC^R,Truist Financial Corporation Depositary Shares each representing 1/1000th interest in a share of Series R Non-Cumulative Perpetual Preferred Stock,16.58,,106726,Uncategorized
TFIN^,Triumph Financial Inc. Depositary Shares Each Representing a 1/40th Interest in a Share of 7.125% Series C Fixed-Rate Non-Cumulative Perpetual Preferred Stock,21.625,,2474,Uncategorized
TRTN^A,Triton International Limited 8.50% Series A Cumulative Redeemable Perpetual  Preference Shares,25.455,,5567,Uncategorized
TRTN^B,Triton International Limited 8.00% Series B Cumulative Redeemable Perpetual Preference Shares,24.79,,6472,Uncategorized
TRTN^C,Triton International Limited 7.375% Series C Cumulative Redeemable Perpetual Preference Shares,22.34,,10802,Uncategorized
TRTN^D,Triton International Limited 6.875% Series D Cumulative Redeemable Perpetual Preference Shares,21.01,,2290,Uncategorized
TRTN^E,Triton International Limited 5.75% Series E Cumulative Redeemable Perpetual Preference Shares,17.73,,1569,Uncategorized
TRTN^F,Triton International Limited 7.625% Series F Cumulative Redeemable Perpetual Preference Shares,23.025,,18578,Uncategorized
TRTN^G,Triton International Limited 7.500% Series G Cumulative Redeemable Perpetual Preference Shares,22.61,,17378,Uncategorized
TRTX^C,TPG RE Finance Trust Inc. 6.25% Series C Cumulative Redeemable Preferred Stock $0.001 par value per share,16.11,,11544,Uncategorized
TY^,Tri Continental Corporation Preferred Stock,39.68,,674,Uncategorized
UMH^D,UMH Properties Inc. 6.375% Series D Cumulative Redeemable Preferred Stock Liquidation Preference $25 per share,21.08,,33528,Uncategorized
USB^A,U.S. Bancorp Depositary Shares Each representing a 1/100th interest in a share of Series A Non-CumulativePerpetual Pfd Stock,763.39,,256,Uncategorized
USB^H,U.S. Bancorp Depositary Shares repstg 1/1000th Pfd Ser B,18.28,,78139,Uncategorized
USB^P,U.S. Bancorp Depositary Shares each representing a 1/1000th interest in a share of Series K Non-Cumulative Perpetual Preferred Stock,19.71,,49861,Uncategorized
USB^Q,U.S. Bancorp Depositary Shares Each Representing a 1/1000th Interest in a Share of Series L Non-Cumulative Perpetual Preferred Stock,13.77,,84772,Uncategorized
USB^R,U.S. Bancorp Depositary Shares Each Representing a 1/1000th Interest in a Share of Series M Non-Cumulative Perpetual Preferred Stock,14.41,,129807,Uncategorized
USB^S,U.S. Bancorp Depositary Shares each representing a 1/1000th interest in a share of Series O Non-Cumulative Perpetual Preferred Stock,15.92,,62881,Uncategorized
VNO^L,Vornado Realty Trust Pfd Ser L %,16.85,,5824,Uncategorized
VNO^M,Vornado Realty Trust 5.25% Series M Cumulative Redeemable Preferred Shares of Beneficial Interest liquidation preference $25.00 per share no par value per share,17.0,,20955,Uncategorized
VNO^N,Vornado Realty Trust 5.25% Series N Cumulative Redeemable Preferred Shares of Beneficial Interest liquidation preference $25.00 per share,16.71,,8625,Uncategorized
VNO^O,Vornado Realty Trust 4.45% Series O Cumulative Redeemable Preferred Shares Liquidation Preference $25.00 Per Share,13.895,,20936,Uncategorized
VOYA^B,Voya Financial Inc. Depositary Shares each representing a 1/40th interest in a share of 5.35% Fixed-Rate Reset Non-Cumulative Preferred Stock Series B,22.9,,67947,Uncategorized
WAL^A,Western Alliance Bancorporation Depositary Shares Each Representing a 1/400th Interest in a Share of 4.250% Fixed-Rate Non-Cumulative Perpetual Preferred Stock Series A,24.84,,50897,Uncategorized
WFC^A,Wells Fargo & Company Depositary Shares each representing a 1/1000th interest in a share of Non-Cumulative Perpetual Class A Preferred Stock Series AA,16.64,,136021,Uncategorized
WFC^C,Wells Fargo & Company Depositary Shares each representing a 1/1000th interest in a share of Non-Cumulative Perpetual Class A Preferred Stock Series CC,15.55,,218709,Uncategorized
WFC^D,Wells Fargo & Company Depositary Shares each representing a 1/1000th interest in  a share of Non-Cumulative Perpetual Class A Preferred Stock Series DD,15.16,,129050,Uncategorized
WFC^L,Wells Fargo & Company 7.50% Non-Cumulative Perpetual Convertible Class A Preferred Stock Series L,1084.99,,25653,Uncategorized
WFC^Y,Wells Fargo & Company Depositary Shares each representing a 1/1000th interest in a share of Non-Cumulative Perpetual Class A Preferred Stock Series Y,19.9,,97836,Uncategorized
WFC^Z,Wells Fargo & Company Depositary Shares each representing a 1/1000th interest in a share of Non-Cumulative Perpetual Class A Preferred Stock Series Z,16.77,,255370,Uncategorized
WHR^A,Whirlpool Corporation Depositary Shares each representing a 1/20th interest in a share of 8.50% Series A Mandatory Convertible Preferred Stock,28.4,,18101,Uncategorized
WRB^E,W.R. Berkley Corporation 5.70% Subordinated Debentures due 2058,19.695,,10786,Uncategorized
WRB^F,W.R. Berkley Corporation 5.10% Subordinated Debentures due 2059,17.55,,36467,Uncategorized
WRB^G,W.R. Berkley Corporation 4.25% Subordinated Debentures due 2060,15.04,,2218,Uncategorized
WRB^H,W.R. Berkley Corporation 4.125% Subordinated Debentures due 2061,14.44,,53366,Uncategorized
WSO/B,Watsco Inc.,310.9,,57,Uncategorized
XRN^A,Chiron Real Estate Inc. Series A Cumulative Redeemable Preferred Stock,24.6613,,7487,Uncategorized
XRN^B,Chiron Real Estate Inc. 8.00% Series B Cumulative Redeemable Preferred Stock $0.001 par value per share,25.21,,91,Uncategorized
