symbol,name,price,marketCap,volume,industry
JPM,JP Morgan Chase & Co. Common Stock,332.38,883527927494.0,6664286,Finance
BAC,Bank of America Corporation Common Stock,53.75,375860224619.0,35089452,Finance
MS,Morgan Stanley Common Stock,190.31,298894471031.0,6323920,Finance
GS,Goldman Sachs Group Inc. (The) Common Stock,902.56,262799666004.0,1608155,Finance
WFC,Wells Fargo & Company Common Stock,80.45,243280746581.0,10121635,Finance
C,Citigroup Inc. Common Stock,128.5,215550626616.0,7612467,Finance
AXP,American Express Company Common Stock,302.78,204470311236.0,2779020,Finance
SCHW,Charles Schwab Corporation (The) Common Stock,96.7,167226763544.0,7722113,Finance
BLK,BlackRock Inc. Common Stock,1059.63,164104112914.0,566260,Finance
PGR,Progressive Corporation (The) Common Stock,210.31,122268296949.0,2754732,Finance
COF,Capital One Financial Corporation Common Stock,194.72,119457767266.0,4296790,Finance
SPGI,S&P Global Inc. Common Stock,386.27,113872396000.0,2770862,Finance
HOOD,Robinhood Markets Inc. Class A Common Stock,112.74,101362535458.0,29379898,Finance
BNY,The Bank of New York Mellon Corporation Common Stock,145.4,98654502247.0,2901208,Finance
CME,CME Group Inc. Class A Common Stock,263.14,94619687266.0,1522430,Finance
USB,U.S. Bancorp Common Stock,57.51,89603538659.0,7590221,Finance
PNC,PNC Financial Services Group Inc. (The) Common Stock,221.03,88178518717.0,1899785,Finance
ICE,Intercontinental Exchange Inc. Common Stock,150.15,84293382223.0,1955897,Finance
BX,Blackstone Inc. Common Stock,111.75,83882356490.0,5714791,Finance
MRSH,Marsh Common Stock,170.06,81154548236.0,2927903,Finance
KKR,KKR & Co. Inc. Common Stock,90.29,81047518414.0,4748404,Finance
MCO,Moody's Corporation Common Stock,441.36,76443552000.0,1606085,Finance
TRV,The Travelers Companies Inc. Common Stock,360.38,75166266428.0,882431,Finance
APO,Apollo Global Management Inc. (New) Common Stock,114.02,67333730989.0,2810737,Finance
MET,MetLife Inc. Common Stock,94.43,60008086217.0,2981206,Finance
AJG,Arthur J. Gallagher & Co. Common Stock,226.11,57951993000.0,1398271,Finance
AON,Aon plc Class A Ordinary Shares (Ireland),269.45,57157198191.0,1608967,Finance
TFC,Truist Financial Corporation Common Stock,46.45,56744536433.0,9146760,Finance
ALL,Allstate Corporation (The) Common Stock,223.74,56574437733.0,1845563,Finance
AFL,AFLAC Incorporated Common Stock,111.54,55919831459.0,1874054,Finance
NDAQ,Nasdaq Inc. Common Stock,90.33,50492426013.0,3367228,Finance
HBANL,Huntington Bancshares Incorporated Depositary Shares Each Representing a 1/40th Interest in a Share of 6.875% Series J Non-Cumulative Perpetual Preferred Stock,24.75,50005266944.0,31407,Finance
STT,State Street Corporation Common Stock,175.96,48336522569.0,1752495,Finance
COIN,Coinbase Global Inc. Class A Common Stock,183.0,48282156909.0,12867534,Finance
FITB,Fifth Third Bancorp Common Stock,50.87,46133624731.0,5586013,Finance
AMP,Ameriprise Financial Inc. Common Stock,490.91,44131377506.0,462937,Finance
IBKR,Interactive Brokers Group Inc. Class A Common Stock,88.3,40006802499.0,4872774,Finance
HBANM,Huntington Bancshares Incorporated Depositary Shares each representing a 1/1000th interest in a share of Huntington Series I Preferred Stock,19.52,39438497404.0,22621,Finance
AIG,American International Group Inc. New Common Stock,74.93,39180385153.0,4739467,Finance
PRU,Prudential Financial Inc. Common Stock,112.6,38847000000.0,1877854,Finance
ARES,Ares Management Corporation Class A Common Stock,117.55,38824088269.0,2594262,Finance
HBANZ,Huntington Bancshares Incorporated Depositary Shares Each Representing a 1/1000th Interest in a Share of 5.50% Series L Non-Cumulative Perpetual Preferred Stock,18.6,37579715764.0,13755,Finance
CBRE,CBRE Group Inc Common Stock Class A,129.58,37523167115.0,1903921,Finance
HIG,The Hartford Insurance Group Inc. Common Stock,126.05,34143415852.0,1585728,Finance
RKT,Rocket Companies Inc. Class A Common Stock,11.7,33130216326.0,39134274,Finance
MTB,M&T Bank Corporation Common Stock,219.14,31647379655.0,920673,Finance
HBANP,Huntington Bancshares Incorporated Depositary Shares 4.500% Series H Non-Cumulative Perpetual Preferred Stock,15.66,31639696175.0,58531,Finance
NTRS,Northern Trust Corporation Common Stock,171.4,31358598924.0,1119015,Finance
HBAN,Huntington Bancshares Incorporated Common Stock,15.33,30972959283.0,20608623,Finance
RJF,Raymond James Financial Inc. Common Stock,158.21,30433546297.0,907961,Finance
CFG,Citizens Financial Group Inc. Common Stock,64.33,27094302772.0,4992045,Finance
SYF,Synchrony Financial Common Stock,71.77,26702570220.0,3116956,Finance
WRB,W.R. Berkley Corporation Common Stock,68.98,25607274950.0,2243227,Finance
LPLA,LPL Financial Holdings Inc. Common Stock,316.44,24917210248.0,983080,Finance
CINF,Cincinnati Financial Corporation Common Stock,161.95,24855769388.0,559633,Finance
PFG,Principal Financial Group Inc Common Stock,111.96,23971155606.0,1097510,Finance
TW,Tradeweb Markets Inc. Class A Common Stock,102.22,23922368942.0,1441252,Finance
AFRM,Affirm Holdings Inc. Class A Common Stock,70.77,23879302287.0,2519850,Finance
FCNCA,First Citizens BancShares Inc. Class A Common Stock,2073.46,23415832595.0,59146,Finance
RF,Regions Financial Corporation Common Stock,27.1,23087289613.0,11420227,Finance
TROW,T. Rowe Price Group Inc. Common Stock,104.62,22317104227.0,1620354,Finance
L,Loews Corporation Common Stock,106.03,21675471152.0,855338,Finance
MKL,Markel Group Inc. Common Stock,1737.18,21523587238.0,91297,Finance
KEY,KeyCorp Common Stock,20.08,21427941364.0,12591050,Finance
PS,Pershing Square Inc. Common Stock,52.76,21104000000.0,207279,Finance
CRCL,Circle Internet Group Inc. Class A Common Stock,81.25,20627415331.0,14424056,Finance
SOFI,SoFi Technologies Inc. Common Stock  ,15.77,20368064009.0,49554121,Finance
BRO,Brown & Brown Inc. Common Stock,59.91,20046506488.0,2520332,Finance
EWBC,East West Bancorp Inc. Common Stock,126.21,17292266346.0,824795,Finance
TPG,TPG Inc. Class A Common Stock,44.67,16881631277.0,3400249,Finance
BEN,Franklin Templeton Inc. Common Stock,32.81,16670003417.0,5056514,Finance
EFX,Equifax Inc. Common Stock,140.0,16447885440.0,3472513,Finance
RGA,Reinsurance Group of America Incorporated Common Stock,249.41,16286888268.0,342312,Finance
BMNR,BitMine Immersion Technologies Inc. Common Stock,26.27,15846757370.0,36891480,Finance
INVH,Invitation Homes Inc. Common Stock,26.04,15379828805.0,5808373,Finance
CRBG,Corebridge Financial Inc. Common Stock,34.03,15169638924.0,5299349,Finance
APOS,Apollo Global Management Inc. 7.625% Fixed-Rate Resettable Junior Subordinated Notes due 2053,25.59,14574381995.0,40647,Finance
PNFP,Pinnacle Financial Partners Inc. Common stock,96.09,14520413578.0,1701466,Finance
EQH,Equitable Holdings Inc. Common Stock,52.64,14372570664.0,3179020,Finance
CG,The Carlyle Group Inc. Common Stock,39.82,14189172016.0,3466153,Finance
OWL,Blue Owl Capital Inc. Class A Common Stock,9.08,14156557385.0,32657078,Finance
JLL,Jones Lang LaSalle Incorporated Common Stock,306.81,14060096577.0,509556,Finance
UNM,Unum Group Common Stock,88.57,14021233099.0,1056910,Finance
SLMBP,SLM Corporation Floating Rate Non-Cumulative Preferred Stock Series B,73.75,13861088153.0,1663,Finance
VLYPP,Valley National Bancorp 6.25% Fixed-to-Floating Rate Non-Cumulative Perpetual Preferred Stock Series A,25.01,13820656702.0,8855,Finance
VLYPN,Valley National Bancorp 8.250% Fixed-Rate Reset Non-Cumulative Perpetual Preferred Stock Series C,24.98,13804078545.0,19919,Finance
VLYPO,Valley National Bancorp 5.50% Fixed-to-Floating Rate Non-Cumulative Perpetual Preferred Stock Series B,24.835,13723950788.0,1610,Finance
KKRS,KKR Group Finance Co. IX LLC 4.625% Subordinated Notes due 2061,15.26,13697919271.0,20151,Finance
CET,Central Securities Corporation Common Stock,56.19,13599395988.0,12976,Finance
ARCC,Ares Capital Corporation Common Stock,18.86,13541910857.0,5108667,Finance
IVZ,Invesco Ltd Common Stock,30.66,13536383255.0,3877748,Finance
AIZ,Assurant Inc. Common Stock,267.32,13185229394.0,349502,Finance
GL,Globe Life Inc. Common Stock,165.68,12732416379.0,296746,Finance
CNA,CNA Financial Corporation Common Stock,46.34,12539647004.0,436950,Finance
SEIC,SEI Investments Company Common Stock,102.43,12293564812.0,619187,Finance
TRU,TransUnion Common Stock,63.44,12155104000.0,5009250,Finance
AFG,American Financial Group Inc. Common Stock,139.1,11534375921.0,362324,Finance
ALLY,Ally Financial Inc. Common Stock,37.91,11532210362.0,3719549,Finance
FHN,First Horizon Corporation Common Stock,23.42,11095861040.0,5094990,Finance
CSGP,CoStar Group Inc. Common Stock,27.38,11094309959.0,3741487,Finance
HUT,Hut 8 Corp. Common Stock,89.63,11047746117.0,4620075,Finance
SF,Stifel Financial Corporation Common Stock,70.28,10612401866.0,1455463,Finance
FNF,Fidelity National Financial Inc. Common Stock,39.26,10529250388.0,2216112,Finance
CHYM,Chime Financial Inc. Class A Common Stock,27.25,10316444275.0,3918824,Finance
ERIE,Erie Indemnity Company Class A Common Stock,221.09,10211941044.0,143892,Finance
BPOP,Popular Inc. Common Stock,158.14,10085932148.0,570630,Finance
EVR,Evercore Inc. Class A Common Stock,261.68,10063631347.0,670193,Finance
UMBF,UMB Financial Corporation Common Stock,130.94,9944896928.0,654657,Finance
SSB,SouthState Bank Corporation Common Stock,101.91,9882674760.0,604103,Finance
WTFC,Wintrust Financial Corporation Common Stock,145.02,9783914534.0,435987,Finance
SATA,Strive Inc. Variable Rate Series A Perpetual Preferred Stock,100.01,9701234926.0,555844,Finance
RYAN,Ryan Specialty Holdings Inc. Class A Common Stock,37.67,9636542951.0,2108360,Finance
CFR,Cullen/Frost Bankers Inc. Common Stock,155.04,9635547626.0,322743,Finance
AMG,Affiliated Managers Group Inc. Common Stock,371.43,9605154914.0,219433,Finance
ONB,Old National Bancorp Common Stock,24.96,9548947200.0,6400833,Finance
ONBPO,Old National Bancorp Depositary Shares Each Representing a 1/40th Interest in a Share of Series C Preferred Stock,24.81,9491561700.0,2604,Finance
ONBPP,Old National Bancorp Depositary Shares Each Representing a 1/40th Interest in a Share of Series A Preferred Stock,24.81,9491561700.0,8257,Finance
ZION,Zions Bancorporation N.A. Common Stock,63.17,9219873435.0,1292509,Finance
ORI,Old Republic International Corporation Common Stock,38.06,9188937011.0,2253764,Finance
VIRT,Virtu Financial Inc. Class A Common Stock,58.79,9124221345.0,2387917,Finance
GLXY,Galaxy Digital Inc. Class A Common Stock,23.06,9013902415.0,4993031,Finance
JXN,Jackson Financial Inc. Class A Common Stock ,131.53,8908361698.0,673859,Finance
JEF,Jefferies Financial Group Inc. Common Stock,45.97,8906351459.0,2087512,Finance
HLI,Houlihan Lokey Inc. Class A Common Stock,126.37,8831557005.0,601614,Finance
VOYA,Voya Financial Inc. Common Stock,96.65,8756137131.0,681677,Finance
PRI,Primerica Inc. Common Stock,275.42,8476697737.0,163120,Finance
WAL,Western Alliance Bancorporation Common Stock (DE),76.38,8333123992.0,983043,Finance
COLB,Columbia Banking System Inc. Common Stock,28.92,8181533591.0,2376614,Finance
PB,Prosperity Bancshares Inc. Common Stock,67.38,8097510830.0,902716,Finance
SNEX,StoneX Group Inc. Common Stock,65.81,7937787330.0,1182362,Finance
CBSH,Commerce Bancshares Inc. Common Stock,55.28,7928930800.0,813917,Finance
BOKF,BOK Financial Corporation Common Stock,128.36,7800035048.0,201279,Finance
WULF,TeraWulf Inc. Common Stock,15.49,7729024807.0,27923957,Finance
LNC,Lincoln National Corporation Common Stock,40.3,7715327641.0,2040068,Finance
CBC,Central Bancompany Inc. Class A Common Stock,32.03,7671349410.0,635843,Finance
THG,Hanover Insurance Group Inc,219.43,7640601094.0,318179,Finance
KNSL,Kinsale Capital Group Inc. Common Stock,329.72,7510502291.0,258565,Finance
RIOT,Riot Platforms Inc. Common Stock ,19.73,7403858788.0,16581311,Finance
PRH,Prudential Financial Inc. 5.950% Junior Subordinated Notes due 2062,20.78,7314560000.0,55309,Finance
GJS,Goldman Sachs Group Securities STRATS Trust for Goldman Sachs Group Securities Series 2006-2,22.99,7173777369.0,4601,Finance
VLY,Valley National Bancorp Common Stock,12.82,7084398997.0,5650193,Finance
TRNO,Terreno Realty Corporation Common Stock,64.54,7032943807.0,860980,Finance
COMP,Compass Inc. Class A Common Stock,9.22,6984354656.0,24257515,Finance
PRS,Prudential Financial Inc. 5.625% Junior Subordinated Notes due 2058,19.82,6976640000.0,30434,Finance
VCTR,Victory Capital Holdings Inc. Class A Common Stock,113.23,6964728838.0,675214,Finance
MORN,Morningstar Inc. Common Stock,183.55,6885615957.0,196270,Finance
CIFR,Cipher Digital Inc. Common Stock,15.71,6520132643.0,30207469,Finance
OMF,OneMain Holdings Inc. Common Stock,56.02,6444623093.0,850248,Finance
UBSI,United Bankshares Inc. Common Stock,47.04,6407439340.0,1171645,Finance
FAF,First American Corporation (New) Common Stock,62.49,6380229000.0,916014,Finance
ACT,Enact Holdings Inc. Common Stock,45.26,6222510949.0,427383,Finance
FNB,F.N.B. Corporation Common Stock,17.45,6159866961.0,3912598,Finance
HWC,Hancock Whitney Corporation Common Stock,73.09,5863503309.0,937566,Finance
MKTX,MarketAxess Holdings Inc. Common Stock,164.14,5776561129.0,540966,Finance
HOMB,Home BancShares Inc. Common Stock,28.67,5735422892.0,1764423,Finance
GBCI,Glacier Bancorp Inc. Common Stock,43.91,5717606856.0,765859,Finance
PJT,PJT Partners Inc. Class A Common Stock,138.69,5687900052.0,375376,Finance
MCY,Mercury General Corporation Common Stock,102.27,5664594883.0,285857,Finance
BGC,BGC Group Inc. Class A Common Stock,11.78,5600995629.0,3824294,Finance
CGABL,The Carlyle Group Inc. 4.625% Subordinated Notes due 2061,15.41,5573872617.0,17320,Finance
AUB,Atlantic Union Bankshares Corporation Common Stock,38.82,5544074263.0,1053968,Finance
MTG,MGIC Investment Corporation Common Stock,26.95,5528114438.0,3800545,Finance
ASB,Associated Banc-Corp Common Stock,29.0,5476640111.0,1694812,Finance
CACC,Credit Acceptance Corporation Common Stock,527.5,5475755950.0,122048,Finance
ABCB,Ameris Bancorp Common Stock,81.44,5465213544.0,439406,Finance
STEP,StepStone Group Inc. Class A Common Stock,45.27,5463032760.0,1231371,Finance
PFH,Prudential Financial Inc. 4.125% Junior Subordinated Notes due 2060,14.87,5308590000.0,46969,Finance
CORZ,Core Scientific Inc. Common Stock,16.45,5286050254.0,10196670,Finance
OZK,Bank OZK Common Stock,46.705,5284023045.0,1056711,Finance
CORZZ,Core Scientific Inc. Tranche 2 Warrants,16.425,5278016743.0,1041,Finance
MAIN,Main Street Capital Corporation Common Stock,55.11,5153251286.0,529427,Finance
RLI,RLI Corp. Common Stock (DE),55.94,5133779942.0,839279,Finance
SIGI,Selective Insurance Group Inc. Common Stock,85.59,5098520895.0,394250,Finance
OBDC,Blue Owl Capital Corporation Common Stock,10.3,5079368461.0,4668167,Finance
AX,Axos Financial Inc. Common Stock,88.93,5056382207.0,401747,Finance
CNO,CNO Financial Group Inc. Common Stock,53.86,4983201042.0,711520,Finance
HGTY,Hagerty Inc. Class A Common Stock,13.61,4928134590.0,709659,Finance
EBC,Eastern Bankshares Inc. Common Stock,21.465,4905000464.0,2696503,Finance
FLG,Flagstar Bank N.A. Common Stock,11.7,4856586181.0,4461338,Finance
WTM,White Mountains Insurance Group Ltd. Common Stock,2020.92,4823372203.0,16349,Finance
HLNE,Hamilton Lane Incorporated Class A Common Stock,87.04,4796829932.0,699968,Finance
TFSL,TFS Financial Corporation Common Stock,16.82,4717047139.0,1028281,Finance
HASI,HA Sustainable Infrastructure Capital Inc. Common Stock,36.27,4660542303.0,935755,Finance
PIPR,Piper Sandler Companies Common Stock,65.36,4619010220.0,831267,Finance
FFIN,First Financial Bankshares Inc. Common Stock,32.15,4607979350.0,849474,Finance
HCXY,Hercules Capital Inc. 6.25% Notes due 2033,24.95,4532808291.0,287,Finance
NNI,Nelnet Inc. Common Stock,123.87,4431998985.0,129059,Finance
BWIN,The Baldwin Insurance Group Inc. Class A Common Stock,31.77,4431862071.0,2551053,Finance
DAVE,Dave Inc. Class A Common Stock,346.57,4420676061.0,339305,Finance
MC,Moelis & Company Class A Common Stock,56.32,4408113910.0,1031721,Finance
SFBS,ServisFirst Bancshares Inc. Common Stock,40.15,4390202553.0,567118,Finance
FULT,Fulton Financial Corporation Common Stock,22.81,4354761182.0,1890027,Finance
IBOC,International Bancshares Corporation Common Stock,69.84,4343455338.0,380538,Finance
OXLCM,Oxford Lane Capital Corp. Preferred Stock Shares 8.25% Series 2031,25.0063,4341093680.0,11267,Finance
MARA,MARA Holdings Inc. Common Stock,11.23,4338141105.0,42274952,Finance
OXLCZ,Oxford Lane Capital Corp. 5.00% Notes due 2027,24.94,4329584000.0,670,Finance
RDN,Radian Group Inc. Common Stock,32.57,4309053927.0,2732712,Finance
ENVA,Enova International Inc. Common Stock,172.89,4304679362.0,310537,Finance
SLM,SLM Corporation Common Stock,22.745,4274853560.0,3667468,Finance
OXLCN,Oxford Lane Capital Corp. 7.125% Series 2029 Term Preferred Stock,24.3799,4232350640.0,7020,Finance
FHI,Federated Hermes Inc. Common Stock,56.07,4186201956.0,552960,Finance
OXLCL,Oxford Lane Capital Corp. 6.75% Notes due 2031,23.815,4134284000.0,2836,Finance
UCB,United Community Banks Inc. Common Stock,34.11,4112830407.0,943821,Finance
MRP,Millrose Properties Inc. Class A Common Stock,24.61,4086439483.0,8865486,Finance
OXLCO,Oxford Lane Capital Corp. Preferred Stock Shares 6.00% Series 2029,23.5,4079600000.0,1556,Finance
TCBI,Texas Capital Bancshares Inc. Common Stock,93.76,4076156837.0,656970,Finance
CATY,Cathay General Bancorp Common Stock,60.84,4058868809.0,463285,Finance
WSFS,WSFS Financial Corporation Common Stock,78.03,3986599908.0,341488,Finance
BULL,Webull Corporation Class A Ordinary Shares,7.34,3967159056.0,11997446,Finance
CVBF,CVB Financial Corporation Common Stock,22.28,3921222852.0,1649690,Finance
CRVL,CorVel Corp. Common Stock,75.47,3812485613.0,168802,Finance
INDB,Independent Bank Corp. Common Stock,80.06,3792370066.0,561699,Finance
ASBA,Associated Banc-Corp 6.625% Fixed-Rate Reset Subordinated Notes due 2033,25.11,3789119465.0,52672,Finance
NP,Neptune Insurance Holdings Inc. Class A Common Stock,27.43,3764303659.0,733136,Finance
CNS,Cohen & Steers Inc Common Stock,73.0,3753771909.0,172692,Finance
GPGI,GPGI Inc. Class A Common Stock,12.9,3739582058.0,1858010,Finance
IOND,Ionic Digital Inc. Class A Common Stock,82.72,3722083596.0,299954,Finance
WT,WisdomTree Inc. Common Stock,24.38,3693865266.0,2747502,Finance
WSBC,WesBanco Inc. Common Stock,38.11,3654973430.0,1030832,Finance
RNST,Renasant Corporation Common Stock,39.92,3648866243.0,856402,Finance
BANF,BancFirst Corporation Common Stock,108.08,3631352360.0,165966,Finance
UNMA,Unum Group 6.250% Junior Subordinated Notes due 2058,21.31,3629375144.0,15647,Finance
SEZL,Sezzle Inc. Common Stock,107.41,3617033254.0,651214,Finance
GNW,Genworth Financial Inc Common Stock,9.55,3608477403.0,4793831,Finance
LMND,Lemonade Inc. Common Stock,46.49,3598168631.0,792841,Finance
CII,BlackRock Enhanced Large Cap Core Fund Inc. Common Stock,24.13,3589638425.0,29967,Finance
VAC,Marriott Vacations Worldwide Corporation Common Stock,104.2,3583992344.0,274919,Finance
PDI,PIMCO Dynamic Income Fund Common Stock,14.4,3500496000.0,6526832,Finance
NIC,Nicolet Bankshares Inc. Common Stock,166.47,3488797189.0,173635,Finance
FIBK,First Interstate BancSystem Inc. Common Stock (DE),36.0,3430965852.0,1238285,Finance
FFBC,First Financial Bancorp. Common Stock,31.87,3351669932.0,807675,Finance
NTRSO,Northern Trust Corporation Depositary Shares Each Representing a 1/1000th Interest in a Share of Series E Non-Cumulative Perpetual Preferred Stock,18.2,3329792885.0,34717,Finance
PLMR,Palomar Holdings Inc. Common stock,126.49,3328923723.0,226883,Finance
SFNC,Simmons First National Corporation Class A Common Stock,22.9,3309365768.0,2363156,Finance
PRK,Park National Corporation Common Stock,183.15,3308451087.0,89399,Finance
FULTP,Fulton Financial Corporation Depositary Shares Each Representing a 1/40th Interest in a Share of Fixed Rate Non-Cumulative Perpetual Preferred Stock Series A,17.2,3283730484.0,13769,Finance
MCHB,Mechanics Bancorp Class A Common Stock,14.9,3282649709.0,467997,Finance
MIAX,Miami International Holdings Inc. Common Stock,33.01,3275611943.0,1931400,Finance
CLSK,CleanSpark Inc. Common Stock,12.74,3271849510.0,18566450,Finance
AB,AllianceBernstein Holding L.P.  Units,35.0,3257632665.0,265671,Finance
GBDC,Golub Capital BDC Inc. Common Stock,12.54,3256030926.0,1802070,Finance
CSQ,Calamos Strategic Total Return Common Stock,20.47,3252429622.0,207277,Finance
CURB,Curbline Properties Corp. Common Stock,28.27,3252124967.0,2121005,Finance
PFSI,PennyMac Financial Services Inc. Common Stock,62.0,3220997464.0,712182,Finance
CBU,Community Financial System Inc. Common Stock,60.69,3193259274.0,284908,Finance
SBCF,Seacoast Banking Corporation of Florida Common Stock,32.68,3164169071.0,878807,Finance
CORZW,Core Scientific Inc. Tranche 1 Warrants,9.8,3149136322.0,124906,Finance
HTGC,Hercules Capital Inc. Common Stock,16.74,3133125360.0,1229964,Finance
BKU,BankUnited Inc. Common Stock,43.38,3090054962.0,1187472,Finance
CLBK,Columbia Financial Inc. Common Stock,11.41,3075509990.0,3969956,Finance
FHB,First Hawaiian Inc. Common Stock,25.26,3073670952.0,2410925,Finance
FSK,FS KKR Capital Corp. Common Stock,10.97,3031452872.0,2893205,Finance
FGN,F&G Annuities & Life Inc. 7.950% Senior Notes due 2053,23.75,2994840515.0,19648,Finance
NAN,Nuveen New York Quality Municipal Income Fund Common Stock,9.89,2989903262.0,152492,Finance
PFS,Provident Financial Services Inc Common Stock,22.58,2944942714.0,945184,Finance
NMIH,NMI Holdings Inc. Common Stock,38.83,2920709154.0,1016418,Finance
ASST,Strive Inc. Class A Common Stock,30.03,2912989549.0,11388777,Finance
BHF,Brighthouse Financial Inc. Common Stock,50.02,2876728381.0,407903,Finance
FG,F&G Annuities & Life Inc. Common Stock,21.92,2870099781.0,479861,Finance
PURR,Hyperliquid Strategies Inc Common Stock,11.89,2828860334.0,17026728,Finance
APAM,Artisan Partners Asset Management Inc. Class A Common Stock,34.88,2827814695.0,1210111,Finance
BANC,Banc of California Inc. Common Stock,17.74,2802042384.0,2332618,Finance
CWK,Cushman & Wakefield Ltd. Common Shares,11.92,2797787399.0,4527745,Finance
SLDE,Slide Insurance Holdings Inc. Common Stock,23.61,2757924686.0,1195065,Finance
BOH,Bank of Hawaii Corporation Common Stock,69.28,2733123435.0,554664,Finance
TOWN,TowneBank Common Stock,36.03,2688462400.0,551932,Finance
NBTB,NBT Bancorp Inc. Common Stock,51.53,2677501943.0,385848,Finance
FBK,FB Financial Corporation Common Stock,53.42,2669832132.0,699320,Finance
TRMK,Trustmark Corporation Common Stock,45.93,2667181602.0,261781,Finance
GCMG,GCM Grosvenor Inc. Class A Common Stock,13.05,2646436905.0,434248,Finance
FBNC,First Bancorp Common Stock,62.33,2580388638.0,237043,Finance
ZIONP,Zions Bancorporation N.A. Depositary Shares (Each representing 1/40th Interest in a Share of Series A Floating-Rate Non-Cumulative Perpetual Preferred Stock),17.6778,2580134219.0,1105,Finance
GDV,Gabelli Dividend & Income Trust Common Shares of Beneficial Interest,28.37,2558647490.0,62735,Finance
CUBI,Customers Bancorp Inc Common Stock,75.47,2549663311.0,421893,Finance
FRME,First Merchants Corporation Common Stock,40.15,2521477133.0,815301,Finance
BANR,Banner Corporation Common Stock,67.88,2487087359.0,336822,Finance
UE,Urban Edge Properties Common Shares of Beneficial Interest,19.7,2487015980.0,976644,Finance
BUSE,First Busey Corporation Class A Common Stock,29.73,2473223865.0,988024,Finance
SYBT,Stock Yards Bancorp Inc. Common Stock,78.64,2443080806.0,125324,Finance
SKWD,Skyward Specialty Insurance Group Inc. Common Stock,55.01,2442251080.0,251002,Finance
WSBCO,WesBanco Inc. Depositary Shares each representing 1/40th interest in a share of 7.375% Fixed-Rate Reset Non-Cumulative Perpetual Preferred Stock Series B,25.08,2405319696.0,11969,Finance
BBT,Beacon Financial Corporation Common stock,28.34,2375347877.0,736802,Finance
EEFT,Euronet Worldwide Inc. Common Stock,63.5,2375128283.0,507540,Finance
OPEN,Opendoor Technologies Inc Common Stock,2.44,2369462162.0,29719896,Finance
MFICL,MidCap Financial Investment Corporation 8.00% Notes due 2028,25.21,2352184311.0,4125,Finance
AGM,Federal Agricultural Mortgage Corporation Common Stock,214.79,2331160976.0,115923,Finance
BGR,BlackRock Energy and Resources Trust,17.05,2311744608.0,74561,Finance
MBIN,Merchants Bancorp Common Stock,49.95,2294606846.0,149150,Finance
NMRK,Newmark Group Inc. Class A Common Stock,12.65,2292542132.0,1859203,Finance
HCI,HCI Group Inc. Common Stock,184.25,2291861245.0,126619,Finance
WAFD,WaFd Inc. Common Stock,30.8,2279053330.0,2748371,Finance
NWBI,Northwest Bancshares Inc. Common Stock,15.19,2224714063.0,1014721,Finance
UPST,Upstart Holdings Inc. Common stock,22.81,2219710579.0,4118562,Finance
HTH,Hilltop Holdings Inc.,38.45,2202662734.0,348448,Finance
LIFE,Ethos Technologies Inc. Class A Common Stock,34.12,2175472570.0,1405272,Finance
EFSC,Enterprise Financial Services Corporation Common Stock,60.08,2174446602.0,159758,Finance
BUSEP,First Busey Corporation Depositary Shares Each Representing a 1/40thInterest in a Share of 8.25% Fixed-Rate Series B Non-Cumulative Perpetual Preferred Stock $0.001 par value,25.33,2107190060.0,11501,Finance
SRCE,1st Source Corporation Common Stock,86.85,2091506588.0,110429,Finance
FCF,First Commonwealth Financial Corporation Common Stock,20.56,2077709818.0,1467922,Finance
ECPG,Encore Capital Group Inc Common Stock,95.92,2034402387.0,189472,Finance
UWMC,UWM Holdings Corporation Class A Common Stock,1.26,2024771466.0,16281504,Finance
CHCO,City Holding Company Common Stock,142.82,2005929751.0,103868,Finance
TBBK,The Bancorp Inc Common Stock,48.81,1990804147.0,457064,Finance
SFB,Stifel Financial Corporation 5.20% Senior Notes due 2047,18.91,1932099107.0,12788,Finance
UMBFO,UMB Financial Corporation Depositary Shares Each Representing a 1/400th Interest in a Share of 7.750% Fixed-Rate Reset Non-Cumulative Perpetual Preferred Stock Series B,25.38,1927611761.0,10043,Finance
ABXL,Abacus Global Management Inc. 9.875% Fixed Rate Senior Notes due 2028,25.49,1902862835.0,13011,Finance
KYN,Kayne Anderson Energy Infrastructure Fund Inc.,13.91,1893589582.0,243287,Finance
RVT,Royce Small-Cap Trust Inc. Common Stock,17.27,1864412468.0,177927,Finance
TY,Tri Continental Corporation Common Stock,34.3,1864237071.0,22062,Finance
GABC,German American Bancorp Inc. Common Stock,49.4,1856393115.0,104373,Finance
FSUN,FirstSun Capital Bancorp Common Stock,39.52,1840998613.0,335426,Finance
RBCAA,Republic Bancorp Inc. Class A Common Stock,93.695,1839621778.0,55784,Finance
HMN,Horace Mann Educators Corporation Common Stock,45.26,1833077704.0,336846,Finance
AFGD,American Financial Group Inc. 5.625% Subordinated Debentures due 2060,22.1,1832564399.0,16686,Finance
AFGB,American Financial Group Inc. 5.875% Subordinated Debentures due 2059,22.05,1828418325.0,27938,Finance
HWCPZ,Hancock Whitney Corporation 6.25% Subordinated Notes due 2060,21.23,1799348183.0,18426,Finance
HAPN,Happen Inc. Common Stock,15.38,1774966796.0,1665420,Finance
TRNZ,Trinity Capital Inc. 7.875% Notes due 2029,25.0599,1762065818.0,11529,Finance
DCOM,Dime Commercial Bancshares Inc. Common Stock,39.88,1760965009.0,336781,Finance
PDO,PIMCO Dynamic Income Opportunities Fund Common Shares of Beneficial Interest,12.11,1758703451.0,2669190,Finance
TRNI,Trinity Capital Inc. 7.875% Notes Due 2029,25.01,1758557142.0,16263,Finance
STBA,S&T Bancorp Inc. Common Stock,49.64,1750579023.0,353311,Finance
HOPE,Hope Bancorp Inc. Common Stock,13.68,1747508316.0,1329534,Finance
GTY,Getty Realty Corporation Common Stock,28.2,1746502112.0,674346,Finance
WTFCN,Wintrust Financial Corporation Depositary Shares Each Representing a 1/1000th Interest in a Share of 7.875% Fixed-Rate Reset Non-Cumulative Perpetual Preferred StocK,25.5,1720382159.0,14532,Finance
BY,Byline Bancorp Inc. Common Stock,37.74,1705335491.0,192266,Finance
LOB,Live Oak Bancshares Inc. Common Stock,36.68,1697683182.0,182263,Finance
NBHC,National Bank Holdings Corporation Common Stock,38.06,1695175159.0,1517648,Finance
BFC,Bank First Corporation Common Stock,152.6,1691663628.0,48958,Finance
OZKAP,Bank OZK 4.625% Series A Non-Cumulative Perpetual Preferred Stock,14.88,1683465644.0,32170,Finance
TCBK,TriCo Bancshares Common Stock,52.59,1681125072.0,258675,Finance
MUJ,Blackrock MuniHoldings New Jersey Quality Fund Inc. Common Stock,11.3,1681015922.0,257113,Finance
CNOB,ConnectOne Bancorp Inc. Common Stock,30.78,1671211796.0,357173,Finance
TRIN,Trinity Capital Inc. Common Stock,17.59,1665659967.0,821994,Finance
BDJ,Blackrock Enhanced Equity Dividend Trust,9.41,1665466095.0,403417,Finance
JSM,Navient Corporation 6% Senior Notes due December 15 2043,16.72,1662486955.0,23467,Finance
MIY,Blackrock MuniYield Michigan Quality Fund Inc. Common Stock,11.17,1661676801.0,97228,Finance
OBK,Origin Bancorp Inc. Common Stock,53.62,1654159734.0,194649,Finance
QCRH,QCR Holdings Inc. Common Stock,100.95,1653118233.0,136276,Finance
RZC,Reinsurance Group of America Incorporated 7.125% Fixed-Rate Reset Subordinated Debentures due 2052,25.3,1652132125.0,69855,Finance
ETV,Eaton Vance Corporation Eaton Vance Tax-Managed Buy-Write Opportunities Fund Common Shares of Beneficial Interest,14.94,1632469134.0,179481,Finance
OCFC,OceanFirst Financial Corp. Common Stock,16.78,1621706775.0,1013158,Finance
GSHD,Goosehead Insurance Inc. Class A Common Stock,45.51,1616328837.0,312367,Finance
BPOPM,Popular Inc. Popular Capital Trust II - 6.125% Cumulative Monthly Income Trust Preferred Securities,25.34,1616147215.0,358,Finance
FRMEP,First Merchants Corporation Depository Shares,25.155,1579769796.0,1157,Finance
STC,Stewart Information Services Corporation Common Stock,51.55,1573419358.0,394739,Finance
WLTH,Wealthfront Corporation Common Stock,10.03,1566449693.0,1798449,Finance
FRA,Blackrock Floating Rate Income Strategies Fund Inc  Common Stock,10.49,1560518321.0,77389,Finance
OXLC,Oxford Lane Capital Corp. Common Stock,8.91,1546776000.0,1106540,Finance
GAB,Gabelli Equity Trust Inc. (The) Common Stock,5.24,1539602196.0,1050431,Finance
PWP,Perella Weinberg Partners Class A Common Stock,15.82,1539465177.0,1184380,Finance
MHD,Blackrock MuniHoldings Fund Inc. Common Stock,10.33,1536716325.0,953147,Finance
AFGC,American Financial Group Inc. 5.125% Subordinated Debentures due 2059,18.5319,1536692316.0,18118,Finance
CASH,Pathward Financial Inc. Common Stock,73.96,1536397854.0,291255,Finance
PFBC,Preferred Bank Common Stock,106.48,1528702481.0,80356,Finance
GAM,General American Investors Inc. Common Stock,63.76,1528684894.0,13856,Finance
SAFT,Safety Insurance Group Inc. Common Stock,103.92,1525595689.0,124815,Finance
ECAT,BlackRock ESG Capital Allocation Term Trust Common Shares of Beneficial Interest,13.99,1512808650.0,517514,Finance
KMPR,Kemper Corporation,25.67,1512557363.0,864892,Finance
ECCC,Eagle Point Credit Company 6.50% Series C Term Preferred Stock due 2031,24.75,1501397469.0,1220,Finance
PGY,Pagaya Technologies Ltd. Class A Ordinary Shares,17.98,1499996657.0,2428477,Finance
EFC,Ellington Financial Inc. Common Stock ,11.59,1493804804.0,2374747,Finance
MQY,Blackrock MuniYield Quality Fund Inc. Common Stock,10.04,1493575209.0,1004790,Finance
TFIN,Triumph Financial Inc. Common Stock,62.18,1485762311.0,306351,Finance
RQI,Cohen & Steers Quality Income Realty Fund Inc Common Shares,11.06,1485362512.0,1304801,Finance
BCAT,BlackRock Capital Allocation Term Trust Common Shares of Beneficial Interest,13.73,1484693550.0,520478,Finance
LKFN,Lakeland Financial Corporation Common Stock,59.07,1468352609.0,169356,Finance
ECCV,Eagle Point Credit Company 5.375% Notes due 2029,24.125,1463483392.0,934,Finance
KMPB,Kemper Corporation 5.875% Fixed-Rate Reset Junior Subordinated Debentures due 2062,24.77,1459526525.0,6470,Finance
MYI,Blackrock MuniYield Quality Fund III Inc Common Stock,9.77,1453409342.0,640104,Finance
ESQ,Esquire Financial Holdings Inc. Common Stock,119.92,1451581593.0,129945,Finance
MUC,Blackrock MuniHoldings California Quality Fund Inc.  Common Stock,9.74,1448946468.0,742320,Finance
AMAL,Amalgamated Financial Corp. Common Stock (DE),48.19,1440888084.0,297143,Finance
BKT,BlackRock Income Trust Inc. (The),9.65,1435557845.0,270363,Finance
TMP,Tompkins Financial Corporation Common Stock,98.89,1422325475.0,98679,Finance
MUA,Blackrock MuniAssets Fund Inc Common Stock,9.53,1417706349.0,335722,Finance
BHRB,Burke & Herbert Financial Services Corp. Common Stock,69.86,1410266125.0,125818,Finance
UFCS,United Fire Group Inc. Common Stock,54.62,1404031078.0,120600,Finance
ATLC,Atlanticus Holdings Corporation Common Stock,91.89,1393974792.0,136408,Finance
IIPR,Innovative Industrial Properties Inc. Common Stock,50.52,1392904551.0,453526,Finance
AFGE,American Financial Group Inc. 4.500% Subordinated Debentures due 2060,16.765,1390178377.0,2440,Finance
CTBI,Community Trust Bancorp Inc. Common Stock,76.21,1384579774.0,98617,Finance
WABC,Westamerica Bancorporation Common Stock,59.6,1377424719.0,140691,Finance
CNOBP,ConnectOne Bancorp Inc. Depositary Shares each representing a 1/40th interest in a share of 5.25% Fixed-Rate Reset Non-Cumulative Perpetual Preferred Stock Series A,25.25,1370958345.0,2814,Finance
NCV,Virtus Convertible & Income Fund Common Shares of Beneficial Interest,15.14,1368255835.0,81617,Finance
PEBO,Peoples Bancorp Inc. Common Stock,37.48,1347117966.0,957432,Finance
TWFG,TWFG Inc. Class A Common Stock,24.61,1330214650.0,86014,Finance
FMBH,First Mid Bancshares Inc. Common Stock,49.98,1329563562.0,117636,Finance
HBT,HBT Financial Inc. Common Stock,36.34,1321526340.0,107067,Finance
FOR,Forestar Group Inc Common Stock ,25.75,1313703895.0,156003,Finance
OPY,Oppenheimer Holdings Inc. Class A Common Stock (DE),120.13,1286352641.0,185000,Finance
OSBC,Old Second Bancorp Inc. Common Stock,24.95,1269349114.0,721998,Finance
UVE,UNIVERSAL INSURANCE HOLDINGS INC Common Stock,43.95,1223144102.0,140404,Finance
BULLW,Webull Corporation Warrants,2.2199,1199822396.0,355,Finance
MBINM,Merchants Bancorp Depositary Shares Each Representing a 1/40th Interest in a Share of 8.25% Fixed-Rate Reset Series D Non-Cumulative Perpetual Preferred Stock,25.43,1168205247.0,5707,Finance
WD,Walker & Dunlop Inc Common Stock,33.97,1166045558.0,525815,Finance
WAFDP,WaFd Inc. Depositary Shares,15.69,1160985284.0,23572,Finance
AMTB,Amerant Bancorp Inc. Class A Common Stock,29.56,1158452202.0,282682,Finance
UVSP,Univest Financial Corporation Common Stock,41.81,1153151910.0,175175,Finance
HFWA,Heritage Financial Corporation Common Stock,28.14,1151363802.0,370270,Finance
BST,BlackRock Science and Technology Trust Common Shares of Beneficial Interest,51.33,1137361414.0,135438,Finance
BOW,Bowhead Specialty Holdings Inc. Common Stock,33.77,1112485279.0,285812,Finance
MCB,Metropolitan Bank Holding Corp. Common Stock,89.25,1106501687.0,105076,Finance
JCAP,Jefferson Capital Inc. Common Stock,19.25,1105441568.0,373811,Finance
MMI,Marcus & Millichap Inc. Common Stock,28.57,1081974556.0,222212,Finance
CFFN,Capitol Federal Financial Inc. Common Stock,8.58,1078491268.0,984413,Finance
FSBC,Five Star Bancorp Common Stock,43.65,1071023201.0,138736,Finance
PSEC,Prospect Capital Corporation Common Stock,2.0,1067633698.0,6014009,Finance
NCZ,Virtus Convertible & Income Fund II Common Shares of Beneficial Interest,13.97,1063337014.0,61129,Finance
MBINL,Merchants Bancorp Depositary Shares Each Representing a 1/40thInterest in a Share of 7.25% Fixed Rate Series E Non-CumulativePerpetual Preferred Stock without par value,23.09,1060710152.0,13669,Finance
HTFC,Horizon Technology Finance Corporation 6.25% Notes due 2027,24.77,1053857460.0,9262,Finance
OCSL,Oaktree Specialty Lending Corporation Common Stock,11.905,1048658151.0,630257,Finance
ETW,Eaton Vance Corporation Eaton Vance Tax-Managed Global Buy-Write Opportunites Fund Common Shares of Beneficial Interest,9.49,1040082989.0,248706,Finance
NBN,Northeast Bank Common Stock,126.86,1031371800.0,130500,Finance
AEF,abrdn Emerging Markets ex-China Fund Inc. Common Stock,9.6,1030680000.0,79319,Finance
MBWM,Mercantile Bank Corporation Common Stock,59.5,1028599408.0,107333,Finance
GSBD,Goldman Sachs BDC Inc. Common Stock,9.07,1021001438.0,869447,Finance
DSL,DoubleLine Income Solutions Fund Common Shares of Beneficial Interests,9.96,1015888407.0,726905,Finance
MCBS,MetroCity Bankshares Inc. Common Stock,35.23,1013962698.0,69320,Finance
FSCO,FS Credit Opportunities Corp. Common Stock,5.11,1013598649.0,1256359,Finance
BTZ,BlackRock Credit Allocation Income Trust,9.37,1013224950.0,530726,Finance
DCBG,Dime Commercial Bancshares Inc. 9.000% Junior Subordinated Notes,25.87,1012775239.0,1769,Finance
HRTG,Heritage Insurance Holdings Inc. Common Stock,33.99,1010604820.0,201734,Finance
CCNE,CNB Financial Corporation Common Stock,34.1,1010072179.0,151135,Finance
BCX,BlackRock Resources Common Shares of Beneficial Interest,11.9,1009810319.0,150751,Finance
BFST,Business First Bancshares Inc. Common Stock,30.9,1005791385.0,192826,Finance
HBNC,Horizon Bancorp Inc. Common Stock,19.48,1000191230.0,1201671,Finance
NBBK,NB Bancorp Inc. Common Stock,22.57,988983319.0,221968,Finance
EQBK,Equity Bancshares Inc. Class A Common Stock,47.73,982879548.0,147232,Finance
CAC,Camden National Corporation Common Stock,57.19,966342232.0,69511,Finance
PTA,Cohen & Steers Tax-Advantaged Preferred Securities and Income Fund Common Shares of Beneficial Interest,17.34,958441744.0,325358,Finance
TRST,TrustCo Bank Corp NY Common Stock,55.69,948274841.0,107475,Finance
HAFC,Hanmi Financial Corporation Common Stock,31.67,938991906.0,179329,Finance
CPF,Central Pacific Financial Corp New,36.42,937721473.0,163287,Finance
HQH,abrdn Healthcare Investors Shares of Beneficial Interest,19.8,937405775.0,418542,Finance
OIG,Orion180 Insurance Group Inc. Class A common stock,9.44,934866347.0,437625,Finance
MPB,Mid Penn Bancorp Common Stock,36.4,922201826.0,118311,Finance
GAINZ,Gladstone Investment Corporation 4.875% Notes due 2028,24.1,921083443.0,3378,Finance
SBSI,Southside Bancshares Inc. Common Stock,30.73,915999225.0,128211,Finance
RNP,Cohen & Steers REIT and Preferred and Income Fund Inc. Common Shares,18.53,910538777.0,140731,Finance
RWAYL,Runway Growth Finance Corp. 7.50% Notes due 2027,25.13,910123962.0,12030,Finance
FMNB,Farmers National Banc Corp. Common Stock,15.34,908857754.0,340658,Finance
FCBC,First Community Bankshares Inc. (VA) Common Stock,48.0,907695792.0,91240,Finance
RHLD,Resolute Holdings Management Common Stock ,115.91,906369256.0,163817,Finance
BBDC,Barings BDC Inc. Common Stock,8.63,903620409.0,690982,Finance
FRBT,Forbright Inc. Class A Common Stock,17.79,903098320.0,133448,Finance
AIZN,Assurant Inc. 5.25% Subordinated Notes due 2061,17.75,895650995.0,20655,Finance
SIGIP,Selective Insurance Group Inc. Depositary Shares each representing a 1/1000th interest in a share of 4.60% Non-Cumulative Preferred Stock Series B,15.0,893536785.0,5268,Finance
THFF,First Financial Corporation Common Stock,74.99,891773281.0,79699,Finance
BANFP,BancFirst Corporation - BFC Capital Trust II Cumulative Trust Preferred Securities,26.4,887006868.0,504,Finance
VRTS,Virtus Investment Partners Inc. Common Stock,133.81,886182149.0,117878,Finance
EIG,Employers Holdings Inc Common Stock,49.13,882399660.0,145681,Finance
BHFAL,Brighthouse Financial Inc. 6.25% Junior Subordinated Debentures due 2058,15.32,881077145.0,52068,Finance
SMBK,SmartFinancial Inc. Common Stock,50.99,871851138.0,101491,Finance
BTGO,BitGo Holdings Inc. Class A Common Stock,7.38,867486690.0,1099567,Finance
EGBN,Eagle Bancorp Inc. Common Stock,28.38,865135154.0,208260,Finance
GSBC,Great Southern Bancorp Inc. Common Stock,79.27,863845380.0,61540,Finance
NAVI,Navient Corporation Common Stock,9.19,861873379.0,875447,Finance
FMN,Federated Hermes Premier Municipal Income Fund,9.96,859098306.0,105495,Finance
MBINN,Merchants Bancorp Depositary Shares Preferred Series C,18.67,857663860.0,31704,Finance
HIPO,Hippo Holdings Inc. Common Stock,32.24,850793643.0,158302,Finance
CCBG,Capital City Bank Group Common Stock,49.66,849846329.0,54189,Finance
RPC,Ridgepost Capital Inc. Class A Common Stock,7.62,840016913.0,520916,Finance
TCBIO,Texas Capital Bancshares Inc. Depositary Shares 5.75% Fixed Rate Non-Cumulative Perpetual Preferred Stock Series B,18.9,821665574.0,12957,Finance
ORRF,Orrstown Financial Services Inc. Common Stock,41.67,819633315.0,82916,Finance
ALRS,Alerus Financial Corporation Common Stock,32.67,814382274.0,201585,Finance
WRLD,World Acceptance Corporation Common Stock,174.44,813445119.0,48144,Finance
SPFI,South Plains Financial Inc. Common Stock,43.02,810458297.0,118964,Finance
ABX,Abacus Global Management Inc. Class A Common Stock,8.27,808741899.0,563789,Finance
BHFAO,Brighthouse Financial Inc. Depositary Shares 6.75% Non-Cumulative Preferred Stock Series B,14.04,807462345.0,31410,Finance
IBCP,Independent Bank Corporation Common Stock,36.37,807388359.0,232929,Finance
SMBC,Southern Missouri Bancorp Inc. Common Stock,72.59,799453923.0,55984,Finance
BHFAP,Brighthouse Financial Inc. Depositary Shares 6.6% Non-Cumulative Preferred Stock Series A,13.8,793659569.0,15953,Finance
PGC,Peapack-Gladstone Financial Corporation Common Stock,44.58,790312100.0,144190,Finance
FISI,Financial Institutions Inc. Common Stock,39.98,787860273.0,118723,Finance
HTB,HomeTrust Bancshares Inc. Common Stock,46.59,777735256.0,138944,Finance
RCBC,River City Bank Common stock,54.17,769197966.0,48806,Finance
SHBI,Shore Bancshares Inc Common Stock,23.0,767562348.0,201343,Finance
SKYH,Sky Harbour Group Corporation Class A Common Stock,9.29,758338129.0,251886,Finance
RILYG,BRC Group Holdings Inc. 5.00% Senior Notes due 2026,24.83,757242149.0,29349,Finance
WASH,Washington Trust Bancorp Inc. Common Stock,38.46,733598386.0,79592,Finance
CGBD,Carlyle Secured Lending Inc. Common Stock,10.65,732768788.0,505083,Finance
CCNEP,CNB Financial Corporation Depositary Shares each representing a 1/40th ownership interest in a share of 7.125% Series A Fixed-Rate Non-Cumulative Perpetual Preferred Stock,24.68,731043442.0,322,Finance
FDUS,Fidus Investment Corporation Common Stock,19.26,731001051.0,276389,Finance
TCBX,Third Coast Bancshares Inc. Common Stock,43.36,722159499.0,74543,Finance
CWBC,Community West Bancshares Common Stock,26.53,719787499.0,138513,Finance
BCSF,Bain Capital Specialty Finance Inc. Common Stock,11.05,716797002.0,522246,Finance
ROOT,Root Inc. Class A Common Stock,46.26,716717838.0,157961,Finance
GDOT,Green Dot Corporation Class A Common Stock $0.001 par value,12.5,712314738.0,442525,Finance
PRAA,PRA Group Inc. Common Stock,18.87,710417873.0,462880,Finance
MFIC,MidCap Financial Investment Corporation Common Stock,8.62,710052053.0,682967,Finance
BCAL,California BanCorp Common Stock,21.78,700238783.0,230553,Finance
AROW,Arrow Financial Corporation Common Stock,37.79,700011492.0,59613,Finance
WYFI,WhiteFiber Inc. Ordinary Shares,17.93,696546756.0,1495821,Finance
NEWTP,NewtekOne Inc. Depositary Shares Non-Cumulative Perpetual Preferred Stock Series B,24.07,695255475.0,1916,Finance
PFIS,Peoples Financial Services Corp. Common Stock,69.29,693618329.0,52198,Finance
NIE,Virtus Equity & Convertible Income Fund Common Shares of Beneficial Interest,24.89,689676139.0,94222,Finance
MSBI,Midland States Bancorp Inc. Common Stock,33.14,687724992.0,113431,Finance
XFLT,XAI Floating Rate & Alternative Income Trust Common Shares of Beneficial Interest,19.31,684897353.0,109080,Finance
FINV,FinVolution Group American Depositary Shares,2.9,684672606.0,477379,Finance
BSTZ,BlackRock Science and Technology Term Trust Common Shares of Beneficial Interest,30.88,684233790.0,154239,Finance
CARE,Carter Bankshares Inc. Common Stock,30.75,681540878.0,125815,Finance
RRBI,Red River Bancshares Inc. Common Stock,103.41,680862401.0,110917,Finance
PFLT,PennantPark Floating Rate Capital Ltd. Common Stock,6.84,678650409.0,939793,Finance
DGICA,Donegal Group Inc. Class A Common Stock,18.27,678169282.0,97332,Finance
FPH,Five Point Holdings LLC Class A Common Shares,4.54,671373675.0,121301,Finance
TRON,Tron Inc. Common Stock,1.41,668878710.0,565606,Finance
NSLRL,Neostellar Capital Corp. 6.00% Notes due 2026,24.9893,661547287.0,20056,Finance
BHB,Bar Harbor Bankshares Inc. Common Stock,39.45,661421856.0,97402,Finance
NEWTG,NewtekOne Inc. 8.50% Fixed Rate Senior Notes due 2029,25.1,660678485.0,5249,Finance
NEWTI,NewtekOne Inc. 8.00% Fixed Rate Senior Notes due 2028,25.1,660678485.0,2136,Finance
CBNK,Capital Bancorp Inc. Common Stock,40.45,658948945.0,454864,Finance
CUBB,Customers Bancorp Inc 5.375% Subordinated Notes Due 2034,20.78,657136122.0,2305,Finance
RILYT,BRC Group Holdings Inc. 6.00% Senior Notes Due 2028,21.54,656906802.0,31735,Finance
NMFC,New Mountain Finance Corporation Common Stock,6.94,655499587.0,947860,Finance
ACNB,ACNB Corporation Common Stock,63.78,648638135.0,45291,Finance
TBLD,Thornburg Income Builder Opportunities Trust Common Stock,20.21,648374855.0,69460,Finance
BHFAN,Brighthouse Financial Inc. Depositary shares each representing a 1/1000th interest in a share of 5.375% Non-Cumulative Preferred Stock Series C,11.25,647005084.0,25469,Finance
TIPT,Tiptree Inc. Common Stock,17.35,646108656.0,211273,Finance
DLY,DoubleLine Yield Opportunities Fund Common Shares of Beneficial Interest,13.44,644391270.0,501208,Finance
WCCB,West Coast Community Bancorp Common Stock,60.66,638390875.0,26466,Finance
SLRC,SLR Investment Corp. Common Stock,11.55,630106023.0,381014,Finance
RMT,Royce Micro-Cap Trust Inc. Common Stock,13.6,629259855.0,73254,Finance
GAIN,Gladstone Investment Corporation Business Development Company,15.66,623612003.0,100299,Finance
HPP,Hudson Pacific Properties Inc. Common Stock,11.48,623005147.0,540413,Finance
FWDI,Forward Industries Inc. Common Stock,8.16,622511834.0,3048622,Finance
NXP,Nuveen Select Tax Free Income Portfolio Common Stock,13.29,621960212.0,236963,Finance
ABTC,American Bitcoin Corp. Class A Common Stock,8.51,619695758.0,1248980,Finance
DGICB,Donegal Group Inc. Class B Common Stock,16.65,618036045.0,5365,Finance
HIFS,Hingham Institution for Savings Common Stock,287.78,617978772.0,33262,Finance
MGRE,Affiliated Managers Group Inc. 6.750% Junior Subordinated Notes due 2064,21.64,614837043.0,25645,Finance
FOF,Cohen & Steers Closed-End Opportunity Fund Inc. Common Stock,12.5,614232850.0,58705,Finance
CCB,Coastal Financial Corporation Common Stock,40.17,614051756.0,351430,Finance
AGNT,AGNT Inc. Common Stock,3.65,609980470.0,1574511,Finance
GEMI,Gemini Space Station Inc. Class A Common Stock,4.67,605475783.0,3569141,Finance
KRNY,Kearny Financial Corp Common Stock,9.32,605141840.0,504898,Finance
EFSCP,Enterprise Financial Services Corporation Depositary Shares Each Representing a 1/40th Interest in a Share of 5% Fixed Rate Non-Cumulative Perpetual Preferred Stock Series A,16.47,596090804.0,328,Finance
RILYZ,BRC Group Holdings Inc. 5.25% Senior Notes due 2028,19.54,595912670.0,16565,Finance
FBIZ,First Business Financial Services Inc. Common Stock,70.93,593564938.0,46231,Finance
BTBT,Bit Digital Inc. Ordinary Shares,1.63,587832610.0,20349952,Finance
GCBC,Greene County Bancorp Inc. Common Stock,34.26,583293116.0,43390,Finance
BME,Blackrock Health Sciences Trust,43.34,577853000.0,42542,Finance
BWB,Bridgewater Bancshares Inc. Common Stock,20.71,577473974.0,71083,Finance
SFST,Southern First Bancshares Inc. Common Stock,60.85,576356292.0,47424,Finance
VEL,Velocity Financial Inc. Common Stock,14.59,576034458.0,217130,Finance
VMO,Invesco Municipal Opportunity Trust Common Stock,8.51,573920229.0,451661,Finance
BHFAM,Brighthouse Financial Inc. Depositary shares each representing a 1/1000th Interest in a Share of 4.625% Non-Cumulative Preferred Stock Series D,9.95,572240052.0,21543,Finance
CIVB,Civista Bancshares Inc. Common Stock,26.98,561028541.0,96710,Finance
UNTY,Unity Bancorp Inc. Common Stock,55.34,555756267.0,42889,Finance
SWRD,Stewards Inc Common Stock,2.45,552782786.0,182036,Finance
NRIM,Northrim BanCorp Inc Common Stock,24.76,550780406.0,159233,Finance
ITIC,Investors Title Company Common Stock,290.2,547896439.0,33871,Finance
BWBBP,Bridgewater Bancshares Inc. Depositary Shares Each Representing a 1/100th Interest in a Share of 5.875% Non-Cumulative Perpetual Preferred Stock Series A,19.565,545546997.0,439,Finance
MGR,Affiliated Managers Group Inc. 5.875% Junior Subordinated Notes due 2059,19.15,544091006.0,49351,Finance
HBCP,Home Bancorp Inc. Common Stock,67.53,531511748.0,46907,Finance
BWFG,Bankwell Financial Group Inc. Common Stock,66.65,531331934.0,91624,Finance
NPB,Northpointe Bancshares Inc. Common Stock,15.35,530831275.0,222989,Finance
MSBIP,Midland States Bancorp Inc. Depositary Shares Each Representing a 1/40th Interest in a Share of 7.750% Fixed-Rate Reset Non-Cumulative Perpetual Preferred Stock Series A,25.4755,528670429.0,464,Finance
BSVN,Bank7 Corp. Common stock,55.48,528494491.0,33951,Finance
RFI,Cohen & Steers Total Return Realty Fund Inc. Common Stock,10.49,515464208.0,116898,Finance
BSRR,Sierra Bancorp Common Stock,39.76,515424665.0,38167,Finance
IIM,Invesco Value Municipal Income Trust Common Stock,10.92,513987354.0,373644,Finance
WTBA,West Bancorporation Common Stock,30.08,512675789.0,126406,Finance
AII,American Integrity Insurance Group Inc. Common Stock,26.06,510604708.0,109448,Finance
OPFI,OppFi Inc. Class A Common Stock,5.97,508693235.0,642746,Finance
OBT,Orange County Bancorp Inc. Common Stock,37.73,505882444.0,62532,Finance
ORBS,Eightco Holdings Inc. Common Stock,1.16,498541784.0,31406412,Finance
PBAM,Private Bancorp of America Inc. Common Stock,86.9,497918577.0,121704,Finance
COFS,ChoiceOne Financial Services Inc. Common Stock,33.11,495177267.0,84788,Finance
ETO,Eaton Vance Tax-Advantage Global Dividend Opp Common Stock,30.07,492791310.0,25834,Finance
PDLB,Ponce Financial Group Inc. Common Stock,20.35,492223785.0,94290,Finance
FMAO,Farmers & Merchants Bancorp Inc. Common Stock,35.49,488809519.0,40977,Finance
VGM,Invesco Trust for Investment Grade Municipals Common Stock (DE),8.9,482664515.0,360640,Finance
VKQ,Invesco Municipal Trust Common Stock,8.6,475885429.0,328646,Finance
IQI,Invesco Quality Municipal Income Trust Common Stock,8.94,472781145.0,292885,Finance
FTHY,First Trust High Yield Opportunities 2027 Term Fund Common Stock,12.61,463707391.0,140372,Finance
CZNC,Citizens & Northern Corp Common Stock,25.63,459670641.0,67155,Finance
TYG,Tortoise Energy Infrastructure Corporation Common Stock,38.11,454572383.0,186051,Finance
HQL,abrdn Life Sciences Investors Shares of Beneficial Interest,17.68,454015964.0,245744,Finance
ALTI,AlTi Global Inc. Class A Common Stock,2.91,453795387.0,110306,Finance
ETB,Eaton Vance Tax-Managed Buy-Write Income Fund Eaton Vance Tax-Managed Buy-Write Income Fund Common Shares of Beneficial Interest,15.38,451732101.0,43336,Finance
AHRT,AH Realty Trust Inc. Common Stock,6.03,449795742.0,1099950,Finance
BMRC,Bank of Marin Bancorp Common Stock,27.71,448742612.0,103289,Finance
MGRB,Affiliated Managers Group Inc. 4.750% Junior Subordinated Notes due 2060,15.75,447489992.0,12658,Finance
FRBA,First Bank Common Stock,17.79,447141029.0,88888,Finance
AVBC,Avidia Bancorp Inc. Common Stock,22.24,444139605.0,114516,Finance
RBB,RBB Bancorp Common Stock,26.19,443029097.0,94043,Finance
TRC,Tejon Ranch Co Common Stock,16.38,442611253.0,82623,Finance
PBFS,Pioneer Bancorp Inc. Common Stock,17.77,441436352.0,12902,Finance
ACIC,American Coastal Insurance Corporation Common Stock,9.33,441046155.0,195277,Finance
RILYL,BRC Group Holdings Inc. Depositary Shares each representing 1/1000th in a share of 7.375% Series B Cumulative Perpetual Preferred Stock par value $0.0001,10.91,438579327.0,8290,Finance
AMSF,AMERISAFE Inc. Common Stock,23.59,437265608.0,494396,Finance
CBK,Commercial Bancgroup Inc. Common Stock,31.88,436796488.0,22642,Finance
GUT,Gabelli Utility Trust (The) Common Stock,5.95,436724223.0,215788,Finance
PLBC,Plumas Bancorp,62.54,435216861.0,41349,Finance
CBAN,Colony Bankcorp Inc. Common Stock,20.45,433968734.0,101603,Finance
VCV,Invesco California Value Municipal Income Trust Common Stock,8.97,429578009.0,327751,Finance
USCB,USCB Financial Holdings Inc. Class A Common Stock,22.55,416599299.0,73568,Finance
ISTR,Investar Holding Corporation Common Stock,29.41,405182335.0,85833,Finance
MGRD,Affiliated Managers Group Inc. 4.200% Junior Subordinated Notes due 2061,14.26,405156018.0,18475,Finance
RILYP,BRC Group Holdings Inc. Depositary Shares each representing a 1/1000th fractional interest in a share of Series A Cumulative Perpetual Preferred Stock,10.025,403002544.0,10649,Finance
BOC,Boston Omaha Corporation Class A Common Stock,13.21,397971937.0,202378,Finance
GREEL,Vulcan Infrastructure and Power Inc. 8.50% Senior Notes due 2026,25.315,396772551.0,2624,Finance
SAZ,Saratoga Investment Corp 8.50% Notes due 2028,25.25,395620308.0,13419,Finance
SAJ,Saratoga Investment Corp 8.00% Notes due 2027,25.22,395150264.0,1786,Finance
CHMG,Chemung Financial Corp Common Stock,81.93,395023201.0,97355,Finance
MVBF,MVB Financial Corp. Common Stock,30.46,394990263.0,90101,Finance
SAY,Saratoga Investment Corp 8.125% Notes due 2027,25.2,394836901.0,19108,Finance
PCB,PCB Bancorp Common Stock,28.01,393389302.0,34272,Finance
FRPH,FRP Holdings Inc. Common Stock,20.28,389341544.0,92279,Finance
CZFS,Citizens Financial Services Inc. Common Stock,80.9,389117270.0,45551,Finance
FRST,Primis Financial Corp. Common Stock,15.62,387361505.0,88262,Finance
PKBK,Parke Bancorp Inc. Common Stock,32.87,386599519.0,37807,Finance
FNLC,First Bancorp Inc  (ME) Common Stock,34.21,385968851.0,33685,Finance
USDE,StablecoinX Inc. Class A Common Stock,14.15,384697875.0,2764177,Finance
OPRT,Oportun Financial Corporation Common Stock,8.35,383993563.0,946193,Finance
ATLCL,Atlanticus Holdings Corporation 6.125% Senior Notes due 2026,25.3,382673860.0,15873,Finance
ATLCZ,Atlanticus Holdings Corporation 9.25% Senior Notes due 2029,25.23,381615078.0,19597,Finance
TACO,Berto Acquisition Corp. Ordinary Shares,10.46,381185747.0,41478,Finance
VALU,Value Line Inc. Common Stock,40.5,379974969.0,1114,Finance
SOR,Source Capital Inc. Cmn Shs of BI,44.95,375084511.0,8212,Finance
EVN,Eaton Vance Municipal Income Trust Common Stock,9.28,368111273.0,359025,Finance
NWFL,Norwood Financial Corp. Common Stock,33.7,367399894.0,37622,Finance
NECB,NorthEast Community Bancorp Inc. Common Stock,26.65,366865472.0,36694,Finance
SVIA,Silvia Inc. Common Stock,4.28,360848683.0,3103441,Finance
MCI,Barings Corporate Investors Common Stock,17.8,360658598.0,21904,Finance
WSBF,Waterstone Financial Inc. Common Stock (MD),19.94,358461938.0,110808,Finance
ATLCP,Atlanticus Holdings Corporation 7.625% Series B Cumulative Perpetual Preferred Stock no par value per share,23.5101,356649110.0,194,Finance
GBLI,Global Indemnity Group LLC Class A Common Stock ,24.35,356498951.0,5299,Finance
BCBP,BCB Bancorp Inc. (NJ) Common Stock,8.5,354890487.0,369942,Finance
TSBK,Timberland Bancorp Inc. Common Stock,45.49,353715137.0,30013,Finance
BRBS,Blue Ridge Bankshares Inc. Common Stock,3.93,352477192.0,1386470,Finance
BKKT,Bakkt Inc. Class A Common Stock,7.75,349288300.0,1353070,Finance
FSBW,FS Bancorp Inc. Common Stock,44.33,348529021.0,18614,Finance
LEO,BNY Mellon Strategic Municipals Inc. Common Stock,5.59,348205874.0,169851,Finance
OPI,Office Properties Income Trust Common shares of beneficial interest,15.79,346646981.0,102521,Finance
TREE,LendingTree Inc. Common Stock,24.64,345934783.0,239599,Finance
CION,CION Investment Corporation Common Stock,7.0,344418928.0,315037,Finance
AVBH,Avidbank Holdings Inc. Common stock,31.26,343343585.0,68574,Finance
BCML,BayCom Corp Common Stock,31.19,340598449.0,90559,Finance
VKI,Invesco Advantage Municipal Income Trust II Common Shares of Beneficial Interest (DE),7.67,340594173.0,496692,Finance
TCPC,BlackRock TCP Capital Corp. Common Stock,3.98,333933045.0,576298,Finance
CCAP,Crescent Capital BDC Inc. Common stock,9.02,332350487.0,366614,Finance
PPT,Franklin Premier Income Trust Shares of Beneficial Interest,3.27,325457420.0,119555,Finance
JMSB,John Marshall Bancorp Inc. Common Stock,23.01,324720203.0,93618,Finance
NEWT,NewtekOne Inc. Common Stock,11.18,322931293.0,211294,Finance
COSO,CoastalSouth Bancshares Inc. Common Stock,26.98,322530953.0,297629,Finance
FDBC,Fidelity D & D Bancorp Inc. Common Stock,55.315,321297620.0,8495,Finance
OFSSH,OFS Capital Corporation 4.95% Notes due 2028,23.98,321285910.0,180,Finance
FVCB,FVCBankcorp Inc. Common Stock,17.79,320828507.0,73998,Finance
KTF,DWS Municipal Income Trust,8.1,319957598.0,177958,Finance
CFFI,C&F Financial Corporation Common Stock,98.3,319641225.0,55896,Finance
PMO,Franklin Municipal Opportunities Trust Shares of Beneficial Interest,9.21,312970232.0,93254,Finance
MLP,Maui Land & Pineapple Company Inc. Common Stock,15.71,311987325.0,15308,Finance
CBNA,Chain Bridge Bancorp Inc. Class A Common Stock,47.27,310177090.0,9736,Finance
HRZN,Horizon Technology Finance Corporation Common Stock,4.62,309696660.0,332636,Finance
EFT,Eaton Vance Floating Rate Income Trust Common Shares of Beneficial Interest,10.61,308649303.0,130754,Finance
FCCO,First Community Corporation Common Stock,32.67,307089212.0,30080,Finance
NODK,NI Holdings Inc. Common Stock,14.99,305866798.0,20682,Finance
PRHIZ,Presurance Holdings Inc. 9.75% Senior Unsecured Notes due 2028,24.5,299460585.0,517,Finance
BPRN,Princeton Bancorp Inc. Common Stock (PA),43.72,297873148.0,31704,Finance
CHAD,DeFi Development Corp. Variable Rate Series C Perpetual Preferred Stock,9.1,296849189.0,24141,Finance
MYFW,First Western Financial Inc. Common Stock,30.09,293832732.0,27245,Finance
RM,Regional Management Corp. Common Stock,31.8,293380249.0,105190,Finance
FNRN,First Northern Community Bancorp Common stock,17.78,291508487.0,166810,Finance
ISBA,Isabella Bank Corporation Common stock,38.12,290812639.0,25612,Finance
OCCIN,OFS Credit Company Inc. 5.25% Series E Term Preferred Stock Due 2026,24.97,290064255.0,803,Finance
OVLY,Oak Valley Bancorp (CA) Common Stock,34.09,286789216.0,8670,Finance
ATLO,Ames National Corporation Common Stock,32.36,286619639.0,20142,Finance
FUND,Sprott Focus Trust Inc. Common Stock,9.65,285963825.0,21453,Finance
FGBIP,First Guaranty Bancshares Inc. 6.75% Series A Fixed-Rate Non-Cumulative Perpetual Preferred Stock,17.225,284885894.0,2900,Finance
FRAF,Franklin Financial Services Corporation Common Stock,63.16,284193599.0,28993,Finance
HWBK,Hawthorn Bancshares Inc. Common Stock,38.63,282531283.0,9825,Finance
GBAB,Guggenheim Taxable Municipal Bond & Investment Grade Debt Trust Common Shares of Beneficial Interest,12.59,281977034.0,228682,Finance
FUNC,First United Corporation Common Stock,43.62,281516326.0,24426,Finance
WNEB,Western New England Bancorp Inc. Common Stock,13.93,279238997.0,47318,Finance
QNBC,QNB Corp. Common Stock,45.61,275876144.0,7435,Finance
PMM,Franklin Managed Municipal Income Trust Shares of Beneficial Interest,5.65,275374271.0,240335,Finance
RWAY,Runway Growth Finance Corp. Common Stock,6.55,274509871.0,362807,Finance
MFIN,Medallion Financial Corp. Common Stock,11.91,273456566.0,95963,Finance
FXNC,First National Corporation Common Stock,30.06,271821428.0,11492,Finance
NKSH,National Bankshares Inc. Common Stock,42.66,271770649.0,21750,Finance
FBLA,FB Bancorp Inc. Common Stock,16.96,270481099.0,72170,Finance
LCNB,LCNB Corporation Common Stock,18.94,269989473.0,24089,Finance
KINS,Kingstone Companies Inc. Common Stock,18.5,267808461.0,68144,Finance
MIN,Aberdeen Intermediate Income Fund Common Shares of Beneficial Interest,2.33,267711806.0,202006,Finance
OIA,Invesco Municipal Income Opportunities Trust Common Stock,5.6,266591298.0,482540,Finance
SAR,Saratoga Investment Corp New,16.48,265013496.0,160223,Finance
FCNCN,First Citizens BancShares Inc. Depositary Shares each representing a 1/40th interest in a share of 6.625% Non-Cumulative Perpetual Preferred Stock Series E,23.37,263920214.0,10730,Finance
ARDC,Ares Dynamic Credit Allocation Fund Inc. Common Shares,11.49,263292649.0,89905,Finance
GBFH,GBank Financial Holdings Inc. Common Stock,17.93,260280074.0,88331,Finance
ARL,American Realty Investors Inc. Common Stock,16.04,259078770.0,2975,Finance
RMBI,Richmond Mutual Bancorporation Inc. Common Stock,15.44,258759670.0,61214,Finance
MMT,Aberdeen Multi-Market Income Fund Common Shares of Beneficial Interest,4.32,257248678.0,144163,Finance
VPV,Invesco Pennsylvania Value Municipal Income Trust Common Stock (DE),10.72,255452712.0,8590,Finance
VABK,Virginia National Bankshares Corporation Common Stock,47.06,255313771.0,5996,Finance
ACV,Virtus Diversified Income & Convertible Fund Common Shares of Beneficial Interest,24.23,251094375.0,40186,Finance
SNFCA,Security National Financial Corporation Class A Common Stock,9.07,248312011.0,38348,Finance
CPZ,Calamos Long/Short Equity & Dynamic Income Trust Common Stock,12.55,246384035.0,55777,Finance
EFSI,Eagle Financial Services Inc Common Stock,45.51,246282599.0,32074,Finance
EOT,Eaton Vance Municipal Income Trust EATON VANCE NATIONAL MUNICIPAL OPPORTUNITIES TRUST,15.53,242655023.0,76538,Finance
PEBK,Peoples Bancorp of North Carolina Inc. Common Stock,44.27,241780162.0,28079,Finance
INBK,First Internet Bancorp Common Stock,27.62,241221314.0,50523,Finance
CMTV,Community Bancorp. Common Stock,41.8,234117704.0,28268,Finance
FOA,Finance of America Companies Inc. Class A Common Stock,13.5,233643015.0,55565,Finance
OPBK,OP Bancorp Common Stock,15.48,231156880.0,43497,Finance
ONIT,Onity Group Inc. Common Stock,27.26,227744215.0,149314,Finance
MRBK,Meridian Corporation Common Stock,18.97,226294041.0,106873,Finance
MBI,MBIA Inc. Common Stock,4.4,224472354.0,276654,Finance
EICA,Eagle Point Income Company 5.00% Series A Term Preferred Shares due 2026,24.97,222435457.0,5610,Finance
EXOD,Exodus Movement Inc. Class A Common Stock,7.33,221389881.0,98181,Finance
CFBK,CF Bankshares Inc. Common Stock,34.42,220821923.0,49272,Finance
INBKZ,First Internet Bancorp 6.0% Fixed-to-Floating Rate Subordinated Notes Due 2029,25.24,219918493.0,6793,Finance
BMEZ,BlackRock Health Sciences Term Trust Common Shares of Beneficial Interest,16.47,219594806.0,160710,Finance
FTF,Franklin Limited Duration Income Trust Common Shares of Beneficial Interest,5.37,216976858.0,171576,Finance
LIEN,Chicago Atlantic BDC Inc. Common Stock,9.5,216795605.0,41170,Finance
FCNCO,First Citizens BancShares Inc. 5.625% Non-Cumulative Perpetual Preferred Stock Series C,19.055,215190402.0,15050,Finance
LDI,loanDepot Inc. Class A Common Stock,0.6353,214830042.0,4854774,Finance
PNNT,PennantPark Investment Corporation Common Stock,3.25,212212306.0,447882,Finance
SCM,Stellus Capital Investment Corporation Common Stock,7.41,211036333.0,112682,Finance
ZSQR,Z Squared Inc. Common Stock,3.97,210411576.0,623791,Finance
FCAP,First Capital Inc. Common Stock,62.9,210376913.0,13478,Finance
OVBC,Ohio Valley Banc Corp. Common Stock,44.61,210157755.0,31137,Finance
ECC,Eagle Point Credit Company Common Share of Beneficial Interest,3.46,209892333.0,672104,Finance
BAFN,BayFirst Financial Corp. Common Stock,7.76,209231444.0,94147,Finance
OSG,Octave Specialty Group Inc. Common Stock,4.6,207236836.0,673461,Finance
USBC,USBC Inc. Common Stock,0.5334,207036238.0,345421,Finance
FCNCP,First Citizens BancShares Inc. Depositary Shares,18.21,205647715.0,46273,Finance
RBKB,Rhinebeck Bancorp Inc. Common Stock,13.15,205612953.0,104560,Finance
CZWI,Citizens Community Bancorp Inc. Common Stock,21.3,205549920.0,24941,Finance
MFM,Aberdeen Municipal Income Fund Common Shares of Beneficial Interest,4.89,201407516.0,409408,Finance
CPSS,Consumer Portfolio Services Inc. Common Stock,9.09,199118132.0,46733,Finance
NSLR,Neostellar Capital Corp. Common Stock,7.44,196960772.0,282202,Finance
TONX,TON Strategy Company Common Stock,3.57,196607001.0,165499,Finance
RILY,BRC Group Holdings Inc. Common Stock,4.86,195370809.0,765110,Finance
CHCI,Comstock Holding Companies Inc. Class A Common Stock,18.77,192992239.0,23438,Finance
LARK,Landmark Bancorp Inc. Common Stock,31.36,191312746.0,5892,Finance
VTN,Invesco Trust for Investment Grade New York Municipals Common Stock,9.63,187649978.0,52122,Finance
CBFV,CB Financial Services Inc. Common Stock,36.85,187256370.0,3555,Finance
WHG,Westwood Holdings Group Inc Common Stock,19.61,187141211.0,62284,Finance
SBFG,SB Financial Group Inc. Common Stock,29.4,183837965.0,17375,Finance
FNWD,Finward Bancorp Common Stock,42.38,183632625.0,8124,Finance
HNVR,Hanover Bancorp Inc. Common Stock,25.64,180901071.0,105514,Finance
BVFL,BV Financial Inc. Common Stock,21.23,179830923.0,22319,Finance
CIA,Citizens Inc. Class A Common Stock ($1.00 Par),3.54,179276602.0,85067,Finance
ECBK,ECB Bancorp Inc. Common Stock,20.43,178511252.0,5211,Finance
FT,Franklin Universal Trust Common Stock,7.08,177933810.0,44184,Finance
PAAC,Proem Acquisition Corp I Ordinary Shares,10.02,177587797.0,130807,Finance
MNSB,MainStreet Bancshares Inc. Common Stock,24.935,177564030.0,30119,Finance
MNSBP,MainStreet Bancshares Inc. Depositary Shares,24.92,177457214.0,261,Finance
CMTG,Claros Mortgage Trust Inc. Common Stock,1.23,173533573.0,547376,Finance
DFDV,DeFi Development Corp. Common Stock,5.25,171259148.0,2344860,Finance
AOMR,Angel Oak Mortgage REIT Inc. Common Stock,7.32,169932900.0,117693,Finance
MPV,Barings Participation Investors Common Stock,15.9806,169421527.0,11601,Finance
EBMT,Eagle Bancorp Montana Inc. Common Stock,21.25,169265409.0,23682,Finance
GRX,The Gabelli Healthcare & Wellness Trust Common Shares of Beneficial Interest,9.375,160246622.0,7249,Finance
GNT,GAMCO Natural Resources Gold & Income Trust,8.49,156856477.0,34582,Finance
FINW,FinWise Bancorp Common Stock,11.17,155069536.0,17890,Finance
PIM,Franklin Master Intermediate Income Trust Shares of Beneficial Interest,2.99,150257648.0,183434,Finance
WHF,WhiteHorse Finance Inc. Common Stock,6.98,149905768.0,134871,Finance
SRBK,SR Bancorp Inc. Common stock,18.5,146730826.0,15350,Finance
LSBK,Lake Shore Bancorp Inc. Common Stock,18.38,144352623.0,14555,Finance
BANX,ArrowMark Financial Corp. Common Stock,20.0,142052520.0,30118,Finance
DOUG,Douglas Elliman Inc. Common Stock,1.55,140880233.0,940161,Finance
OXSQ,Oxford Square Capital Corp. Common Stock,1.28,137865952.0,1253530,Finance
FGBI,First Guaranty Bancshares Inc. Common Stock,8.31,137439871.0,26942,Finance
HYNE,Hoyne Bancorp Inc. Common Stock,16.6,134409171.0,3548,Finance
GHI,Greystone Housing Impact Investors LP Beneficial Unit Certificates representing assignments of limited partnership interests,5.53,130300680.0,83113,Finance
SUIG,Sui Group Holdings Limited Common Stock,1.64,125956710.0,1372125,Finance
SAMG,Silvercrest Asset Management Group Inc. Class A Common Stock,10.54,124875464.0,127858,Finance
MGYR,Magyar Bancorp Inc. Common Stock,19.315,124685723.0,1294,Finance
BOTJ,Bank of the James Financial Group Inc. Common Stock,27.3,124033127.0,67887,Finance
RVSB,Riverview Bancorp Inc Common Stock,5.99,120762072.0,61376,Finance
JHS,John Hancock Income Securities Trust Common Stock,10.34,120425689.0,4769,Finance
WSBK,Winchester Bancorp Inc. Common Stock,12.91,120003304.0,4790,Finance
SFBC,Sound Financial Bancorp Inc. Common Stock,46.21,118669267.0,3985,Finance
OPENW,Opendoor Technologies Inc  Series K Warrants each whole warrant exercisable to purchase one share of Common Stock at an exercise price of $9.00 per warrant,0.1201,116628035.0,83509,Finance
BSBK,Bogota Financial Corp. Common Stock,9.09,116000335.0,6423,Finance
PROV,Provident Financial Holdings Inc. Common Stock,18.31,114143771.0,12729,Finance
OPHC,OptimumBank Holdings Inc. Common Stock,9.04,114107129.0,46105,Finance
FGCPP,FG Communities Holdings Inc. 8.00% Cumulative Preferred Stock,24.23,114065511.0,222,Finance
UNB,Union Bankshares Inc. Common Stock,23.03,113903340.0,3007,Finance
PNBK,Patriot National Bancorp Inc. Common Stock,0.9302,110453994.0,61559,Finance
GGT,Gabelli Multi-Media Trust Inc. (The) Common Stock,3.98,109592289.0,270838,Finance
USDEW,StablecoinX Inc. Warrants,4.0,108748516.0,288122,Finance
JHI,John Hancock Investors Trust Common Stock,12.18,106508582.0,29156,Finance
BEEP,Mobile Infrastructure Corporation Common Stock,2.57,106141000.0,46983,Finance
BYFC,Broadway Financial Corporation Class A Common Stock,11.42,105960984.0,1653,Finance
GLU,Gabelli Global Utility Common Shares of Beneficial Ownership,17.45,104157497.0,9287,Finance
RDZN,Roadzen Inc. Ordinary Shares,1.22,103901377.0,237210,Finance
UPXI,Upexi Inc. Common Stock,1.17,103168795.0,2011368,Finance
ILLU,Illumination Acquisition Corp I Class A Ordinary Shares,9.98,102442145.0,81118,Finance
SRG,Seritage Growth Properties Class A Common Stock,1.81,101947539.0,128487,Finance
FNWB,First Northwest Bancorp Common Stock,9.95,94640569.0,33665,Finance
AUBN,Auburn National Bancorporation Inc. Common Stock,26.979,94002714.0,1873,Finance
FDSB,Fifth District Bancorp Inc. Common Stock,17.4,91100449.0,7813,Finance
FUSB,First US Bancshares Inc. Common Stock,16.5,90827699.0,2989,Finance
SIEB,Siebert Financial Corp. Common Stock,2.2,90422059.0,23047,Finance
MGF,Aberdeen Government Markets Income Fund Common Shares of Beneficial Interest,2.71,88338935.0,118935,Finance
PFX,PhenixFIN Corporation Common Stock,44.875,86665876.0,1127,Finance
PBHC,Pathfinder Bancorp Inc. Common Stock (MD),17.43,85378415.0,1253,Finance
BCIC,BCP Investment Corporation Common Stock,6.89,85323362.0,54612,Finance
EVF,Eaton Vance Senior Income Trust Common Stock,4.855,85151156.0,58924,Finance
UBCP,United Bancorp Inc. Common Stock,14.79,84828311.0,5845,Finance
CPBI,Central Plains Bancshares Inc. Common Stock,20.075,83757638.0,4852,Finance
USIO,Usio Inc. Common Stock,2.93,83491563.0,252781,Finance
EIC,Eagle Point Income Company Common Shares of Beneficial Interest,9.21,82043675.0,116945,Finance
HNNA,Hennessy Advisors Inc. Common Stock,10.31,81494467.0,14314,Finance
SSBI,Summit State Bank Common Stock,12.185,81312089.0,1788,Finance
AVAT,Avalanche Treasury Corporation Class A Common Stock,1.83,80008413.0,761264,Finance
AFCG,Advanced Flower Capital Inc. Common Stock,3.5,79351717.0,41968,Finance
DTF,DTF Tax-Free Income 2028 Term Fund Inc. Common Stock,11.25,79082629.0,7959,Finance
ASRV,AmeriServ Financial Inc. Common Stock,4.645,78868695.0,12251,Finance
GCV,Gabelli Convertible and Income Securities Fund Inc. (The) Common Stock,4.13,78635320.0,44054,Finance
OPENL,Opendoor Technologies Inc  Series A Warrants each whole warrant exercisable to purchase one share of Common Stock at an exercise price of $13.00 per warrant,0.0809,78561266.0,155522,Finance
HFBL,Home Federal Bancorp Inc. of Louisiana Common Stock,25.385,76931629.0,1166,Finance
OPENZ,Opendoor Technologies Inc  Series Z Warrants each whole warrant exercisable to purchase one share of Common Stock at an exercise price of $17.00 per warrant,0.0782,75939320.0,119715,Finance
BTCS,BTCS Inc. Common Stock,1.43,75034876.0,1626292,Finance
SLQT,SelectQuote Inc. Common Stock,0.4109,73658674.0,1121282,Finance
GLV,Clough Global Dividend and Income Fund Common Shares of beneficial interest,5.79,73588486.0,34601,Finance
CEV,Eaton Vance California Municipal Income Trust Shares of Beneficial Interest,10.38,73008509.0,28944,Finance
STEX,Streamex Corp. Common Stock,0.6123,71311775.0,441651,Finance
AIFC,AI Financial Corporation Common Stock,0.5037,70435651.0,836860,Finance
GECC,Great Elm Capital Corp. Common Stock,5.02,69726545.0,59334,Finance
CLST,Catalyst Bancorp Inc. Common Stock,16.3,65750793.0,1142,Finance
FRMM,Forum Markets Incorporated Common Stock,4.83,63750919.0,138900,Finance
CLSKW,CleanSpark Inc. Warrant,0.24,61636098.0,21755,Finance
VIP,Vulcan Infrastructure and Power Inc. Class A Common Stock,1.52,58187343.0,129643,Finance
DOMH,Dominari Holdings Inc. Common Stock,2.24,54305767.0,241993,Finance
HIT,Health In Tech Inc. Class A Common Stock,0.7834,51156639.0,329508,Finance
TCBS,Texas Community Bancshares Inc. Common Stock,17.13,49209814.0,6374,Finance
PFXNZ,PhenixFIN Corporation  5.25% Notes due 2028,23.95,47992663.0,24398,Finance
OFS,OFS Capital Corporation Common Stock,3.48,46625311.0,86351,Finance
KFFB,Kentucky First Federal Bancorp Common Stock,5.64,45609073.0,10740,Finance
MBBC,Marathon Bancorp Inc. Common Stock,15.03,45238842.0,2643,Finance
INV,Innventure Inc. Common Stock,0.5039,42636318.0,3681099,Finance
MLCI,Mount Logan Capital Inc. Common Stock,3.4,38041811.0,4485,Finance
GROW,U.S. Global Investors Inc. Class A Common Stock,2.86,35172841.0,21017,Finance
SVIAW,Silvia Inc. Warrant,0.4,33724176.0,17399,Finance
TAOX,Tao Synergies Inc. Common Stock,4.41,33001097.0,246607,Finance
FGC,FG Communities Holdings Inc. Common Stock ,6.94,32670848.0,48192,Finance
COHN,Cohen & Company Inc.,9.78,31579327.0,7299,Finance
RAND,Rand Capital Corporation Common Stock,10.189,30259435.0,1984,Finance
FLD,Fold Holdings Inc. Class A Common Stock,0.541,29684242.0,101190,Finance
AEI,Alset Inc. Common Stock (TX),0.7415,28841258.0,28036,Finance
BLNE,Beeline Holdings Inc. Common Stock,0.8634,28430163.0,84189,Finance
DFDVW,DeFi Development Corp. Warrant,0.8,26096632.0,3116,Finance
FFR,FF EAI Robotics Ecosystem Inc. Common Stock,1.23,25963927.0,655783,Finance
OCCI,OFS Credit Company Inc. Common Stock,2.23,25904817.0,208016,Finance
AAME,Atlantic American Corporation Common Stock,1.27,25904480.0,16990,Finance
PRHI,Presurance Holdings Inc. Common Stock,6.86,25698191.0,20207,Finance
MBNKO,Medallion Bank Fixed-Rate Reset Non-Cumulative Perpetual Preferred Stock Series G par value $1.00 per share,24.1,24100000.0,44550,Finance
BENF,Beneficient Class A Common Stock,1.43,22101682.0,781749,Finance
EHTH,eHealth Inc. Common Stock,0.67,21461878.0,221642,Finance
BCG,Binah Capital Group Inc. Common Stock,1.01,17230732.0,16992,Finance
LHAI,Linkhome Holdings Inc. Common stock,1.04,17191200.0,59403,Finance
OPAD,Offerpad Solutions Inc. Class A Common Stock,3.255,15730598.0,26362,Finance
DAVEW,Dave Inc. Warrants,1.08,13775948.0,54017,Finance
MDBH,MDB Capital Holdings LLC Class A common,2.4,13052717.0,4453,Finance
HODO,House of Doge Inc. Common Stock,0.145,12927183.0,43857226,Finance
EQS,Equus Total Return Inc. Common Stock,0.8837,12342369.0,16065,Finance
FTHM,Fathom Holdings Inc. Common Stock,0.3344,11438900.0,1486564,Finance
ICMB,Investcorp Credit Management BDC Inc. Common Stock,0.79,11401653.0,30523,Finance
NCPL,Netcapital Inc. Common Stock,1.4,10987059.0,1307166,Finance
AIRE,reAlpha Tech Corp. Common Stock,1.32,7928744.0,24258,Finance
FLDDW,Fold Holdings Inc. Warrant,0.1099,6030126.0,2152,Finance
CWD,CaliberCos Inc. Class A Common Stock,0.5688,5906791.0,115052,Finance
RDZNW,Roadzen Inc. Warrants,0.065,5535729.0,21875,Finance
ILLR,Triller Group Inc. Common Stock,0.2474,5293576.0,2044171,Finance
EZRA,Reliance Global Group Inc. Common Stock,2.2,3695859.0,30118,Finance
SGRX,SANGRIX INC. Class A Ordinary Shares,1.26,2397752.0,17442157,Finance
PWCM,PowerCompute Inc. Common Stock,0.8972,2172545.0,176080,Finance
PGYWW,Pagaya Technologies Ltd. Warrants,0.0184,1535036.0,38889,Finance
SHFS,SHF Holdings Inc. Class A Common Stock,1.18,1212740.0,728762,Finance
LRHC,La Rosa Holdings Corp. Common Stock,1.56,888637.0,128267,Finance
ILLRW,Triller Group Inc. Warrant,0.039,834476.0,7007,Finance
BENFW,Beneficient Warrant,0.0096,148375.0,56004,Finance
SHFSW,SHF Holdings Inc. Warrants,0.0119,12230.0,29659,Finance
VHCPU,Vine Hill Capital Investment Corp. II Units,10.175,0.0,381,Finance
GRF,Eagle Capital Growth Fund Inc. Common Stock,10.1586,0.0,1392,Finance
BGY,Blackrock Enhanced International Dividend Trust,5.62,0.0,262137,Finance
BHAV,BHAV Acquisition Corp Class A Ordinary Shares,10.035,0.0,422,Finance
VGI,Virtus Global Multi-Sector Income Fund Common Shares of Beneficial Interest,6.75,0.0,64571,Finance
BHAVR,BHAV Acquisition Corp Rights,0.1414,0.0,500,Finance
BACC,Blue Acquisition Corp. Class A Ordinary Shares,10.49,0.0,331,Finance
BEAG,Bold Eagle Acquisition Corp. Class A Ordinary Shares,10.7,0.0,654551,Finance
UTF,Cohen & Steers Infrastructure Fund Inc Common Stock,25.17,0.0,378472,Finance
BDCI,BTC Development Corp. Class A Ordinary Shares,10.145,0.0,343,Finance
USA,Liberty All-Star Equity Fund Common Stock,5.82,0.0,780361,Finance
BCCQW,Bleichroeder Acquisition Corp. III Warrant,0.85,0.0,2159,Finance
BCV,Bancroft Fund Ltd.,23.04,0.0,17663,Finance
UTG,Reaves Utility Income Fund Common Shares of Beneficial Interest,35.28,0.0,370320,Finance
UYSCR,UY Scuti Acquisition Corp. Rights,0.13,0.0,147,Finance
BGT,BlackRock Floating Rate Income Trust,10.44,0.0,111953,Finance
UYSC,UY Scuti Acquisition Corp. Ordinary Shares,11.0,0.0,10,Finance
BIXIU,Bitcoin Infrastructure Acquisition Corp Ltd. Unit ,10.23,0.0,25,Finance
IPXG,Inflection Point Acquisition Corp. VII Class A Ordinary Shares,10.055,0.0,73270,Finance
IPXGU,Inflection Point Acquisition Corp. VII Unit,10.95,0.0,2,Finance
PMTR,Perimeter Acquisition Corp. I Class A Ordinary Shares,10.42,0.0,163871,Finance
GOF,Guggenheim Strategic Opportunities Fund Common Shares of Beneficial Interest,8.74,0.0,2615884,Finance
NBH,Neuberger Municipal Fund Inc. Common Stock,9.15,0.0,112713,Finance
NBXG,Neuberger Next Generation Connectivity Fund Inc. Common Stock,15.98,0.0,101819,Finance
NCA,Nuveen California Municipal Value Fund,8.42,0.0,113555,Finance
BBN,BlackRock Taxable Municipal Bond Trust Common Shares of Beneficial Interest,14.42,0.0,303965,Finance
MXE,Mexico Equity and Income Fund Inc. (The) Common Stock,12.32,0.0,2732,Finance
NEA,Nuveen AMT-Free Quality Municipal Income Fund Common Shares of Beneficial Interest Par Value $.01,10.09,0.0,2824946,Finance
AWP,abrdn Global Premier Properties Fund Common Shares of Beneficial Interest,10.18,0.0,156565,Finance
PML,Pimco Municipal Income Fund II Common Shares of Beneficial Interest,6.55,0.0,1474600,Finance
BCCQ,Bleichroeder Acquisition Corp. III Class A Ordinary Shares,9.935,0.0,91983,Finance
BCCQU,Bleichroeder Acquisition Corp. III Units,10.2,0.0,1334,Finance
IPVV,InterPrivate Investment Partners V Inc. Class A Ordinary Shares,9.84,0.0,51741,Finance
GSRV,GSR V Acquisition Corp. Class A ordinary shares,9.89,0.0,88578,Finance
GSRVR,GSR V Acquisition Corp. Rights,1.59,0.0,5610,Finance
BGB,Blackstone Strategic Credit 2027 Term Fund Common Shares of Beneficial Interest,11.13,0.0,227702,Finance
BGH,Barings Global Short Duration High Yield Fund Common Shares of Beneficial Interests,13.13,0.0,140808,Finance
BEAGR,Bold Eagle Acquisition Corp. Right,0.2317,0.0,44653,Finance
VBF,Invesco Bond Fund Common Stock,14.16,0.0,16108,Finance
GUACW,Berto Acquisition Corp. II Warrants,0.586,0.0,1232,Finance
JRS,Nuveen Real Estate Income Fund Common Shares of Beneficial Interest,7.42,0.0,71122,Finance
JTTT,JATT III Acquisition Corp Ordinary Shares,10.65,0.0,28457,Finance
ONCHW,1RT Acquisition Corp. Warrant,0.4499,0.0,14,Finance
JATT,JATT II Acquisition Corp Ordinary Shares,10.76,0.0,30324,Finance
HERZ,Herzfeld Credit Income Fund Inc. Common Stock,15.275,0.0,4004,Finance
HFRO,Highland Opportunities and Income Fund Common Shares of Beneficial Interest,6.83,0.0,59061,Finance
PMTRU,Perimeter Acquisition Corp. I Unit,11.0,0.0,4,Finance
GUACU,Berto Acquisition Corp. II Unit,10.11,0.0,6351,Finance
FWACR,Futurewave Acquisition Corporation Rights,0.15,0.0,11558,Finance
FWACU,Futurewave Acquisition Corporation Units,10.0996,0.0,203,Finance
FWACW,Futurewave Acquisition Corporation Warrants,0.0398,0.0,145494,Finance
GECCG,Great Elm Capital Corp. 7.75% Notes Due 2030,24.63,0.0,135,Finance
QETA,Quetta Acquisition Corporation Common Stock,11.79,0.0,348,Finance
GJO,Synthetic Fixed-Income Securities Inc. on behalf of STRATS(SM) Trust for Wal-Mart Stores Inc. Securities Series 2004-5,24.62,0.0,4,Finance
GJP,Synthetic Fixed-Income Securities Inc. on behalf of STRATS (SM) Trust for Dominion Resources Inc. Securities Series 2005-6 Floating Rate Structured Repackaged Asset-Backed Trust Securities (STRATS) Certificates,24.4,0.0,4802,Finance
GJR,Synthetic Fixed-Income Securities Inc. STRATS Trust for Procter&Gamble Securities Series 2006-1,23.8,0.0,4521,Finance
GJT,Synthetic Fixed-Income Securities Inc. Floating Rate Structured Repackaged Asset-Backed Trust Securities Certificates Series 2006-3,23.0999,0.0,2182,Finance
MACIW,Melar Acquisition Corp. I Warrant,0.0853,0.0,7933,Finance
NEWTO,NewtekOne Inc. 8.50% Fixed Rate Senior Notes due 2031,25.25,0.0,6,Finance
NFJ,Virtus Dividend Interest & Premium Strategy Fund Common Shares of Beneficial Interest,15.11,0.0,204615,Finance
RANG,Range Capital Acquisition Corp. Ordinary Shares,10.86,0.0,42,Finance
RANGR,Range Capital Acquisition Corp. Rights,0.29,0.0,400,Finance
FXAC,FortuneX Acquisition Corporation Ordinary shares,10.08,0.0,68,Finance
JOF,Japan Smaller Capitalization Fund Inc Common Stock,12.67,0.0,16938,Finance
JONE,Jones Ventures INTL Acquisition1 Corp Class A Ordinary Shares,9.82,0.0,28527,Finance
JPC,Nuveen Preferred & Income Opportunities Fund,6.91,0.0,1758243,Finance
JQC,Nuveen Credit Strategies Income Fund Shares of Beneficial Interest,4.67,0.0,861016,Finance
JRI,Nuveen Real Asset Income and Growth Fund Common Shares of Beneficial Interest,10.9,0.0,210690,Finance
RDAGW,Republic Digital Acquisition Company Warrants,0.25,0.0,140,Finance
FWAC,Futurewave Acquisition Corporation Ordinary Shares,9.95,0.0,17711,Finance
GECCI,Great Elm Capital Corp. 8.50% NOTES DUE 2029,25.025,0.0,745,Finance
RCG,RENN Fund Inc Common Stock,2.9899,0.0,6817,Finance
RCS,PIMCO Strategic Income Fund Inc.,5.01,0.0,96912,Finance
TWLV,Twelve Seas Investment Company III Class A Ordinary Shares,10.07,0.0,99569,Finance
BRKH,Burtech Acquisition Corp II Class A Ordinary Shares,10.01,0.0,2908,Finance
TVACU,Texas Ventures Acquisition III Corp Unit,10.7,0.0,30,Finance
RDAG,Republic Digital Acquisition Company Class A Ordinary Shares,10.44,0.0,501,Finance
JCE,Nuveen Core Equity Alpha Fund Common Shares of Beneficial Interest,16.83,0.0,30557,Finance
BHK,Blackrock Core Bond Trust,8.17,0.0,383564,Finance
BHV,BlackRock Virginia Municipal Bond Trust,11.5799,0.0,355,Finance
PTACW,Patriot Acquisition Corp. Warrants,0.1901,0.0,1,Finance
PTOR,Praetorian Acquisition Corp. Class A Ordinary Shares,9.96,0.0,117984,Finance
PTORW,Praetorian Acquisition Corp. Warrant,0.305,0.0,65,Finance
MEVO,M Evo Global Acquisition Corp II Class A Ordinary Shares,10.01,0.0,20414,Finance
PNI,Pimco New York Municipal Income Fund II Common Shares of Beneficial Interest,6.19,0.0,95130,Finance
GHY,PGIM Global High Yield Fund Inc.,10.87,0.0,162930,Finance
JBK,Lehman ABS 3.50 3.50% Adjustable Corp Backed Tr Certs GS Cap I,24.75,0.0,1005,Finance
GLQ,Clough Global Equity Fund Clough Global Equity Fund Common Shares of Beneficial Interest,7.6,0.0,25650,Finance
QETAR,Quetta Acquisition Corporation Right,0.4102,0.0,1,Finance
GDL,GDL Fund The Common Shares of Beneficial Interest,8.325,0.0,9280,Finance
GDO,Western Asset Global Corporate Opportunity Fund Inc. Common Stock,9.75,0.0,15390,Finance
GLO,Clough Global Opportunities Fund Common Stock,5.42,0.0,94506,Finance
PTAC,Patriot Acquisition Corp. Class A Ordinary Shares,9.96,0.0,9,Finance
BID,Tribeca Strategic Acquisition Corp. Class A Ordinary Shares,9.9001,0.0,1342,Finance
BIT,BlackRock Multi-Sector Income Trust Common Shares of Beneficial Interest,11.32,0.0,360876,Finance
HEQ,John Hancock Diversified Income Fund Common Shares of Beneficial Interest,11.0,0.0,21123,Finance
GIW,GigCapital8 Corp. Class A Ordinary Shares,10.185,0.0,104857,Finance
PYT,PPlus Tr GSC-2 Tr Ctf Fltg Rate,23.7447,0.0,25,Finance
QADR,QDRO Acquisition Corp. Class A Ordinary Shares,10.01,0.0,200047,Finance
RA,Brookfield Real Assets Income Fund Inc. Common Stock,11.61,0.0,248461,Finance
RACC,Research Alliance Corporation III Class A Ordinary Shares,10.72,0.0,5179,Finance
GIX,GigCapital9 Corp. Class A Ordinary Share,10.01,0.0,50046,Finance
GJH,Synthetic Fixed-Income Securities Inc 6.375% (STRATS) Cl A-1,9.3214,0.0,7,Finance
PTY,Pimco Corporate & Income Opportunity Fund,11.04,0.0,1287008,Finance
GF,New Germany Fund Inc. (The) Common Stock,10.55,0.0,2309,Finance
GGN,GAMCO Global Gold Natural Resources & Income Trust,5.25,0.0,366353,Finance
FXACU,FortuneX Acquisition Corporation Units,10.37,0.0,521,Finance
GAING,Gladstone Investment Corporation 7.125% Notes due 2031,25.3,0.0,4394,Finance
GIXXR,GigCapital9 Corp. Rights,0.26,0.0,266,Finance
IACQW,Irenic Acquisition Corp. Warrants,0.38,0.0,400,Finance
IAE,Voya Asia Pacific High Dividend Equity Income Fund ING Asia Pacific High Dividend Equity Income Fund Common Shares of Beneficial Interest,8.8553,0.0,37212,Finance
WDI,Western Asset Diversified Income Fund Common Shares of Beneficial Interest,11.85,0.0,245819,Finance
WEA,Western Asset Bond Fund Share of Beneficial Interest,9.85,0.0,86377,Finance
MUZEW,Muzero Acquisition Corp Warrant,0.23,0.0,81,Finance
IGR,CBRE Global Real Estate Income Fund Common Shares of Beneficial Interest,11.64,0.0,226026,Finance
IHD,Voya Emerging Markets High Income Dividend Equity Fund Common Shares,7.64,0.0,58138,Finance
IIF,Morgan Stanley India Investment Fund Inc. Common Stock,21.27,0.0,11254,Finance
BLZR,Trailblazer Acquisition Corp. Class A Ordinary Shares,10.25,0.0,9617,Finance
XSLL,Xsolla SPAC 1 Class A Ordinary Shares,10.01,0.0,115411,Finance
AACI,Armada Acquisition Corp. III Class A Ordinary Share,10.06,0.0,7612,Finance
ACAA,Averin Capital Acquisition Corp. Class A Ordinary Shares,10.05,0.0,20,Finance
MLAAW,Mountain Lake Acquisition Corp. II Warrants,0.175,0.0,22,Finance
XRPN,Armada Acquisition Corp. II Class A Ordinary Shares,39.42,0.0,9305011,Finance
ACP,abrdn Income Credit Strategies Fund Common Shares,4.46,0.0,708815,Finance
ACGC,ACP Holdings Acquisition Corp. Class A Ordinary Shares,10.05,0.0,2737,Finance
XRPNW,Armada Acquisition Corp. II Warrant,3.72,0.0,3076416,Finance
IACO,Idea Acquisition Corp. Class A Ordinary Shares,10.0,0.0,71,Finance
PEO,Adams Natural Resources Fund Inc. Common Stock,27.82,0.0,34798,Finance
ILLUU,Illumination Acquisition Corp I Units,10.27,0.0,9,Finance
IEAG,Infinite Eagle Acquisition Corp. Class A Ordinary Shares,10.18,0.0,273005,Finance
AOMN,Angel Oak Mortgage REIT Inc. 9.500% Senior Notes due 2029,25.278,0.0,12191,Finance
ALFUW,Centurion Acquisition Corp. Warrant,0.2756,0.0,278,Finance
AESPR,Aeon Acquisition I Corp. Rights,0.19,0.0,406,Finance
IACQU,Irenic Acquisition Corp. Unit,10.13,0.0,12,Finance
IBAC,IB Acquisition Corp. Common Stock,10.9,0.0,1109,Finance
PCAP,ProCap Acquisition Corp Class A Ordinary Shares,10.41,0.0,91,Finance
PCF,High Income Securities Fund Common Stock,5.11,0.0,207559,Finance
PCM,PCM Fund Inc. Common Stock,5.05,0.0,73455,Finance
PCN,Pimco Corporate & Income Strategy Fund Common Stock,10.87,0.0,740586,Finance
IBACR,IB Acquisition Corp. Right,0.115,0.0,111,Finance
PFO,Flaherty & Crumrine Preferred and Income Opportunity Fund Incorporated,8.61,0.0,45766,Finance
HYT,Blackrock Corporate High Yield Fund Inc. Common Stock,7.84,0.0,755954,Finance
IACQ,Irenic Acquisition Corp. Class A Ordinary Shares,9.95,0.0,71,Finance
IAF,abrdn Australia Equity Fund Inc. Common Stock,12.39,0.0,14281,Finance
LATA,Galata Acquisition Corp. II Class A Ordinary Shares,10.21,0.0,13519,Finance
LCCC,Lakeshore Acquisition III Corp. Ordinary Shares,10.54,0.0,7,Finance
LCCCR,Lakeshore Acquisition III Corp. Rights,0.1359,0.0,2400,Finance
NRK,Nuveen New York AMT-Free Quality Municipal Income Fund ,9.36,0.0,346965,Finance
NRO,Neuberger Real Estate Securities Income Fund Inc. Common Stock,2.57,0.0,148339,Finance
DBCAU,D. Boral Acquisition I Corp. Unit,10.38,0.0,483,Finance
DBCAW,D. Boral Acquisition I Corp. Warrants,0.35,0.0,256,Finance
NPFD,Nuveen Variable Rate Preferred & Income Fund Common Shares,17.57,0.0,65000,Finance
NPV,Nuveen Virginia Quality Municipal Income Fund Common Stock,9.34,0.0,104365,Finance
XTER,Karman Line Acquisition Corp. Class A Ordinary Shares,9.8,0.0,103932,Finance
NRUC,National Rural Utilities Cooperative Finance Corporation 5.500% Subordinated Notes due 2064 (Subordinated Deferrable Interest Notes),20.77,0.0,20821,Finance
NMS,Nuveen Minnesota Quality Municipal Income Fund ,9.99,0.0,25637,Finance
DNMXW,Dynamix Corporation III Warrants,0.23,0.0,32828,Finance
DNP,DNP Select Income Fund Inc. Common Stock,9.57,0.0,1276171,Finance
DPG,Duff & Phelps Utility and Infrastructure Fund Inc.,12.83,0.0,98243,Finance
DBCA,D. Boral Acquisition I Corp. Class A Ordinary Shares,10.015,0.0,191426,Finance
DHF,BNY Mellon High Yield Strategies Fund Common Stock,2.23,0.0,564170,Finance
DHY,UBS Asset Management High Yield Credit Fund Common Stock,16.07,0.0,82521,Finance
AACP,Apogee Acquisition Corp Class A Ordinary Shares,10.07,0.0,50072,Finance
XRPNU,Armada Acquisition Corp. II Units,37.91,0.0,17258,Finance
AACPW,Apogee Acquisition Corp Warrant,0.09,0.0,1800,Finance
IRHO,Iron Horse Acquisitions II Corp. Common Stock,10.065,0.0,45895,Finance
YICC,Yorkville International Capital Corp. Class A Ordinary Shares,9.925,0.0,7,Finance
WIA,Western Asset Inflation-Linked Income Fund,7.64,0.0,85445,Finance
OXLCG,Oxford Lane Capital Corp. 7.95% Notes due 2032,24.7901,0.0,5635,Finance
IPFX,Inflection Point Acquisition Corp. VI Class A Ordinary Shares,10.0509,0.0,44323,Finance
OXSQH,Oxford Square Capital Corp. 7.75% Notes due 2030,24.9801,0.0,1283,Finance
OYSE,Oyster Enterprises II Acquisition Corp Class A Ordinary Shares,10.405,0.0,32,Finance
OYSER,Oyster Enterprises II Acquisition Corp Rights,0.1299,0.0,1335,Finance
PAACU,Proem Acquisition Corp I Units,10.27,0.0,50,Finance
MLCIL,Mount Logan Capital Inc. 8.00% Notes Due 2031,22.42,0.0,553,Finance
DYOR,Insight Digital Partners II Class A Ordinary Shares,10.15,0.0,366,Finance
WIW,Western Asset Inflation-Linked Opportunities & Income Fund,7.99,0.0,466871,Finance
GUG,Guggenheim Active Allocation Fund Common Shares of Beneficial Interest,13.9,0.0,244090,Finance
PLCI,Pelican Acquisition II Corporation Ordinary Shares,9.92,0.0,20,Finance
AVK,Advent Convertible and Income Fund,11.57,0.0,195909,Finance
IPXGW,Inflection Point Acquisition Corp. VII Warrant,0.6,0.0,34,Finance
PECE,Peace Acquisition Corp Ordinary Shares,10.01,0.0,15444,Finance
PECEU,Peace Acquisition Corp Units,10.42,0.0,274,Finance
HACQ,HCM IV Acquisition Corp. Class A Ordinary Share,10.04,0.0,39,Finance
OTGA,OTG Acquisition Corp. I Class A Ordinary Share ,10.26,0.0,25611,Finance
GUAC,Berto Acquisition Corp. II Ordinary Shares,9.915,0.0,87350,Finance
PCQ,PIMCO California Municipal Income Fund Common Stock,7.76,0.0,348313,Finance
ISD,PGIM High Yield Bond Fund Inc.,11.7,0.0,176702,Finance
ISNR,Snow Rothschild Acquisition Corp. Class A Ordinary Shares,9.84,0.0,7532,Finance
ISNRU,Snow Rothschild Acquisition Corp. Units,9.93,0.0,5001,Finance
ISNRW,Snow Rothschild Acquisition Corp. Warrants,0.22,0.0,2681,Finance
IPVVW,InterPrivate Investment Partners V Inc. Warrants,0.3101,0.0,80,Finance
OPP,RiverNorth/DoubleLine Strategic Opportunity Fund Inc. Common Stock,6.95,0.0,154627,Finance
ASG,Liberty All-Star Growth Fund Inc.,5.08,0.0,240080,Finance
MCAH,Mountain Crest Acquisition 6 Corp. Ordinary Shares,10.0461,0.0,10,Finance
NAZ,Nuveen Arizona Quality Municipal Income Fund Common Stock,10.85,0.0,23587,Finance
NBB,Nuveen Taxable Municipal Income Fund Common Shares of Beneficial Interest,14.3,0.0,75378,Finance
PFL,PIMCO Income Strategy Fund Shares of Beneficial Interest,6.98,0.0,420900,Finance
PFLA,PennantPark Floating Rate Capital Ltd. 7.375% Notes Due 2031,24.8,0.0,11858,Finance
PFN,PIMCO Income Strategy Fund II,6.34,0.0,711318,Finance
IFN,Aberdeen India Fund Inc. Common Stock,10.49,0.0,189105,Finance
PGP,Pimco Global StocksPlus & Income Fund Common Shares of Beneficial Interest,8.4199,0.0,45833,Finance
ATIIW,Archimedes Tech SPAC Partners II Co. Warrant,1.15,0.0,12566,Finance
ATLQ,JAB Acquisition Corp I Class A Ordinary Shares,9.97,0.0,17938,Finance
ATLQU,JAB Acquisition Corp I Unit,10.12,0.0,2,Finance
ATLQW,JAB Acquisition Corp I Warrants,0.04,0.0,13326,Finance
MEGI,NYLIM CBRE Global Infrastructure Megatrends Term Fund Common Shares,13.35,0.0,207729,Finance
AWF,Alliancebernstein Global High Income Fund,9.63,0.0,307149,Finance
PFD,Flaherty & Crumrine Preferred and Income Fund Incorporated,10.69,0.0,14257,Finance
HIO,Western Asset High Income Opportunity Fund Inc. Common Stock,3.29,0.0,344723,Finance
HIX,Western Asset High Income Fund II Inc. Common Stock,3.54,0.0,268646,Finance
HTD,John Hancock Tax Advantaged Dividend Income Fund Common Shares of Beneficial Interest,22.25,0.0,121269,Finance
AMAN,Amanat Acquisition Corp Class A Ordinary Shares,10.5,0.0,23834,Finance
NAD,Nuveen Quality Municipal Income Fund Common Stock,10.28,0.0,1979307,Finance
MXF,Mexico Fund Inc. (The) Common Stock,19.93,0.0,19771,Finance
AOD,abrdn Total Dynamic Dividend Fund Common Shares of Beneficial Interest,10.2,0.0,301586,Finance
AOMD,Angel Oak Mortgage REIT Inc. 9.750% Senior Notes due 2030,24.9499,0.0,3133,Finance
MPA,Blackrock MuniYield Pennsylvania Quality Fund Common Stock,9.74,0.0,34700,Finance
MHF,Western Asset Municipal High Income Fund Inc. Common Stock,6.26,0.0,338320,Finance
APAC,StoneBridge Acquisition II Corporation Class A Ordinary Shares,10.27,0.0,2067,Finance
ARCL,ARC Group Acquisition I Corp Class A Ordinary Shares,10.0,0.0,13,Finance
VVR,Invesco Senior Income Trust Common Stock (DE),2.89,0.0,941317,Finance
APUR,Aperture AC Class A Ordinary Shares,10.035,0.0,98119,Finance
MYN,Blackrock MuniYield New York Quality Fund Inc.Common Stock,8.95,0.0,420283,Finance
MYX,Maywood Acquisition Corp. 2 Class A Ordinary Share,10.03,0.0,16,Finance
MYXXR,Maywood Acquisition Corp. 2 Rights,0.1823,0.0,2,Finance
NAC,Nuveen California Quality Municipal Income Fund,10.23,0.0,1653025,Finance
MUZE,Muzero Acquisition Corp Class A Ordinary Shares,10.01,0.0,39009,Finance
OSPR,Osprey Acquisition Corp. III Class A Ordinary Shares,9.82,0.0,3248,Finance
IRHOR,Iron Horse Acquisitions Corp. II Rights,0.179,0.0,210,Finance
IGA,Voya Global Advantage and Premium Opportunity Fund Common Shares of Beneficial Interest,10.01,0.0,75675,Finance
PDT,John Hancock Premium Dividend Fund,11.78,0.0,143049,Finance
OSPRU,Osprey Acquisition Corp. III Units,9.99,0.0,72,Finance
ARCLU,ARC Group Acquisition I Corp Unit,10.25,0.0,100,Finance
APXT,Apex Treasury Corporation Class A Ordinary Share,10.15,0.0,214337,Finance
APXTU,Apex Treasury Corporation Units,10.27,0.0,3,Finance
APXTW,Apex Treasury Corporation Warrants,0.2895,0.0,34585,Finance
ASGI,abrdn Global Infrastructure Income Fund Common Shares of Beneficial Interest,19.08,0.0,221853,Finance
VNME,Vendome Acquisition Corporation I Class A Ordinary Shares,10.33,0.0,17,Finance
PHK,Pimco High Income Fund,4.15,0.0,1524116,Finance
VLOSU,Velos Acquisition I Corp. Units,11.1,0.0,466,Finance
VLT,Invesco High Income Trust II,9.07,0.0,43193,Finance
APMCR,AmperCap Acquisition Company Right,0.09,0.0,228,Finance
WENNW,Wen Acquisition Corp Warrant,0.24,0.0,135,Finance
ARTC,Art Technology Acquisition Corp. Class A Ordinary Shares,10.02,0.0,115,Finance
HPF,John Hancock Pfd Income Fund II Pfd Income Fund II,13.65,0.0,81757,Finance
HPI,John Hancock Preferred Income Fund Common Shares of Beneficial Interest,14.15,0.0,135688,Finance
HPS,John Hancock Preferred Income Fund III Preferred Income Fund III,12.15,0.0,140524,Finance
APACU,StoneBridge Acquisition II Corporation Units,10.45,0.0,13,Finance
APMC,AmperCap Acquisition Company Ordinary Shares,9.97,0.0,113900,Finance
ARCLW,ARC Group Acquisition I Corp Warrants,0.0616,0.0,65,Finance
APMCU,AmperCap Acquisition Company Unit,10.03,0.0,221,Finance
EGHAU,EGH Acquisition Corp. Unit,10.66,0.0,1,Finance
EHI,Western Asset Global High Income Fund Inc Common Stock,5.45,0.0,84217,Finance
EIM,Eaton Vance Municipal Bond Fund Common Shares of Beneficial Interest $.01 par value,9.04,0.0,196348,Finance
SCD,LMP Capital and Income Fund Inc. Common Stock,14.66,0.0,18619,Finance
NHIVU,NewHold Investment Corp IV Units,10.32,0.0,14,Finance
NHS,Neuberger High Yield Strategies Fund Inc. Common Stock,5.44,0.0,182567,Finance
CRAN,Crane Harbor Acquisition Corp. II Class A Ordinary Shares,10.1,0.0,3730,Finance
TSI,TCW Strategic Income Fund Inc. Common Stock,4.29,0.0,58846,Finance
ETY,Eaton Vance Tax-Managed Diversified Equity Income Fund Common Shares of Beneficial Interest,14.18,0.0,305967,Finance
SAV,Saratoga Investment Corp 7.50% Notes due 2031,24.689,0.0,3623,Finance
SAX,Saratoga Investment Corp 8.00% Notes due 2031,25.605,0.0,2880,Finance
NMT,Nuveen Massachusetts Quality Municipal Income Fund Common Stock,10.3,0.0,109373,Finance
NMZ,Nuveen Municipal High Income Opportunity Fund Common Stock $0.01 par value per share,8.95,0.0,1811203,Finance
NPAC,New Providence Acquisition Corp. III Class A Ordinary Shares,10.54,0.0,15129,Finance
NPACU,New Providence Acquisition Corp. III Units,10.59,0.0,1095,Finance
SSACU,SPACSphere Acquisition Corp. Unit,10.31,0.0,403,Finance
SSACW,SPACSphere Acquisition Corp. Warrant,0.07,0.0,81,Finance
CRANR,Crane Harbor Acquisition Corp. II Rights,0.17,0.0,2711,Finance
EDD,Morgan Stanley Emerging Markets Domestic Debt Fund Inc. Common Stock,5.34,0.0,243665,Finance
EDF,Virtus Stone Harbor Emerging Markets Income Fund Common Shares of Beneficial Interest,4.94,0.0,67600,Finance
SBI,Western Asset Intermediate Muni Fund Inc Common Stock,7.01,0.0,133392,Finance
SCATU,Southern Cross Acquisition II Corp. Units,10.025,0.0,100053,Finance
CRF,Cornerstone Total Return Fund Inc. (The) Common Stock,6.12,0.0,872055,Finance
CRAQ,Cal Redwood Acquisition Corp. Class A Ordinary Shares,10.41,0.0,14,Finance
CRBD,Corebridge Financial Inc. 6.375% Junior Subordinated Notes due 2064,20.82,0.0,33431,Finance
CTAA,ClearThink 1 Acquisition Corp. Class A Ordinary Shares,9.95,0.0,12,Finance
CTAAR,ClearThink 1 Acquisition Corp. Rights,0.175,0.0,502,Finance
LFAC,Leapfrog Acquisition Corporation Class A Ordinary Shares,10.07,0.0,18,Finance
EAD,Allspring Income Opportunities Fund Common Shares,6.03,0.0,253700,Finance
KTH,Structures Products Cp 8% CorTS Issued by Peco Energy Cap Tr II Preferred Stock,28.67,0.0,164,Finance
KTN,Structured Products Corp 8.205% CorTS 8.205% Corporate Backed Trust Securities (CorTS),25.6401,0.0,1465,Finance
DSU,Blackrock Debt Strategies Fund Inc. Common Stock,8.93,0.0,222856,Finance
SPXX,Nuveen S&P 500 Dynamic Overwrite Fund,18.74,0.0,241426,Finance
EVG,Eaton Vance Short Diversified Income Fund Eaton Vance Short Duration Diversified Income Fund Common Shares of Beneficial Interest,10.04,0.0,70518,Finance
RTACU,Renatus Tactical Acquisition Corp I Unit,10.74,0.0,97,Finance
EMD,Western Asset Emerging Markets Debt Fund Inc Common Stock,9.28,0.0,212831,Finance
ECF,Ellsworth Growth and Income Fund Ltd.,11.85,0.0,64604,Finance
STEW,SRH Total Return Fund Inc. Common Stock,17.57,0.0,24467,Finance
SRV,NXG Cushing Midstream Energy Fund Common Shares of Beneficial Interest,42.37,0.0,35986,Finance
SSEA,Starry Sea Acquisition Corp	Ordinary Shares,10.37,0.0,10222,Finance
STK,Columbia Seligman Premium Technology Growth Fund Inc,55.05,0.0,40845,Finance
NMPAR,NMP Acquisition Corp. Right,0.2302,0.0,1223,Finance
NNY,Nuveen New York Municipal Value Fund Common Stock,7.83,0.0,61455,Finance
NZF,Nuveen Municipal Credit Income Fund ,10.96,0.0,1288263,Finance
NVG,Nuveen AMT-Free Municipal Credit Income Fund ,10.71,0.0,2496915,Finance
RTACW,Renatus Tactical Acquisition Corp I Warrant,0.499,0.0,10844,Finance
ETG,Eaton Vance Tax-Advantaged Global Dividend Income Fund Common Shares of Beneficial Interest,23.05,0.0,60031,Finance
ETJ,Eaton Vance Risk-Managed Diversified Equity Income Fund Common Shares of Beneficial Interest,8.13,0.0,171724,Finance
SSAC,SPACSphere Acquisition Corp. Class A Ordinary Shares,10.14,0.0,54144,Finance
SDHI,Siddhi Acquisition Corp Class A Common stock,10.56,0.0,10,Finance
NPACW,New Providence Acquisition Corp. III Warrants,0.2139,0.0,5,Finance
NPCT,Nuveen Core Plus Impact Fund Common Shares of Beneficial Interest,9.15,0.0,108938,Finance
SAAQ,Space Asset Acquisition Corp. Class A Ordinary Shares,10.051,0.0,146387,Finance
SAAQU,Space Asset Acquisition Corp. Units,10.17,0.0,61,Finance
EOI,Eaton Vance Enhance Equity Income Fund Eaton Vance Enhanced Equity Income Fund Shares of Beneficial Interest,19.85,0.0,50171,Finance
LTGR,Long Table Growth Corp. Class A Ordinary Shares,9.96,0.0,5301,Finance
EMF,Templeton Emerging Markets Fund Common Stock,22.47,0.0,24411,Finance
EMO,ClearBridge Energy Midstream Opportunity Fund Inc. Common Stock,50.31,0.0,50422,Finance
EOD,Allspring Global Dividend Opportunity Fund Common Shares of Beneficial Interest,6.32,0.0,156357,Finance
EGHA,EGH Acquisition Corp. Class A Ordinary Shares,10.43,0.0,173803,Finance
EGHAR,EGH Acquisition Corp. Rights,0.25,0.0,2300,Finance
SAAQW,Space Asset Acquisition Corp. Warrants,0.5045,0.0,1783,Finance
MKLY,McKinley Acquisition Corporation Class A Ordinary Shares,10.27,0.0,118986,Finance
MLAA,Mountain Lake Acquisition Corp. II Class A Ordinary Shares,10.011,0.0,30350,Finance
IGAC,Invest Green Acquisition Corporation Class A Ordinary Shares,10.09,0.0,213,Finance
IGD,Voya Global Equity Dividend and Premium Opportunity Fund,6.07,0.0,297257,Finance
IGI,Western Asset Investment Grade Opportunity Trust Inc. Common Stock,15.72,0.0,567,Finance
IPFXW,Inflection Point Acquisition Corp. VI Warrant,0.7,0.0,54,Finance
MMD,NYLIM MacKay DefinedTerm Muni Opportunities Fund Common Shares,13.74,0.0,64257,Finance
EFR,Eaton Vance Senior Floating-Rate Fund Common Shares of Beneficial Interest,10.36,0.0,105370,Finance
IDE,Voya Infrastructure Industrials and Materials Fund Common Shares of Beneficial Interest,12.13,0.0,69409,Finance
PAI,Western Asset Investment Grade Income Fund Inc.,11.38,0.0,8992,Finance
PALO,Paloma Acquisition Corp I Class A Ordinary Shares,9.985,0.0,17436,Finance
PAXS,PIMCO Access Income Fund Common Shares of Beneficial Interest,13.39,0.0,309503,Finance
ALPX,Alpex Acquisition Corporation Class A Ordinary Shares,9.96,0.0,25014,Finance
AESP,Aeon Acquisition I Corp. Class A Ordinary Shares,9.9899,0.0,56533,Finance
ZKP,Lafayette Digital Acquisition Corp. I Class A Ordinary Shares,10.04,0.0,20009,Finance
ZKPU,Lafayette Digital Acquisition Corp. I Unit,10.08,0.0,6,Finance
MSD,Morgan Stanley Emerging Markets Debt Fund Inc. Common Stock,6.71,0.0,45404,Finance
ZTR,Virtus Total Return Fund Inc.,5.99,0.0,158770,Finance
AACIW,Armada Acquisition Corp. III Warrant,0.2354,0.0,12117,Finance
MRCO,Mercator Acquisition Corp. Class A Ordinary Shares,9.86,0.0,306769,Finance
MRCOU,Mercator Acquisition Corp. Units,10.05,0.0,12,Finance
MMU,Western Asset Managed Municipals Fund Inc. Common Stock,9.03,0.0,419288,Finance
ACGCU,ACP Holdings Acquisition Corp. Units,10.9,0.0,100,Finance
PAACW,Proem Acquisition Corp I Warrants,0.4669,0.0,30092,Finance
AGD,abrdn Global Dynamic Dividend Fund Common Shares of Beneficial Interest,11.35,0.0,87504,Finance
MTAKU,Market Technology Acquisition Corp Unit,10.0,0.0,5100,Finance
DNMXU,Dynamix Corporation III Unit,10.15,0.0,6038,Finance
DAAQ,Digital Asset Acquisition Corp. Class A Ordinary shares,10.47,0.0,534,Finance
DAAQU,Digital Asset Acquisition Corp. Units,10.51,0.0,293,Finance
CXII,Churchill Capital Corp XII Class A Ordinary Shares,10.8,0.0,8945,Finance
CXIIU,Churchill Capital Corp XII Units,11.11,0.0,1306,Finance
CXIIW,Churchill Capital Corp XII Warrants,2.0001,0.0,4220,Finance
DMAAR,Drugs Made In America Acquisition Corp. Rights,0.1275,0.0,8000,Finance
AACPR,Apogee Acquisition Corp Rights,0.18,0.0,57,Finance
DMIIR,Drugs Made In America Acquisition II Corp. Right,0.0599,0.0,19264,Finance
DMO,Western Asset Mortgage Opportunity Fund Inc. Common Stock,9.525,0.0,51117,Finance
SIMAU,SIM Acquisition Corp. I Unit,11.25,0.0,4,Finance
DNMX,Dynamix Corporation III Class A Ordinary Shares,10.08,0.0,100926,Finance
DTSQR,DT Cloud Star Acquisition Corporation Right,0.12,0.0,3,Finance
DSM,BNY Mellon Strategic Municipal Bond Fund Inc. Common Stock,5.18,0.0,218671,Finance
EEA,The European Equity Fund Inc. Common Stock,10.36,0.0,16677,Finance
DMII,Drugs Made In America Acquisition II Corp. Ordinary Shares,10.19,0.0,17655,Finance
AACPU,Apogee Acquisition Corp Units,10.3,0.0,3,Finance
AFB,AllianceBernstein National Municipal Income Fund Inc,9.59,0.0,172697,Finance
ADX,Adams Diversified Equity Fund Inc.,25.79,0.0,188888,Finance
WLII,Willow Lane Acquisition Corp. II Class A Ordinary Shares,10.26,0.0,311,Finance
WLIIW,Willow Lane Acquisition Corp. II Warrants,0.69,0.0,3,Finance
DAAQW,Digital Asset Acquisition Corp. Warrant,0.1405,0.0,10,Finance
LDP,Cohen & Steers Limited Duration Preferred and Income Fund Inc.,19.43,0.0,59969,Finance
LEDRU,Leader's Advantage Acquisition Corp. Units,9.97,0.0,15041,Finance
NUV,Nuveen Municipal Value Fund Inc. Common Stock,8.28,0.0,977805,Finance
NUW,Nuveen AMT-Free Municipal Value Fund,13.34,0.0,64454,Finance
SOCAU,Solarius Capital Acquisition Corp. Units,10.4,0.0,845,Finance
SORN,Soren Acquisition Corp. Class A Ordinary Shares,10.04,0.0,6222,Finance
SPE,Special Opportunities Fund Inc Common Stock,12.65,0.0,22618,Finance
FGSN,F&G Annuities & Life Inc. 7.300% Junior Subordinated Notes due 2065,19.29,0.0,26045,Finance
FIGX,FIGX Capital Acquisition Corp. Class A Ordinary Share,10.32,0.0,13,Finance
RIV,RiverNorth Opportunities Fund Inc. Common Stock,10.49,0.0,66306,Finance
LWACU,LightWave Acquisition Corp. Units,10.36,0.0,533,Finance
LWACW,LightWave Acquisition Corp. Warrants,0.1227,0.0,9310,Finance
JLS,Nuveen Mortgage and Income Fund,16.36,0.0,47481,Finance
CICB,CION Investment Corporation 7.50% Notes due 2029,24.48,0.0,7500,Finance
CATL, Catalyst Acquisition Corp. Class A Ordinary Share,9.8,0.0,2343,Finance
CATLU,Catalyst Acquisition Corp. Units,9.96,0.0,2005,Finance
TRGS,TRG Latin America Acquisitions Corp. Class A Ordinary Shares,9.96,0.0,28341,Finance
RNAQ,Rainier Acquisition Corporation Class A Ordinary Shares,10.05,0.0,1097,Finance
RNAQU,Rainier Acquisition Corporation Units,10.065,0.0,28,Finance
RNGT,Range Capital Acquisition Corp II Class A Ordinary Shares,10.19,0.0,10,Finance
FLC,Flaherty & Crumrine Total Return Fund Inc Common Stock,15.7,0.0,39080,Finance
OACC,Oaktree Acquisition Corp. III Life Sciences Class A Ordinary Share,10.76,0.0,205557,Finance
KBON,Karbon Capital Partners Corp. Class A Ordinary Shares,10.09,0.0,25021,Finance
LPCVU,Launchpad Cadenza Acquisition Corp I Unit,10.13,0.0,109,Finance
CCD,Calamos Dynamic Convertible & Income Fund Common Stock,22.82,0.0,48301,Finance
FMAC,Future Money Acquisition Corporation Ordinary Shares,10.1,0.0,6030,Finance
OACCU,Oaktree Acquisition Corp. III Life Sciences Unit,10.9988,0.0,2,Finance
OACCW,Oaktree Acquisition Corp. III Life Sciences Warrant,0.86,0.0,5,Finance
FGIIU,FG Imperii Acquisition Corp. Units,10.085,0.0,1801,Finance
KIO,KKR Income Opportunities Fund Common Shares,10.35,0.0,276649,Finance
NMI,Nuveen Municipal Income Fund Inc. Common Stock,9.29,0.0,49641,Finance
NML,Neuberger Energy Infrastructure and Income Fund Inc. Common Stock,10.03,0.0,88699,Finance
NMP,NMP Acquisition Corp. Class A Ordinary Shares,10.37,0.0,22157,Finance
LOVIU,Live Oak Acquisition Corp. VI Units,10.0,0.0,592888,Finance
LPBBW,Launch Two Acquisition Corp. Warrant,0.171,0.0,3738,Finance
JMM,Nuveen Multi-Market Income Fund (MA),5.58,0.0,16334,Finance
FMY,First Trust Mortgage Income Fund Common Shares of Beneficial Interest,11.07,0.0,1008,Finance
FGII,FG Imperii Acquisition Corp. Class A Ordinary Shares,10.02,0.0,210135,Finance
FPF,First Trust Intermediate Duration Preferred & Income Fund Common Shares of Beneficial Interest,15.86,0.0,145214,Finance
FSSL,FS Specialty Lending Fund Common Shares of Beneficial Interest,11.86,0.0,167232,Finance
NHIV,NewHold Investment Corp IV Class A Ordinary Shares,10.05,0.0,26,Finance
CEE,The Central and Eastern Europe Fund Inc. (The) Common Stock,18.12,0.0,4932,Finance
BREZR,Breeze Acquisition Corp. II Right,0.28,0.0,23559,Finance
BLZRW,Trailblazer Acquisition Corp. Warrant,0.3799,0.0,142,Finance
BSL,Blackstone Senior Floating Rate 2027 Term Fund Common Shares of Beneficial Interest,12.98,0.0,51418,Finance
MCAHU,Mountain Crest Acquisition 6 Corp. Units,10.2501,0.0,9,Finance
NEWTH,NewtekOne Inc. 8.625% Fixed Rate Senior Notes due 2029,25.21,0.0,4668,Finance
TWLVR,Twelve Seas Investment Company III Rights,0.1299,0.0,51,Finance
TWN,Taiwan Fund Inc. (The) Common Stock,104.29,0.0,17576,Finance
BRTM,B&R Technology Merger Corp. Class A Ordinary Shares,9.8,0.0,7,Finance
BRTMW,B&R Technology Merger Corp. Warrants,0.3066,0.0,207,Finance
BRW,Saba Capital Income & Opportunities Fund SBI,6.07,0.0,208018,Finance
GAINI,Gladstone Investment Corporation 7.875% Notes due 2030,25.47,0.0,21215,Finance
BWG,BrandywineGLOBAL Global Income Opportunities Fund Inc.,6.89,0.0,101203,Finance
CAIIW,Collective Acquisition Corp. II Warrants,0.16,0.0,906,Finance
KFII,K&F Growth Acquisition Corp. II Class A Ordinary shares,10.6805,0.0,125,Finance
KFIIU,K&F Growth Acquisition Corp. II Unit,10.7,0.0,117,Finance
JFR,Nuveen Floating Rate Income Fund Common Stock,7.35,0.0,1070556,Finance
JGH,Nuveen Global High Income Fund Common Shares of Beneficial Interest,11.59,0.0,83102,Finance
BTT,BlackRock Municipal 2030 Target Term Trust,21.94,0.0,57854,Finance
BUI,BlackRock Utility Infrastructure & Power Opportunities Trust,24.87,0.0,165670,Finance
BTO,John Hancock Financial Opportunities Fund Common Stock,36.01,0.0,53045,Finance
QQQX,Nuveen NASDAQ 100 Dynamic Overwrite Fund Shares of Beneficial Interest,30.68,0.0,79595,Finance
QSEA,Quartzsea Acquisition Corporation Ordinary Shares,10.695,0.0,15012,Finance
KEYY,Keystone Acquisition Corp. Class A Ordinary Shares,9.95,0.0,222,Finance
KF,Korea Fund Inc. (The) New Common Stock,68.82,0.0,8245,Finance
BOE,Blackrock Enhanced Global Dividend Trust Common Shares of Beneficial Interest,11.69,0.0,143717,Finance
CAES,Cantor Equity Partners VII Inc. Class A Ordinary Shares,10.05,0.0,16541,Finance
CAF,Morgan Stanley China A Share Fund Inc. Common Stock,17.69,0.0,8531,Finance
CAII,Collective Acquisition Corp. II Class A Ordinary Shares,10.01,0.0,25306,Finance
CAIIU,Collective Acquisition Corp. II Units,10.0501,0.0,1,Finance
BREZ,Breeze Acquisition Corp. II Ordinary Shares,10.06,0.0,7532,Finance
EVOX,Evolution Global Acquisition Corp Class A Ordinary Shares,10.13,0.0,13,Finance
EVOXW,Evolution Global Acquisition Corp Warrants,0.31,0.0,80,Finance
EVT,Eaton Vance Tax Advantaged Dividend Income Fund Common Shares of Beneficial Interest,27.78,0.0,150523,Finance
KKRT,KKR & Co. Inc. 6.875% Subordinated Notes due 2065,22.47,0.0,96008,Finance
TBCVU,Thunder Bridge Capital Partners V Ltd. Units,9.93,0.0,39000,Finance
FFC,Flaherty & Crumrine Preferred and Income Securities Fund Incorporated,14.94,0.0,122789,Finance
FDMM,Freedom Metals Acquisition Corp. Class A Ordinary Shares,9.82,0.0,19,Finance
FDMMW,Freedom Metals Acquisition Corp. Warrants,0.28,0.0,200,Finance
ERC,Allspring Multi-Sector Income Fund Common Stock,8.48,0.0,135792,Finance
RWAYI,Runway Growth Finance Corp. 7.25% Notes due 2031,24.425,0.0,9566,Finance
RREV,RRE Ventures Acquisition Corp. Class A Ordinary Shares,9.92,0.0,36,Finance
CGO,Calamos Global Total Return Fund Common Stock,12.685,0.0,24319,Finance
TEI,Templeton Emerging Markets Income Fund Inc. Common Stock,6.08,0.0,167776,Finance
TACH,Titan Acquisition Corp. Class A Ordinary Shares,10.54,0.0,58691,Finance
TACHW,Titan Acquisition Corp. Warrants,0.5544,0.0,354,Finance
TAVIU,Tavia Acquisition Corp. Unit,10.9,0.0,121,Finance
CICC,CION Investment Corporation 7.50% Notes due 2031,24.62,0.0,8416,Finance
CIK,UBS Asset Management Income Fund Inc. Common Stock,2.32,0.0,572791,Finance
EVV,Eaton Vance Limited Duration Income Fund Common Shares of Beneficial Interest,8.43,0.0,893109,Finance
EWAV,East West Ave Acquisition Corp. Common Stock,9.94,0.0,29982,Finance
EWAVR,East West Ave Acquisition Corp. Rights,0.1347,0.0,425,Finance
EWAVU,East West Ave Acquisition Corp. Units,10.05,0.0,5,Finance
EXG,Eaton Vance Tax-Managed Global Diversified Equity Income Fund Common Shares of Beneficial Interest,9.42,0.0,502989,Finance
SVIV,Spring Valley Acquisition Corp. IV Class A Ordinary Shares,10.09,0.0,171,Finance
SVIVU,Spring Valley Acquisition Corp. IV Units,10.55,0.0,8,Finance
SWZ,Total Return Securities Fund Common Stock,5.765,0.0,19461,Finance
SVAQ,Silicon Valley Acquisition Corp. Class A Ordinary Shares,10.13,0.0,17981,Finance
RTAC,Renatus Tactical Acquisition Corp I Class A Ordinary Shares,10.44,0.0,21396,Finance
SVAQW,Silicon Valley Acquisition Corp. Warrants,0.4499,0.0,1549,Finance
CHI,Calamos Convertible Opportunities and Income Fund Common Stock,11.57,0.0,189214,Finance
TAVI,Tavia Acquisition Corp. Ordinary Shares,10.77,0.0,169,Finance
CLM,Cornerstone Strategic Investment Fund Inc. Common Shares,6.38,0.0,1820042,Finance
FACTW,FACT II Acquisition Corp. Warrant,0.1815,0.0,180,Finance
FAX,abrdn Asia-Pacific Income Fund Inc. Common Stock,12.9,0.0,243534,Finance
RREVW,RRE Ventures Acquisition Corp. Warrants,0.4,0.0,1104,Finance
SVAQU,Silicon Valley Acquisition Corp. Units,10.48,0.0,6,Finance
CGCFU,Cartesian Growth Corporation IV Unit,9.9067,0.0,1,Finance
CGCFW,Cartesian Growth Corporation IV Warrants,0.3,0.0,10403,Finance
CHW,Calamos Global Dynamic Income Fund Common Stock,8.0,0.0,215056,Finance
SZZL,Sizzle Acquisition Corp. II Class A ordinary shares,10.48,0.0,125981,Finance
SZZLR,Sizzle Acquisition Corp. II Right,0.15,0.0,94076,Finance
THEO,BOA Acquisition Corp. II Class A Ordinary Shares,9.9,0.0,5206,Finance
THQ,abrdn Healthcare Opportunities Fund Shares of Beneficial Interest,17.78,0.0,176958,Finance
THW,abrdn World Healthcare Fund Shares of Beneficial Interest,12.35,0.0,148501,Finance
CCAQU,Collective Acquisition Corp. Units,10.68,0.0,10,Finance
KBONU,Karbon Capital Partners Corp. Units,10.3,0.0,1,Finance
FFA,First Trust Enhanced Equity Income Fund Common Shares of Beneficial Interest,22.21,0.0,48022,Finance
OCLT,OceanLight Acquisition Corporation Ordinary Shares,9.91,0.0,2614,Finance
OCLTU,OceanLight Acquisition Corporation Units,10.1341,0.0,330,Finance
CCAQ,Collective Acquisition Corp. Class A Ordinary Shares,10.69,0.0,13,Finance
SVCCU,Stellar V Capital Corp. Unit,10.8558,0.0,46,Finance
CCXI,Churchill Capital Corp XI Class A Ordinary Shares,11.99,0.0,2131532,Finance
CCXIU,Churchill Capital Corp XI Units,12.5,0.0,103,Finance
CGCF,Cartesian Growth Corporation IV Class A Ordinary Shares,9.815,0.0,212,Finance
LPAAU,Launch One Acquisition Corp. Unit,11.11,0.0,1106,Finance
NIM,Nuveen Select Maturities Municipal Fund Common Stock,8.75,0.0,27373,Finance
NKX,Nuveen California AMT-Free Quality Municipal Income Fund,10.53,0.0,561769,Finance
LWAC,LightWave Acquisition Corp. Class A Ordinary Shares,10.35,0.0,111,Finance
CHY,Calamos Convertible and High Income Fund Common Stock,11.72,0.0,172132,Finance
CEPF,Cantor Equity Partners IV Inc. Class A Ordinary Shares,10.27,0.0,105219,Finance
CEPO,Cantor Equity Partners I Inc. Class A Ordinary Shares,10.75,0.0,680896,Finance
CEPS,Cantor Equity Partners VI Inc. Class A Ordinary Shares,10.28,0.0,14835,Finance
TDF,Templeton Dragon Fund Inc. Common Stock,9.5,0.0,32649,Finance
TDWD,Tailwind 2.0 Acquisition Corp. Class A Ordinary Shares,10.14,0.0,16,Finance
TLNC,Talon Capital Corp. Class A Ordinary Shares,10.3,0.0,128,Finance
NMAI,Nuveen Multi-Asset Income Fund Common Shares of Beneficial Interest,14.26,0.0,80969,Finance
